sample_id,recording_group,signer_id,split,gold_status,gold,prediction,correct,score,baseline,seed
asl_citizen:45980993280809357-ABBREVIATE,asl_citizen:45980993280809357-ABBREVIATE,P15,test,GOLD_EXISTING_LEXICAL_OR_SENTENCE,0,0,1,0.9992018342018127,B03,2
asl_citizen:5283589351044176-ABBREVIATE,asl_citizen:5283589351044176-ABBREVIATE,P9,test,GOLD_EXISTING_LEXICAL_OR_SENTENCE,0,45,0,0.8816801905632019,B03,2
asl_citizen:9778015109909495-ABBREVIATE,asl_citizen:9778015109909495-ABBREVIATE,P42,test,GOLD_EXISTING_LEXICAL_OR_SENTENCE,0,172,0,0.9117593169212341,B03,2
asl_citizen:3126916427345261-ABBREVIATE,asl_citizen:3126916427345261-ABBREVIATE,P48,test,GOLD_EXISTING_LEXICAL_OR_SENTENCE,0,0,1,0.9910998940467834,B03,2
asl_citizen:4243943671256212-ABBREVIATE,asl_citizen:4243943671256212-ABBREVIATE,P22,test,GOLD_EXISTING_LEXICAL_OR_SENTENCE,0,45,0,0.703228771686554,B03,2
asl_citizen:46439447576422177-ABBREVIATE,asl_citizen:46439447576422177-ABBREVIATE,P47,test,GOLD_EXISTING_LEXICAL_OR_SENTENCE,0,0,1,0.9999904632568359,B03,2
asl_citizen:20970863889599456-ABBREVIATE,asl_citizen:20970863889599456-ABBREVIATE,P18,test,GOLD_EXISTING_LEXICAL_OR_SENTENCE,0,0,1,0.9942037463188171,B03,2
asl_citizen:48018767140953345-ABBREVIATE,asl_citizen:48018767140953345-ABBREVIATE,P35,test,GOLD_EXISTING_LEXICAL_OR_SENTENCE,0,0,1,0.9999998807907104,B03,2
asl_citizen:6814197298390192-ACCOUNTANT,asl_citizen:6814197298390192-ACCOUNTANT,P35,test,GOLD_EXISTING_LEXICAL_OR_SENTENCE,1,1,1,0.9999998807907104,B03,2
asl_citizen:826841392956869-ACCOUNTANT,asl_citizen:826841392956869-ACCOUNTANT,P47,test,GOLD_EXISTING_LEXICAL_OR_SENTENCE,1,1,1,0.9997202754020691,B03,2
asl_citizen:8430446432208341-ACCOUNTANT,asl_citizen:8430446432208341-ACCOUNTANT,P6,test,GOLD_EXISTING_LEXICAL_OR_SENTENCE,1,126,0,0.6211084127426147,B03,2
asl_citizen:661972801331969-ACCOUNTANT,asl_citizen:661972801331969-ACCOUNTANT,P35,test,GOLD_EXISTING_LEXICAL_OR_SENTENCE,1,1,1,0.9998897314071655,B03,2
asl_citizen:4936764223876715-ACCOUNTANT,asl_citizen:4936764223876715-ACCOUNTANT,P17,test,GOLD_EXISTING_LEXICAL_OR_SENTENCE,1,135,0,0.4825630187988281,B03,2
asl_citizen:572407310565471-ACCOUNTANT,asl_citizen:572407310565471-ACCOUNTANT,P18,test,GOLD_EXISTING_LEXICAL_OR_SENTENCE,1,1,1,0.9999599456787109,B03,2
asl_citizen:1500289916043709-ACCOUNTANT,asl_citizen:1500289916043709-ACCOUNTANT,P22,test,GOLD_EXISTING_LEXICAL_OR_SENTENCE,1,1,1,0.9937647581100464,B03,2
asl_citizen:4367002172710075-ACCOUNTANT,asl_citizen:4367002172710075-ACCOUNTANT,P9,test,GOLD_EXISTING_LEXICAL_OR_SENTENCE,1,1,1,0.43807169795036316,B03,2
asl_citizen:29921705550419175-ADVANTAGE,asl_citizen:29921705550419175-ADVANTAGE,P6,test,GOLD_EXISTING_LEXICAL_OR_SENTENCE,2,38,0,0.5263951420783997,B03,2
asl_citizen:4874146950243392-ADVANTAGE,asl_citizen:4874146950243392-ADVANTAGE,P49,test,GOLD_EXISTING_LEXICAL_OR_SENTENCE,2,2,1,0.9987940788269043,B03,2
asl_citizen:2842246784524669-ADVANTAGE,asl_citizen:2842246784524669-ADVANTAGE,P22,test,GOLD_EXISTING_LEXICAL_OR_SENTENCE,2,2,1,0.9990689158439636,B03,2
asl_citizen:8025096374663689-ADVANTAGE,asl_citizen:8025096374663689-ADVANTAGE,P42,test,GOLD_EXISTING_LEXICAL_OR_SENTENCE,2,2,1,0.9887344241142273,B03,2
asl_citizen:9693306524089746-ADVANTAGE,asl_citizen:9693306524089746-ADVANTAGE,P9,test,GOLD_EXISTING_LEXICAL_OR_SENTENCE,2,2,1,0.9983718991279602,B03,2
asl_citizen:8415508443939812-ADVANTAGE,asl_citizen:8415508443939812-ADVANTAGE,P18,test,GOLD_EXISTING_LEXICAL_OR_SENTENCE,2,2,1,0.992629885673523,B03,2
asl_citizen:7914674915609925-ADVANTAGE,asl_citizen:7914674915609925-ADVANTAGE,P17,test,GOLD_EXISTING_LEXICAL_OR_SENTENCE,2,2,1,0.5788635611534119,B03,2
asl_citizen:7414933199770992-ADVANTAGE,asl_citizen:7414933199770992-ADVANTAGE,P47,test,GOLD_EXISTING_LEXICAL_OR_SENTENCE,2,2,1,0.9899157881736755,B03,2
asl_citizen:23777351543576053-AGAIN,asl_citizen:23777351543576053-AGAIN,P48,test,GOLD_EXISTING_LEXICAL_OR_SENTENCE,3,3,1,0.9973088502883911,B03,2
asl_citizen:40995728871512394-AGAIN,asl_citizen:40995728871512394-AGAIN,P42,test,GOLD_EXISTING_LEXICAL_OR_SENTENCE,3,3,1,0.9998332262039185,B03,2
asl_citizen:6271715526397399-AGAIN,asl_citizen:6271715526397399-AGAIN,P17,test,GOLD_EXISTING_LEXICAL_OR_SENTENCE,3,145,0,0.9957103729248047,B03,2
asl_citizen:916944292262917-AGAIN,asl_citizen:916944292262917-AGAIN,P22,test,GOLD_EXISTING_LEXICAL_OR_SENTENCE,3,131,0,0.7989685535430908,B03,2
asl_citizen:16798754221947831-AGAIN,asl_citizen:16798754221947831-AGAIN,P15,test,GOLD_EXISTING_LEXICAL_OR_SENTENCE,3,3,1,0.999984860420227,B03,2
asl_citizen:023787576451673953-AGAIN,asl_citizen:023787576451673953-AGAIN,P49,test,GOLD_EXISTING_LEXICAL_OR_SENTENCE,3,3,1,0.9999769926071167,B03,2
asl_citizen:9059301553642072-AGAIN,asl_citizen:9059301553642072-AGAIN,P9,test,GOLD_EXISTING_LEXICAL_OR_SENTENCE,3,2,0,0.4828557074069977,B03,2
asl_citizen:11794226320729084-AGAIN,asl_citizen:11794226320729084-AGAIN,P18,test,GOLD_EXISTING_LEXICAL_OR_SENTENCE,3,3,1,0.9999790191650391,B03,2
asl_citizen:5699019995816961-ALL,asl_citizen:5699019995816961-ALL,P48,test,GOLD_EXISTING_LEXICAL_OR_SENTENCE,4,4,1,0.8103694319725037,B03,2
asl_citizen:8790279150116067-ALL,asl_citizen:8790279150116067-ALL,P15,test,GOLD_EXISTING_LEXICAL_OR_SENTENCE,4,4,1,0.999450147151947,B03,2
asl_citizen:14271576596096258-ALL,asl_citizen:14271576596096258-ALL,P47,test,GOLD_EXISTING_LEXICAL_OR_SENTENCE,4,4,1,0.8992061614990234,B03,2
asl_citizen:6345921613868126-ALL,asl_citizen:6345921613868126-ALL,P17,test,GOLD_EXISTING_LEXICAL_OR_SENTENCE,4,89,0,0.8710092902183533,B03,2
asl_citizen:40507215869597446-ALL,asl_citizen:40507215869597446-ALL,P35,test,GOLD_EXISTING_LEXICAL_OR_SENTENCE,4,4,1,0.9918244481086731,B03,2
asl_citizen:05901009748897512-ALL,asl_citizen:05901009748897512-ALL,P42,test,GOLD_EXISTING_LEXICAL_OR_SENTENCE,4,4,1,0.9995427131652832,B03,2
asl_citizen:926861907005698-ALL,asl_citizen:926861907005698-ALL,P22,test,GOLD_EXISTING_LEXICAL_OR_SENTENCE,4,86,0,0.7986438274383545,B03,2
asl_citizen:8622188011930683-ALL,asl_citizen:8622188011930683-ALL,P6,test,GOLD_EXISTING_LEXICAL_OR_SENTENCE,4,4,1,0.9803711175918579,B03,2
asl_citizen:09342170613573075-APRIL,asl_citizen:09342170613573075-APRIL,P48,test,GOLD_EXISTING_LEXICAL_OR_SENTENCE,5,5,1,0.9999939203262329,B03,2
asl_citizen:48699657059171453-APRIL,asl_citizen:48699657059171453-APRIL,P47,test,GOLD_EXISTING_LEXICAL_OR_SENTENCE,5,5,1,0.9999997615814209,B03,2
asl_citizen:4056232817127601-APRIL,asl_citizen:4056232817127601-APRIL,P9,test,GOLD_EXISTING_LEXICAL_OR_SENTENCE,5,5,1,0.9999985694885254,B03,2
asl_citizen:3710366030253349-APRIL,asl_citizen:3710366030253349-APRIL,P6,test,GOLD_EXISTING_LEXICAL_OR_SENTENCE,5,5,1,0.9806190729141235,B03,2
asl_citizen:6119197197708666-APRIL,asl_citizen:6119197197708666-APRIL,P35,test,GOLD_EXISTING_LEXICAL_OR_SENTENCE,5,196,0,0.42399826645851135,B03,2
asl_citizen:29403411159180814-APRIL,asl_citizen:29403411159180814-APRIL,P49,test,GOLD_EXISTING_LEXICAL_OR_SENTENCE,5,5,1,0.9999992847442627,B03,2
asl_citizen:45498123525694534-APRIL,asl_citizen:45498123525694534-APRIL,P22,test,GOLD_EXISTING_LEXICAL_OR_SENTENCE,5,5,1,0.999911904335022,B03,2
asl_citizen:037040307113561655-APRIL,asl_citizen:037040307113561655-APRIL,P42,test,GOLD_EXISTING_LEXICAL_OR_SENTENCE,5,5,1,0.999998927116394,B03,2
asl_citizen:3498673920766573-ARREST 3,asl_citizen:3498673920766573-ARREST 3,P18,test,GOLD_EXISTING_LEXICAL_OR_SENTENCE,6,6,1,0.9999909400939941,B03,2
asl_citizen:33663367792029497-ARREST 3,asl_citizen:33663367792029497-ARREST 3,P35,test,GOLD_EXISTING_LEXICAL_OR_SENTENCE,6,6,1,1.0,B03,2
asl_citizen:9515099463796044-ARREST 3,asl_citizen:9515099463796044-ARREST 3,P9,test,GOLD_EXISTING_LEXICAL_OR_SENTENCE,6,6,1,0.99114990234375,B03,2
asl_citizen:6472255600745414-ARREST 3,asl_citizen:6472255600745414-ARREST 3,P15,test,GOLD_EXISTING_LEXICAL_OR_SENTENCE,6,6,1,0.9998788833618164,B03,2
asl_citizen:2986243666527464-ARREST 3,asl_citizen:2986243666527464-ARREST 3,P48,test,GOLD_EXISTING_LEXICAL_OR_SENTENCE,6,6,1,0.9999178647994995,B03,2
asl_citizen:4623483856020305-ARREST 3,asl_citizen:4623483856020305-ARREST 3,P49,test,GOLD_EXISTING_LEXICAL_OR_SENTENCE,6,6,1,0.9999912977218628,B03,2
asl_citizen:8664370020897636-ARREST 3,asl_citizen:8664370020897636-ARREST 3,P47,test,GOLD_EXISTING_LEXICAL_OR_SENTENCE,6,6,1,0.9946717619895935,B03,2
asl_citizen:41761667366739585-ARREST 3,asl_citizen:41761667366739585-ARREST 3,P42,test,GOLD_EXISTING_LEXICAL_OR_SENTENCE,6,6,1,0.9891144037246704,B03,2
asl_citizen:17597114212490883-ASK,asl_citizen:17597114212490883-ASK,P42,test,GOLD_EXISTING_LEXICAL_OR_SENTENCE,7,7,1,0.999998927116394,B03,2
asl_citizen:6754054426478515-ASK,asl_citizen:6754054426478515-ASK,P47,test,GOLD_EXISTING_LEXICAL_OR_SENTENCE,7,7,1,0.9998950958251953,B03,2
asl_citizen:375964197411883-ASK,asl_citizen:375964197411883-ASK,P6,test,GOLD_EXISTING_LEXICAL_OR_SENTENCE,7,7,1,0.9995428323745728,B03,2
asl_citizen:8926729576160704-ASK,asl_citizen:8926729576160704-ASK,P18,test,GOLD_EXISTING_LEXICAL_OR_SENTENCE,7,7,1,0.999998927116394,B03,2
asl_citizen:5976950094284144-ASK,asl_citizen:5976950094284144-ASK,P17,test,GOLD_EXISTING_LEXICAL_OR_SENTENCE,7,7,1,0.9999271631240845,B03,2
asl_citizen:7989597695584512-ASK,asl_citizen:7989597695584512-ASK,P15,test,GOLD_EXISTING_LEXICAL_OR_SENTENCE,7,99,0,0.6176704168319702,B03,2
asl_citizen:5187180924403598-ASK,asl_citizen:5187180924403598-ASK,P35,test,GOLD_EXISTING_LEXICAL_OR_SENTENCE,7,7,1,0.9999996423721313,B03,2
asl_citizen:32589649401310283-ASK,asl_citizen:32589649401310283-ASK,P49,test,GOLD_EXISTING_LEXICAL_OR_SENTENCE,7,7,1,1.0,B03,2
asl_citizen:4344488363060912-BALL,asl_citizen:4344488363060912-BALL,P17,test,GOLD_EXISTING_LEXICAL_OR_SENTENCE,8,8,1,0.9999997615814209,B03,2
asl_citizen:6633450467674022-BALL,asl_citizen:6633450467674022-BALL,P17,test,GOLD_EXISTING_LEXICAL_OR_SENTENCE,8,8,1,1.0,B03,2
asl_citizen:1598405566222576-BALL,asl_citizen:1598405566222576-BALL,P9,test,GOLD_EXISTING_LEXICAL_OR_SENTENCE,8,8,1,0.999997615814209,B03,2
asl_citizen:2543941341529852-BALL,asl_citizen:2543941341529852-BALL,P22,test,GOLD_EXISTING_LEXICAL_OR_SENTENCE,8,8,1,1.0,B03,2
asl_citizen:5124593672960627-BALL,asl_citizen:5124593672960627-BALL,P15,test,GOLD_EXISTING_LEXICAL_OR_SENTENCE,8,8,1,0.9999818801879883,B03,2
asl_citizen:2899102483752909-BALL,asl_citizen:2899102483752909-BALL,P6,test,GOLD_EXISTING_LEXICAL_OR_SENTENCE,8,8,1,0.9999518394470215,B03,2
asl_citizen:23746635240974534-BALL,asl_citizen:23746635240974534-BALL,P35,test,GOLD_EXISTING_LEXICAL_OR_SENTENCE,8,8,1,1.0,B03,2
asl_citizen:5977427146335326-BALL,asl_citizen:5977427146335326-BALL,P42,test,GOLD_EXISTING_LEXICAL_OR_SENTENCE,8,8,1,1.0,B03,2
asl_citizen:549196424730944-BANK,asl_citizen:549196424730944-BANK,P9,test,GOLD_EXISTING_LEXICAL_OR_SENTENCE,9,9,1,0.8947969079017639,B03,2
asl_citizen:2582906950708326-BANK,asl_citizen:2582906950708326-BANK,P15,test,GOLD_EXISTING_LEXICAL_OR_SENTENCE,9,9,1,0.9588450193405151,B03,2
asl_citizen:005459098435778076-BANK,asl_citizen:005459098435778076-BANK,P22,test,GOLD_EXISTING_LEXICAL_OR_SENTENCE,9,9,1,0.9999998807907104,B03,2
asl_citizen:8326105348503952-BANK,asl_citizen:8326105348503952-BANK,P17,test,GOLD_EXISTING_LEXICAL_OR_SENTENCE,9,9,1,0.7729765772819519,B03,2
asl_citizen:8532462591349732-BANK,asl_citizen:8532462591349732-BANK,P47,test,GOLD_EXISTING_LEXICAL_OR_SENTENCE,9,9,1,0.9972457885742188,B03,2
asl_citizen:44271644851478054-BANK,asl_citizen:44271644851478054-BANK,P42,test,GOLD_EXISTING_LEXICAL_OR_SENTENCE,9,9,1,0.9993263483047485,B03,2
asl_citizen:5778886468255948-BANK,asl_citizen:5778886468255948-BANK,P49,test,GOLD_EXISTING_LEXICAL_OR_SENTENCE,9,149,0,0.7880293726921082,B03,2
asl_citizen:6766382204103578-BANK,asl_citizen:6766382204103578-BANK,P6,test,GOLD_EXISTING_LEXICAL_OR_SENTENCE,9,120,0,0.5611222982406616,B03,2
asl_citizen:8606689824558562-BEDROOM,asl_citizen:8606689824558562-BEDROOM,P42,test,GOLD_EXISTING_LEXICAL_OR_SENTENCE,10,10,1,0.9941692352294922,B03,2
asl_citizen:717955427433185-BEDROOM,asl_citizen:717955427433185-BEDROOM,P49,test,GOLD_EXISTING_LEXICAL_OR_SENTENCE,10,10,1,1.0,B03,2
asl_citizen:9355466119753539-BEDROOM,asl_citizen:9355466119753539-BEDROOM,P15,test,GOLD_EXISTING_LEXICAL_OR_SENTENCE,10,10,1,0.9999991655349731,B03,2
asl_citizen:9483880207030069-BEDROOM,asl_citizen:9483880207030069-BEDROOM,P47,test,GOLD_EXISTING_LEXICAL_OR_SENTENCE,10,10,1,0.9999885559082031,B03,2
asl_citizen:4909580955968704-BEDROOM,asl_citizen:4909580955968704-BEDROOM,P6,test,GOLD_EXISTING_LEXICAL_OR_SENTENCE,10,10,1,0.9999866485595703,B03,2
asl_citizen:16201647939654906-BEDROOM,asl_citizen:16201647939654906-BEDROOM,P17,test,GOLD_EXISTING_LEXICAL_OR_SENTENCE,10,10,1,0.9999222755432129,B03,2
asl_citizen:6398357285466825-BEDROOM,asl_citizen:6398357285466825-BEDROOM,P9,test,GOLD_EXISTING_LEXICAL_OR_SENTENCE,10,10,1,0.9999951124191284,B03,2
asl_citizen:532633297898772-BEDROOM,asl_citizen:532633297898772-BEDROOM,P22,test,GOLD_EXISTING_LEXICAL_OR_SENTENCE,10,195,0,0.8798648118972778,B03,2
asl_citizen:621774538662446-BITE,asl_citizen:621774538662446-BITE,P49,test,GOLD_EXISTING_LEXICAL_OR_SENTENCE,11,11,1,0.9849971532821655,B03,2
asl_citizen:5847209256499839-BITE,asl_citizen:5847209256499839-BITE,P35,test,GOLD_EXISTING_LEXICAL_OR_SENTENCE,11,196,0,0.9900439977645874,B03,2
asl_citizen:6414342540777798-BITE,asl_citizen:6414342540777798-BITE,P42,test,GOLD_EXISTING_LEXICAL_OR_SENTENCE,11,11,1,0.9992839694023132,B03,2
asl_citizen:7602627316216253-BITE,asl_citizen:7602627316216253-BITE,P9,test,GOLD_EXISTING_LEXICAL_OR_SENTENCE,11,196,0,0.571560800075531,B03,2
asl_citizen:9492151554510415-BITE,asl_citizen:9492151554510415-BITE,P48,test,GOLD_EXISTING_LEXICAL_OR_SENTENCE,11,182,0,0.8784428238868713,B03,2
asl_citizen:07934406900594504-BITE,asl_citizen:07934406900594504-BITE,P35,test,GOLD_EXISTING_LEXICAL_OR_SENTENCE,11,18,0,0.8458108305931091,B03,2
asl_citizen:6369165146385125-BITE,asl_citizen:6369165146385125-BITE,P17,test,GOLD_EXISTING_LEXICAL_OR_SENTENCE,11,11,1,0.998939573764801,B03,2
asl_citizen:47018728424793843-BITE,asl_citizen:47018728424793843-BITE,P47,test,GOLD_EXISTING_LEXICAL_OR_SENTENCE,11,11,1,0.9309850335121155,B03,2
asl_citizen:7275098259327448-BLOW CANDLE_2,asl_citizen:7275098259327448-BLOW CANDLE_2,P47,test,GOLD_EXISTING_LEXICAL_OR_SENTENCE,12,12,1,0.9999998807907104,B03,2
asl_citizen:21665994553057621-BLOW CANDLE_2,asl_citizen:21665994553057621-BLOW CANDLE_2,P6,test,GOLD_EXISTING_LEXICAL_OR_SENTENCE,12,99,0,0.9755817651748657,B03,2
asl_citizen:8925073101084446-BLOW CANDLE_2,asl_citizen:8925073101084446-BLOW CANDLE_2,P42,test,GOLD_EXISTING_LEXICAL_OR_SENTENCE,12,99,0,0.8122748732566833,B03,2
asl_citizen:15681826924584508-BLOW CANDLE_2,asl_citizen:15681826924584508-BLOW CANDLE_2,P17,test,GOLD_EXISTING_LEXICAL_OR_SENTENCE,12,42,0,0.8936628103256226,B03,2
asl_citizen:8379347582469792-BLOW CANDLE_2,asl_citizen:8379347582469792-BLOW CANDLE_2,P49,test,GOLD_EXISTING_LEXICAL_OR_SENTENCE,12,99,0,0.9999966621398926,B03,2
asl_citizen:412725439462448-BLOW CANDLE_2,asl_citizen:412725439462448-BLOW CANDLE_2,P48,test,GOLD_EXISTING_LEXICAL_OR_SENTENCE,12,99,0,0.9982274174690247,B03,2
asl_citizen:517320186641052-BLOW CANDLE_2,asl_citizen:517320186641052-BLOW CANDLE_2,P22,test,GOLD_EXISTING_LEXICAL_OR_SENTENCE,12,99,0,0.9858001470565796,B03,2
asl_citizen:3745596366786186-BLOW CANDLE_2,asl_citizen:3745596366786186-BLOW CANDLE_2,P18,test,GOLD_EXISTING_LEXICAL_OR_SENTENCE,12,12,1,0.9999953508377075,B03,2
asl_citizen:27276752894820944-BOIL,asl_citizen:27276752894820944-BOIL,P49,test,GOLD_EXISTING_LEXICAL_OR_SENTENCE,13,13,1,1.0,B03,2
asl_citizen:6595287135146255-BOIL,asl_citizen:6595287135146255-BOIL,P42,test,GOLD_EXISTING_LEXICAL_OR_SENTENCE,13,13,1,1.0,B03,2
asl_citizen:32058532627535197-BOIL,asl_citizen:32058532627535197-BOIL,P18,test,GOLD_EXISTING_LEXICAL_OR_SENTENCE,13,13,1,0.9999953508377075,B03,2
asl_citizen:9352965810590708-BOIL,asl_citizen:9352965810590708-BOIL,P22,test,GOLD_EXISTING_LEXICAL_OR_SENTENCE,13,13,1,0.9975869655609131,B03,2
asl_citizen:0570319703381732-BOIL,asl_citizen:0570319703381732-BOIL,P6,test,GOLD_EXISTING_LEXICAL_OR_SENTENCE,13,13,1,0.9999963045120239,B03,2
asl_citizen:7130889839565913-BOIL,asl_citizen:7130889839565913-BOIL,P48,test,GOLD_EXISTING_LEXICAL_OR_SENTENCE,13,13,1,0.9999933242797852,B03,2
asl_citizen:39544595991627407-BOIL,asl_citizen:39544595991627407-BOIL,P15,test,GOLD_EXISTING_LEXICAL_OR_SENTENCE,13,13,1,0.9998971223831177,B03,2
asl_citizen:5531572245815393-BOIL,asl_citizen:5531572245815393-BOIL,P22,test,GOLD_EXISTING_LEXICAL_OR_SENTENCE,13,13,1,1.0,B03,2
asl_citizen:22677466456199014-BOOTS,asl_citizen:22677466456199014-BOOTS,P15,test,GOLD_EXISTING_LEXICAL_OR_SENTENCE,14,14,1,0.9999991655349731,B03,2
asl_citizen:5026615446569762-BOOTS,asl_citizen:5026615446569762-BOOTS,P47,test,GOLD_EXISTING_LEXICAL_OR_SENTENCE,14,14,1,0.9999978542327881,B03,2
asl_citizen:13674032513972945-BOOTS,asl_citizen:13674032513972945-BOOTS,P35,test,GOLD_EXISTING_LEXICAL_OR_SENTENCE,14,14,1,1.0,B03,2
asl_citizen:14162532662557892-BOOTS,asl_citizen:14162532662557892-BOOTS,P6,test,GOLD_EXISTING_LEXICAL_OR_SENTENCE,14,14,1,0.9999994039535522,B03,2
asl_citizen:7125113979541049-BOOTS,asl_citizen:7125113979541049-BOOTS,P17,test,GOLD_EXISTING_LEXICAL_OR_SENTENCE,14,14,1,0.9999912977218628,B03,2
asl_citizen:8721584672154532-BOOTS,asl_citizen:8721584672154532-BOOTS,P17,test,GOLD_EXISTING_LEXICAL_OR_SENTENCE,14,14,1,0.9999985694885254,B03,2
asl_citizen:5579135289958872-BOOTS,asl_citizen:5579135289958872-BOOTS,P42,test,GOLD_EXISTING_LEXICAL_OR_SENTENCE,14,14,1,0.9999997615814209,B03,2
asl_citizen:8746981102018425-BOOTS,asl_citizen:8746981102018425-BOOTS,P49,test,GOLD_EXISTING_LEXICAL_OR_SENTENCE,14,14,1,0.9999998807907104,B03,2
asl_citizen:6359605839912268-BUBBLES,asl_citizen:6359605839912268-BUBBLES,P22,test,GOLD_EXISTING_LEXICAL_OR_SENTENCE,15,15,1,0.9998838901519775,B03,2
asl_citizen:191722109193168-BUBBLES,asl_citizen:191722109193168-BUBBLES,P17,test,GOLD_EXISTING_LEXICAL_OR_SENTENCE,15,15,1,0.9981598258018494,B03,2
asl_citizen:9298123349761758-BUBBLES,asl_citizen:9298123349761758-BUBBLES,P47,test,GOLD_EXISTING_LEXICAL_OR_SENTENCE,15,15,1,0.9997449517250061,B03,2
asl_citizen:8152528515041348-BUBBLES,asl_citizen:8152528515041348-BUBBLES,P9,test,GOLD_EXISTING_LEXICAL_OR_SENTENCE,15,104,0,0.43892550468444824,B03,2
asl_citizen:4477753410256695-BUBBLES,asl_citizen:4477753410256695-BUBBLES,P15,test,GOLD_EXISTING_LEXICAL_OR_SENTENCE,15,33,0,0.6312605142593384,B03,2
asl_citizen:8958372029817201-BUBBLES,asl_citizen:8958372029817201-BUBBLES,P35,test,GOLD_EXISTING_LEXICAL_OR_SENTENCE,15,15,1,0.8630218505859375,B03,2
asl_citizen:25284167549462677-BUBBLES,asl_citizen:25284167549462677-BUBBLES,P6,test,GOLD_EXISTING_LEXICAL_OR_SENTENCE,15,15,1,0.9450319409370422,B03,2
asl_citizen:3549418566401099-BUBBLES,asl_citizen:3549418566401099-BUBBLES,P18,test,GOLD_EXISTING_LEXICAL_OR_SENTENCE,15,15,1,0.9899903535842896,B03,2
asl_citizen:820084302221151-BULL,asl_citizen:820084302221151-BULL,P48,test,GOLD_EXISTING_LEXICAL_OR_SENTENCE,16,16,1,1.0,B03,2
asl_citizen:049246275493112224-BULL,asl_citizen:049246275493112224-BULL,P6,test,GOLD_EXISTING_LEXICAL_OR_SENTENCE,16,16,1,1.0,B03,2
asl_citizen:26332991609482725-BULL,asl_citizen:26332991609482725-BULL,P18,test,GOLD_EXISTING_LEXICAL_OR_SENTENCE,16,16,1,0.8972103595733643,B03,2
asl_citizen:23899693527664345-BULL,asl_citizen:23899693527664345-BULL,P17,test,GOLD_EXISTING_LEXICAL_OR_SENTENCE,16,16,1,1.0,B03,2
asl_citizen:08065373633074802-BULL,asl_citizen:08065373633074802-BULL,P49,test,GOLD_EXISTING_LEXICAL_OR_SENTENCE,16,16,1,0.9997430443763733,B03,2
asl_citizen:6502992831454479-BULL,asl_citizen:6502992831454479-BULL,P9,test,GOLD_EXISTING_LEXICAL_OR_SENTENCE,16,16,1,0.9999696016311646,B03,2
asl_citizen:17011086869772996-BULL,asl_citizen:17011086869772996-BULL,P47,test,GOLD_EXISTING_LEXICAL_OR_SENTENCE,16,16,1,1.0,B03,2
asl_citizen:7843795518321164-BULL,asl_citizen:7843795518321164-BULL,P22,test,GOLD_EXISTING_LEXICAL_OR_SENTENCE,16,16,1,1.0,B03,2
asl_citizen:10079985187781215-BUN,asl_citizen:10079985187781215-BUN,P48,test,GOLD_EXISTING_LEXICAL_OR_SENTENCE,17,17,1,0.9956315755844116,B03,2
asl_citizen:7141846353753423-BUN,asl_citizen:7141846353753423-BUN,P47,test,GOLD_EXISTING_LEXICAL_OR_SENTENCE,17,17,1,0.9999958276748657,B03,2
asl_citizen:31657641095611466-BUN,asl_citizen:31657641095611466-BUN,P42,test,GOLD_EXISTING_LEXICAL_OR_SENTENCE,17,17,1,1.0,B03,2
asl_citizen:058398931617168914-BUN,asl_citizen:058398931617168914-BUN,P17,test,GOLD_EXISTING_LEXICAL_OR_SENTENCE,17,173,0,0.6146124601364136,B03,2
asl_citizen:63133167165681-BUN,asl_citizen:63133167165681-BUN,P9,test,GOLD_EXISTING_LEXICAL_OR_SENTENCE,17,17,1,0.9999227523803711,B03,2
asl_citizen:1614966703172378-BUN,asl_citizen:1614966703172378-BUN,P18,test,GOLD_EXISTING_LEXICAL_OR_SENTENCE,17,17,1,0.9999949932098389,B03,2
asl_citizen:21042629354295284-BUN,asl_citizen:21042629354295284-BUN,P6,test,GOLD_EXISTING_LEXICAL_OR_SENTENCE,17,17,1,0.8838542699813843,B03,2
asl_citizen:7380062868964739-BUN,asl_citizen:7380062868964739-BUN,P15,test,GOLD_EXISTING_LEXICAL_OR_SENTENCE,17,17,1,0.9934248924255371,B03,2
asl_citizen:30913421926998064-CAKE,asl_citizen:30913421926998064-CAKE,P48,test,GOLD_EXISTING_LEXICAL_OR_SENTENCE,18,18,1,0.9998792409896851,B03,2
asl_citizen:6233032187329319-CAKE,asl_citizen:6233032187329319-CAKE,P9,test,GOLD_EXISTING_LEXICAL_OR_SENTENCE,18,18,1,0.6827512383460999,B03,2
asl_citizen:9928980956844513-CAKE,asl_citizen:9928980956844513-CAKE,P17,test,GOLD_EXISTING_LEXICAL_OR_SENTENCE,18,18,1,0.8096728920936584,B03,2
asl_citizen:5271006014534543-CAKE,asl_citizen:5271006014534543-CAKE,P22,test,GOLD_EXISTING_LEXICAL_OR_SENTENCE,18,18,1,0.8666952252388,B03,2
asl_citizen:9315782717362171-CAKE,asl_citizen:9315782717362171-CAKE,P15,test,GOLD_EXISTING_LEXICAL_OR_SENTENCE,18,18,1,0.9999982118606567,B03,2
asl_citizen:5109724328307228-CAKE,asl_citizen:5109724328307228-CAKE,P35,test,GOLD_EXISTING_LEXICAL_OR_SENTENCE,18,18,1,0.9999998807907104,B03,2
asl_citizen:6765137668516614-CAKE,asl_citizen:6765137668516614-CAKE,P18,test,GOLD_EXISTING_LEXICAL_OR_SENTENCE,18,18,1,0.99980229139328,B03,2
asl_citizen:11618946787608664-CAKE,asl_citizen:11618946787608664-CAKE,P47,test,GOLD_EXISTING_LEXICAL_OR_SENTENCE,18,18,1,0.9952384233474731,B03,2
asl_citizen:8326083675883345-CAPE,asl_citizen:8326083675883345-CAPE,P35,test,GOLD_EXISTING_LEXICAL_OR_SENTENCE,19,19,1,0.9999994039535522,B03,2
asl_citizen:5584968787559905-CAPE,asl_citizen:5584968787559905-CAPE,P47,test,GOLD_EXISTING_LEXICAL_OR_SENTENCE,19,19,1,0.9995341300964355,B03,2
asl_citizen:8614129742651941-CAPE,asl_citizen:8614129742651941-CAPE,P18,test,GOLD_EXISTING_LEXICAL_OR_SENTENCE,19,19,1,0.9999712705612183,B03,2
asl_citizen:1522839054008891-CAPE,asl_citizen:1522839054008891-CAPE,P22,test,GOLD_EXISTING_LEXICAL_OR_SENTENCE,19,19,1,1.0,B03,2
asl_citizen:4322211934472928-CAPE,asl_citizen:4322211934472928-CAPE,P48,test,GOLD_EXISTING_LEXICAL_OR_SENTENCE,19,19,1,0.9959242343902588,B03,2
asl_citizen:7492155827826377-CAPE,asl_citizen:7492155827826377-CAPE,P9,test,GOLD_EXISTING_LEXICAL_OR_SENTENCE,19,19,1,0.9995893836021423,B03,2
asl_citizen:9050983696160242-CAPE,asl_citizen:9050983696160242-CAPE,P6,test,GOLD_EXISTING_LEXICAL_OR_SENTENCE,19,19,1,0.999996542930603,B03,2
asl_citizen:14326985061875686-CAPE,asl_citizen:14326985061875686-CAPE,P42,test,GOLD_EXISTING_LEXICAL_OR_SENTENCE,19,19,1,1.0,B03,2
asl_citizen:7904901627638738-CARROT 2,asl_citizen:7904901627638738-CARROT 2,P47,test,GOLD_EXISTING_LEXICAL_OR_SENTENCE,20,20,1,0.9445069432258606,B03,2
asl_citizen:08534086019845089-CARROT 2,asl_citizen:08534086019845089-CARROT 2,P22,test,GOLD_EXISTING_LEXICAL_OR_SENTENCE,20,120,0,0.4953252077102661,B03,2
asl_citizen:6098674383569929-CARROT 2,asl_citizen:6098674383569929-CARROT 2,P9,test,GOLD_EXISTING_LEXICAL_OR_SENTENCE,20,20,1,0.9997789263725281,B03,2
asl_citizen:413362145586478-CARROT 2,asl_citizen:413362145586478-CARROT 2,P48,test,GOLD_EXISTING_LEXICAL_OR_SENTENCE,20,20,1,0.9947170615196228,B03,2
asl_citizen:44493173697993127-CARROT 2,asl_citizen:44493173697993127-CARROT 2,P42,test,GOLD_EXISTING_LEXICAL_OR_SENTENCE,20,20,1,0.9999990463256836,B03,2
asl_citizen:012139717157638064-CARROT 2,asl_citizen:012139717157638064-CARROT 2,P18,test,GOLD_EXISTING_LEXICAL_OR_SENTENCE,20,20,1,0.999987006187439,B03,2
asl_citizen:05649193343091641-CARROT 2,asl_citizen:05649193343091641-CARROT 2,P15,test,GOLD_EXISTING_LEXICAL_OR_SENTENCE,20,20,1,0.9997387528419495,B03,2
asl_citizen:7760637104521355-CARROT 2,asl_citizen:7760637104521355-CARROT 2,P17,test,GOLD_EXISTING_LEXICAL_OR_SENTENCE,20,20,1,0.9012243747711182,B03,2
asl_citizen:3609986388063575-CAUSE,asl_citizen:3609986388063575-CAUSE,P35,test,GOLD_EXISTING_LEXICAL_OR_SENTENCE,21,21,1,0.9792503118515015,B03,2
asl_citizen:45036742781960815-CAUSE,asl_citizen:45036742781960815-CAUSE,P9,test,GOLD_EXISTING_LEXICAL_OR_SENTENCE,21,21,1,0.9984240531921387,B03,2
asl_citizen:041791626910966384-CAUSE,asl_citizen:041791626910966384-CAUSE,P17,test,GOLD_EXISTING_LEXICAL_OR_SENTENCE,21,149,0,0.8208566904067993,B03,2
asl_citizen:24377942882474857-CAUSE,asl_citizen:24377942882474857-CAUSE,P15,test,GOLD_EXISTING_LEXICAL_OR_SENTENCE,21,21,1,0.9992743134498596,B03,2
asl_citizen:9781132259160135-CAUSE,asl_citizen:9781132259160135-CAUSE,P18,test,GOLD_EXISTING_LEXICAL_OR_SENTENCE,21,21,1,0.9998914003372192,B03,2
asl_citizen:6281144612368519-CAUSE,asl_citizen:6281144612368519-CAUSE,P22,test,GOLD_EXISTING_LEXICAL_OR_SENTENCE,21,21,1,0.9999995231628418,B03,2
asl_citizen:5758854895959542-CAUSE,asl_citizen:5758854895959542-CAUSE,P42,test,GOLD_EXISTING_LEXICAL_OR_SENTENCE,21,21,1,0.999595582485199,B03,2
asl_citizen:5578433871272797-CAUSE,asl_citizen:5578433871272797-CAUSE,P48,test,GOLD_EXISTING_LEXICAL_OR_SENTENCE,21,21,1,0.9971931576728821,B03,2
asl_citizen:27209873325437006-CEREAL,asl_citizen:27209873325437006-CEREAL,P35,test,GOLD_EXISTING_LEXICAL_OR_SENTENCE,22,22,1,0.9955917000770569,B03,2
asl_citizen:4249025771898469-CEREAL,asl_citizen:4249025771898469-CEREAL,P49,test,GOLD_EXISTING_LEXICAL_OR_SENTENCE,22,49,0,0.9555224180221558,B03,2
asl_citizen:17525686363330384-CEREAL,asl_citizen:17525686363330384-CEREAL,P42,test,GOLD_EXISTING_LEXICAL_OR_SENTENCE,22,22,1,0.8230754733085632,B03,2
asl_citizen:3011734609522634-CEREAL,asl_citizen:3011734609522634-CEREAL,P48,test,GOLD_EXISTING_LEXICAL_OR_SENTENCE,22,111,0,0.9787248969078064,B03,2
asl_citizen:263137447131514-CEREAL,asl_citizen:263137447131514-CEREAL,P18,test,GOLD_EXISTING_LEXICAL_OR_SENTENCE,22,22,1,0.9992340803146362,B03,2
asl_citizen:08365513789167056-CEREAL,asl_citizen:08365513789167056-CEREAL,P15,test,GOLD_EXISTING_LEXICAL_OR_SENTENCE,22,4,0,0.9098225235939026,B03,2
asl_citizen:35176136543803715-CEREAL,asl_citizen:35176136543803715-CEREAL,P17,test,GOLD_EXISTING_LEXICAL_OR_SENTENCE,22,22,1,0.9999456405639648,B03,2
asl_citizen:25617566016520144-CEREAL,asl_citizen:25617566016520144-CEREAL,P22,test,GOLD_EXISTING_LEXICAL_OR_SENTENCE,22,22,1,0.7182462811470032,B03,2
asl_citizen:24402194664298138-CERTIFICATE,asl_citizen:24402194664298138-CERTIFICATE,P35,test,GOLD_EXISTING_LEXICAL_OR_SENTENCE,23,23,1,1.0,B03,2
asl_citizen:8130283725011924-CERTIFICATE,asl_citizen:8130283725011924-CERTIFICATE,P35,test,GOLD_EXISTING_LEXICAL_OR_SENTENCE,23,23,1,1.0,B03,2
asl_citizen:43612684917597-CERTIFICATE,asl_citizen:43612684917597-CERTIFICATE,P15,test,GOLD_EXISTING_LEXICAL_OR_SENTENCE,23,23,1,0.9999556541442871,B03,2
asl_citizen:5270656415335608-CERTIFICATE,asl_citizen:5270656415335608-CERTIFICATE,P47,test,GOLD_EXISTING_LEXICAL_OR_SENTENCE,23,23,1,0.9999327659606934,B03,2
asl_citizen:4655100403774468-CERTIFICATE,asl_citizen:4655100403774468-CERTIFICATE,P17,test,GOLD_EXISTING_LEXICAL_OR_SENTENCE,23,23,1,1.0,B03,2
asl_citizen:003308486619603368-CERTIFICATE,asl_citizen:003308486619603368-CERTIFICATE,P22,test,GOLD_EXISTING_LEXICAL_OR_SENTENCE,23,23,1,0.9999997615814209,B03,2
asl_citizen:19544164515033535-CERTIFICATE,asl_citizen:19544164515033535-CERTIFICATE,P48,test,GOLD_EXISTING_LEXICAL_OR_SENTENCE,23,23,1,0.9999984502792358,B03,2
asl_citizen:24476780704972878-CERTIFICATE,asl_citizen:24476780704972878-CERTIFICATE,P49,test,GOLD_EXISTING_LEXICAL_OR_SENTENCE,23,23,1,0.9834385514259338,B03,2
asl_citizen:5274212110709813-CHEEK,asl_citizen:5274212110709813-CHEEK,P17,test,GOLD_EXISTING_LEXICAL_OR_SENTENCE,24,24,1,0.9884890913963318,B03,2
asl_citizen:1276420379859602-CHEEK,asl_citizen:1276420379859602-CHEEK,P18,test,GOLD_EXISTING_LEXICAL_OR_SENTENCE,24,24,1,0.9969751834869385,B03,2
asl_citizen:6417613431345404-CHEEK,asl_citizen:6417613431345404-CHEEK,P48,test,GOLD_EXISTING_LEXICAL_OR_SENTENCE,24,186,0,0.6672837734222412,B03,2
asl_citizen:871492835507548-CHEEK,asl_citizen:871492835507548-CHEEK,P49,test,GOLD_EXISTING_LEXICAL_OR_SENTENCE,24,24,1,0.9973161816596985,B03,2
asl_citizen:4387438322401891-CHEEK,asl_citizen:4387438322401891-CHEEK,P47,test,GOLD_EXISTING_LEXICAL_OR_SENTENCE,24,24,1,0.9999867677688599,B03,2
asl_citizen:9654296103105799-CHEEK,asl_citizen:9654296103105799-CHEEK,P35,test,GOLD_EXISTING_LEXICAL_OR_SENTENCE,24,24,1,0.8808054327964783,B03,2
asl_citizen:028495375833406555-CHEEK,asl_citizen:028495375833406555-CHEEK,P15,test,GOLD_EXISTING_LEXICAL_OR_SENTENCE,24,24,1,0.9993190765380859,B03,2
asl_citizen:5240585169048262-CHEEK,asl_citizen:5240585169048262-CHEEK,P9,test,GOLD_EXISTING_LEXICAL_OR_SENTENCE,24,24,1,0.5022502541542053,B03,2
asl_citizen:7902958071330217-CHEESE GRATER,asl_citizen:7902958071330217-CHEESE GRATER,P17,test,GOLD_EXISTING_LEXICAL_OR_SENTENCE,25,25,1,0.9299274682998657,B03,2
asl_citizen:2820444224020271-CHEESE GRATER,asl_citizen:2820444224020271-CHEESE GRATER,P49,test,GOLD_EXISTING_LEXICAL_OR_SENTENCE,25,25,1,0.9995114803314209,B03,2
asl_citizen:35781885230783694-CHEESE GRATER,asl_citizen:35781885230783694-CHEESE GRATER,P9,test,GOLD_EXISTING_LEXICAL_OR_SENTENCE,25,25,1,0.9981204867362976,B03,2
asl_citizen:04125584598262866-CHEESE GRATER,asl_citizen:04125584598262866-CHEESE GRATER,P47,test,GOLD_EXISTING_LEXICAL_OR_SENTENCE,25,25,1,0.996565043926239,B03,2
asl_citizen:910107238080224-CHEESE GRATER,asl_citizen:910107238080224-CHEESE GRATER,P22,test,GOLD_EXISTING_LEXICAL_OR_SENTENCE,25,25,1,0.9922255277633667,B03,2
asl_citizen:6130841323450544-CHEESE GRATER,asl_citizen:6130841323450544-CHEESE GRATER,P48,test,GOLD_EXISTING_LEXICAL_OR_SENTENCE,25,89,0,0.9982581734657288,B03,2
asl_citizen:2631942203458184-CHEESE GRATER,asl_citizen:2631942203458184-CHEESE GRATER,P18,test,GOLD_EXISTING_LEXICAL_OR_SENTENCE,25,25,1,0.9999983310699463,B03,2
asl_citizen:23887793850909178-CHEESE GRATER,asl_citizen:23887793850909178-CHEESE GRATER,P42,test,GOLD_EXISTING_LEXICAL_OR_SENTENCE,25,147,0,0.8667930364608765,B03,2
asl_citizen:016520259998072273-CHEW 1,asl_citizen:016520259998072273-CHEW 1,P18,test,GOLD_EXISTING_LEXICAL_OR_SENTENCE,26,26,1,0.9999079704284668,B03,2
asl_citizen:40707551490420535-CHEW 1,asl_citizen:40707551490420535-CHEW 1,P42,test,GOLD_EXISTING_LEXICAL_OR_SENTENCE,26,26,1,0.9999343156814575,B03,2
asl_citizen:9384132099938827-CHEW 1,asl_citizen:9384132099938827-CHEW 1,P49,test,GOLD_EXISTING_LEXICAL_OR_SENTENCE,26,26,1,0.996380627155304,B03,2
asl_citizen:44092597435079806-CHEW 1,asl_citizen:44092597435079806-CHEW 1,P22,test,GOLD_EXISTING_LEXICAL_OR_SENTENCE,26,26,1,0.9970507621765137,B03,2
asl_citizen:8590654228637811-CHEW 1,asl_citizen:8590654228637811-CHEW 1,P6,test,GOLD_EXISTING_LEXICAL_OR_SENTENCE,26,81,0,0.9875128865242004,B03,2
asl_citizen:2906103734534655-CHEW 1,asl_citizen:2906103734534655-CHEW 1,P17,test,GOLD_EXISTING_LEXICAL_OR_SENTENCE,26,26,1,0.9999799728393555,B03,2
asl_citizen:24341288821381601-CHEW 1,asl_citizen:24341288821381601-CHEW 1,P47,test,GOLD_EXISTING_LEXICAL_OR_SENTENCE,26,26,1,0.999570906162262,B03,2
asl_citizen:42954035938307666-CHEW 1,asl_citizen:42954035938307666-CHEW 1,P35,test,GOLD_EXISTING_LEXICAL_OR_SENTENCE,26,26,1,0.9999998807907104,B03,2
asl_citizen:8179782143151055-CHURN,asl_citizen:8179782143151055-CHURN,P18,test,GOLD_EXISTING_LEXICAL_OR_SENTENCE,27,27,1,0.9998365640640259,B03,2
asl_citizen:8120566066273938-CHURN,asl_citizen:8120566066273938-CHURN,P47,test,GOLD_EXISTING_LEXICAL_OR_SENTENCE,27,188,0,0.8128839731216431,B03,2
asl_citizen:22536400773023613-CHURN,asl_citizen:22536400773023613-CHURN,P42,test,GOLD_EXISTING_LEXICAL_OR_SENTENCE,27,27,1,0.9993057250976562,B03,2
asl_citizen:9803817792251945-CHURN,asl_citizen:9803817792251945-CHURN,P22,test,GOLD_EXISTING_LEXICAL_OR_SENTENCE,27,27,1,0.8168537020683289,B03,2
asl_citizen:1561063158166085-CHURN,asl_citizen:1561063158166085-CHURN,P35,test,GOLD_EXISTING_LEXICAL_OR_SENTENCE,27,188,0,0.9055192470550537,B03,2
asl_citizen:8304274678676038-CHURN,asl_citizen:8304274678676038-CHURN,P49,test,GOLD_EXISTING_LEXICAL_OR_SENTENCE,27,27,1,0.9723199605941772,B03,2
asl_citizen:8921137456348354-CHURN,asl_citizen:8921137456348354-CHURN,P48,test,GOLD_EXISTING_LEXICAL_OR_SENTENCE,27,188,0,0.5602403283119202,B03,2
asl_citizen:8509655945525334-CHURN,asl_citizen:8509655945525334-CHURN,P15,test,GOLD_EXISTING_LEXICAL_OR_SENTENCE,27,27,1,0.9997387528419495,B03,2
asl_citizen:517945828072724-CIRCUSWHEEL,asl_citizen:517945828072724-CIRCUSWHEEL,P15,test,GOLD_EXISTING_LEXICAL_OR_SENTENCE,28,28,1,0.9837692379951477,B03,2
asl_citizen:23200266231570033-CIRCUSWHEEL,asl_citizen:23200266231570033-CIRCUSWHEEL,P35,test,GOLD_EXISTING_LEXICAL_OR_SENTENCE,28,28,1,0.9969727993011475,B03,2
asl_citizen:6542981676540034-CIRCUSWHEEL,asl_citizen:6542981676540034-CIRCUSWHEEL,P47,test,GOLD_EXISTING_LEXICAL_OR_SENTENCE,28,28,1,0.9987277388572693,B03,2
asl_citizen:5982656946251841-CIRCUSWHEEL,asl_citizen:5982656946251841-CIRCUSWHEEL,P48,test,GOLD_EXISTING_LEXICAL_OR_SENTENCE,28,28,1,0.5841530561447144,B03,2
asl_citizen:7771489268934204-CIRCUSWHEEL,asl_citizen:7771489268934204-CIRCUSWHEEL,P49,test,GOLD_EXISTING_LEXICAL_OR_SENTENCE,28,28,1,0.9987239241600037,B03,2
asl_citizen:4888565597437038-CIRCUSWHEEL,asl_citizen:4888565597437038-CIRCUSWHEEL,P15,test,GOLD_EXISTING_LEXICAL_OR_SENTENCE,28,28,1,0.9995213747024536,B03,2
asl_citizen:33880288807202885-CIRCUSWHEEL,asl_citizen:33880288807202885-CIRCUSWHEEL,P9,test,GOLD_EXISTING_LEXICAL_OR_SENTENCE,28,28,1,1.0,B03,2
asl_citizen:905060739104464-CIRCUSWHEEL,asl_citizen:905060739104464-CIRCUSWHEEL,P22,test,GOLD_EXISTING_LEXICAL_OR_SENTENCE,28,28,1,0.6115584373474121,B03,2
asl_citizen:695427596361849-CLAUSE,asl_citizen:695427596361849-CLAUSE,P22,test,GOLD_EXISTING_LEXICAL_OR_SENTENCE,29,29,1,1.0,B03,2
asl_citizen:13534997307596663-CLAUSE,asl_citizen:13534997307596663-CLAUSE,P47,test,GOLD_EXISTING_LEXICAL_OR_SENTENCE,29,29,1,0.9999842643737793,B03,2
asl_citizen:30308179649612454-CLAUSE,asl_citizen:30308179649612454-CLAUSE,P17,test,GOLD_EXISTING_LEXICAL_OR_SENTENCE,29,29,1,0.9999998807907104,B03,2
asl_citizen:9555906568597852-CLAUSE,asl_citizen:9555906568597852-CLAUSE,P15,test,GOLD_EXISTING_LEXICAL_OR_SENTENCE,29,29,1,0.9999094009399414,B03,2
asl_citizen:2829337445416813-CLAUSE,asl_citizen:2829337445416813-CLAUSE,P6,test,GOLD_EXISTING_LEXICAL_OR_SENTENCE,29,29,1,0.9999841451644897,B03,2
asl_citizen:1767124542091516-CLAUSE,asl_citizen:1767124542091516-CLAUSE,P49,test,GOLD_EXISTING_LEXICAL_OR_SENTENCE,29,29,1,1.0,B03,2
asl_citizen:6920193169990707-CLAUSE,asl_citizen:6920193169990707-CLAUSE,P6,test,GOLD_EXISTING_LEXICAL_OR_SENTENCE,29,29,1,0.9991316199302673,B03,2
asl_citizen:9437580287721425-CLAUSE,asl_citizen:9437580287721425-CLAUSE,P48,test,GOLD_EXISTING_LEXICAL_OR_SENTENCE,29,29,1,0.9999954700469971,B03,2
asl_citizen:35522148352517346-CLOUD 4,asl_citizen:35522148352517346-CLOUD 4,P15,test,GOLD_EXISTING_LEXICAL_OR_SENTENCE,30,30,1,0.9996405839920044,B03,2
asl_citizen:841856614542758-CLOUD 4,asl_citizen:841856614542758-CLOUD 4,P49,test,GOLD_EXISTING_LEXICAL_OR_SENTENCE,30,30,1,0.9999986886978149,B03,2
asl_citizen:04191446918346475-CLOUD 4,asl_citizen:04191446918346475-CLOUD 4,P22,test,GOLD_EXISTING_LEXICAL_OR_SENTENCE,30,30,1,0.9999998807907104,B03,2
asl_citizen:3764304277142856-CLOUD 4,asl_citizen:3764304277142856-CLOUD 4,P18,test,GOLD_EXISTING_LEXICAL_OR_SENTENCE,30,30,1,0.9999998807907104,B03,2
asl_citizen:17285969818214442-CLOUD 4,asl_citizen:17285969818214442-CLOUD 4,P9,test,GOLD_EXISTING_LEXICAL_OR_SENTENCE,30,30,1,0.9995607733726501,B03,2
asl_citizen:1046401228542222-CLOUD 4,asl_citizen:1046401228542222-CLOUD 4,P6,test,GOLD_EXISTING_LEXICAL_OR_SENTENCE,30,30,1,0.9999313354492188,B03,2
asl_citizen:28820089218315137-CLOUD 4,asl_citizen:28820089218315137-CLOUD 4,P15,test,GOLD_EXISTING_LEXICAL_OR_SENTENCE,30,30,1,0.9999845027923584,B03,2
asl_citizen:10972365731203082-CLOUD 4,asl_citizen:10972365731203082-CLOUD 4,P17,test,GOLD_EXISTING_LEXICAL_OR_SENTENCE,30,30,1,0.9999995231628418,B03,2
asl_citizen:8546055141402078-COINS,asl_citizen:8546055141402078-COINS,P42,test,GOLD_EXISTING_LEXICAL_OR_SENTENCE,31,31,1,0.9961501359939575,B03,2
asl_citizen:1717721401808805-COINS,asl_citizen:1717721401808805-COINS,P49,test,GOLD_EXISTING_LEXICAL_OR_SENTENCE,31,31,1,0.9987841248512268,B03,2
asl_citizen:3397704842602376-COINS,asl_citizen:3397704842602376-COINS,P48,test,GOLD_EXISTING_LEXICAL_OR_SENTENCE,31,31,1,0.7558260560035706,B03,2
asl_citizen:10188876196683094-COINS,asl_citizen:10188876196683094-COINS,P9,test,GOLD_EXISTING_LEXICAL_OR_SENTENCE,31,57,0,0.4037889242172241,B03,2
asl_citizen:347217905865262-COINS,asl_citizen:347217905865262-COINS,P49,test,GOLD_EXISTING_LEXICAL_OR_SENTENCE,31,31,1,0.987239420413971,B03,2
asl_citizen:7809728710828288-COINS,asl_citizen:7809728710828288-COINS,P15,test,GOLD_EXISTING_LEXICAL_OR_SENTENCE,31,31,1,0.9999537467956543,B03,2
asl_citizen:7316629916824233-COINS,asl_citizen:7316629916824233-COINS,P6,test,GOLD_EXISTING_LEXICAL_OR_SENTENCE,31,28,0,0.8802624344825745,B03,2
asl_citizen:7070564983067709-COINS,asl_citizen:7070564983067709-COINS,P35,test,GOLD_EXISTING_LEXICAL_OR_SENTENCE,31,31,1,0.9999793767929077,B03,2
asl_citizen:43465593353899346-COME HERE,asl_citizen:43465593353899346-COME HERE,P6,test,GOLD_EXISTING_LEXICAL_OR_SENTENCE,32,158,0,0.999993085861206,B03,2
asl_citizen:6762488178921731-COME HERE,asl_citizen:6762488178921731-COME HERE,P6,test,GOLD_EXISTING_LEXICAL_OR_SENTENCE,32,53,0,0.9971480965614319,B03,2
asl_citizen:6742546281006112-COME HERE,asl_citizen:6742546281006112-COME HERE,P48,test,GOLD_EXISTING_LEXICAL_OR_SENTENCE,32,123,0,0.9992726445198059,B03,2
asl_citizen:7586512560063088-COME HERE,asl_citizen:7586512560063088-COME HERE,P42,test,GOLD_EXISTING_LEXICAL_OR_SENTENCE,32,32,1,0.9999840259552002,B03,2
asl_citizen:8399316048555681-COME HERE,asl_citizen:8399316048555681-COME HERE,P49,test,GOLD_EXISTING_LEXICAL_OR_SENTENCE,32,123,0,0.9999797344207764,B03,2
asl_citizen:5896522962536301-COME HERE,asl_citizen:5896522962536301-COME HERE,P22,test,GOLD_EXISTING_LEXICAL_OR_SENTENCE,32,123,0,0.9668428301811218,B03,2
asl_citizen:36676421453236063-COME HERE,asl_citizen:36676421453236063-COME HERE,P18,test,GOLD_EXISTING_LEXICAL_OR_SENTENCE,32,32,1,0.9999978542327881,B03,2
asl_citizen:2986413960093939-COME HERE,asl_citizen:2986413960093939-COME HERE,P9,test,GOLD_EXISTING_LEXICAL_OR_SENTENCE,32,32,1,0.4669918417930603,B03,2
asl_citizen:9529780784044839-COMFORTABLE,asl_citizen:9529780784044839-COMFORTABLE,P15,test,GOLD_EXISTING_LEXICAL_OR_SENTENCE,33,33,1,0.9389408230781555,B03,2
asl_citizen:7888264321260077-COMFORTABLE,asl_citizen:7888264321260077-COMFORTABLE,P42,test,GOLD_EXISTING_LEXICAL_OR_SENTENCE,33,33,1,0.9999735355377197,B03,2
asl_citizen:05311656717579627-COMFORTABLE,asl_citizen:05311656717579627-COMFORTABLE,P9,test,GOLD_EXISTING_LEXICAL_OR_SENTENCE,33,33,1,0.7327640056610107,B03,2
asl_citizen:6338334832078081-COMFORTABLE,asl_citizen:6338334832078081-COMFORTABLE,P17,test,GOLD_EXISTING_LEXICAL_OR_SENTENCE,33,106,0,0.5031761527061462,B03,2
asl_citizen:21551632716516034-COMFORTABLE,asl_citizen:21551632716516034-COMFORTABLE,P22,test,GOLD_EXISTING_LEXICAL_OR_SENTENCE,33,33,1,0.9993115663528442,B03,2
asl_citizen:9443362606305203-COMFORTABLE,asl_citizen:9443362606305203-COMFORTABLE,P6,test,GOLD_EXISTING_LEXICAL_OR_SENTENCE,33,33,1,0.5293154120445251,B03,2
asl_citizen:9627037454056087-COMFORTABLE,asl_citizen:9627037454056087-COMFORTABLE,P47,test,GOLD_EXISTING_LEXICAL_OR_SENTENCE,33,33,1,0.9948776960372925,B03,2
asl_citizen:3422942530472397-COMFORTABLE,asl_citizen:3422942530472397-COMFORTABLE,P49,test,GOLD_EXISTING_LEXICAL_OR_SENTENCE,33,33,1,0.9856077432632446,B03,2
asl_citizen:7454997844279365-CONVINCE,asl_citizen:7454997844279365-CONVINCE,P49,test,GOLD_EXISTING_LEXICAL_OR_SENTENCE,34,34,1,1.0,B03,2
asl_citizen:025213524562938794-CONVINCE,asl_citizen:025213524562938794-CONVINCE,P18,test,GOLD_EXISTING_LEXICAL_OR_SENTENCE,34,34,1,0.9999902248382568,B03,2
asl_citizen:7697607890624658-CONVINCE,asl_citizen:7697607890624658-CONVINCE,P17,test,GOLD_EXISTING_LEXICAL_OR_SENTENCE,34,103,0,0.7835206389427185,B03,2
asl_citizen:8984605495912987-CONVINCE,asl_citizen:8984605495912987-CONVINCE,P15,test,GOLD_EXISTING_LEXICAL_OR_SENTENCE,34,34,1,0.9999996423721313,B03,2
asl_citizen:8410058823000932-CONVINCE,asl_citizen:8410058823000932-CONVINCE,P18,test,GOLD_EXISTING_LEXICAL_OR_SENTENCE,34,34,1,0.9999979734420776,B03,2
asl_citizen:47532772286976366-CONVINCE,asl_citizen:47532772286976366-CONVINCE,P6,test,GOLD_EXISTING_LEXICAL_OR_SENTENCE,34,93,0,0.9991500377655029,B03,2
asl_citizen:9435214601469297-CONVINCE,asl_citizen:9435214601469297-CONVINCE,P47,test,GOLD_EXISTING_LEXICAL_OR_SENTENCE,34,34,1,0.9999533891677856,B03,2
asl_citizen:9547739378800184-CONVINCE,asl_citizen:9547739378800184-CONVINCE,P9,test,GOLD_EXISTING_LEXICAL_OR_SENTENCE,34,127,0,0.5314834713935852,B03,2
asl_citizen:05791738577676808-COOKIE,asl_citizen:05791738577676808-COOKIE,P35,test,GOLD_EXISTING_LEXICAL_OR_SENTENCE,35,18,0,0.999914288520813,B03,2
asl_citizen:5696598052261024-COOKIE,asl_citizen:5696598052261024-COOKIE,P49,test,GOLD_EXISTING_LEXICAL_OR_SENTENCE,35,35,1,0.999882698059082,B03,2
asl_citizen:4211909682375219-COOKIE,asl_citizen:4211909682375219-COOKIE,P6,test,GOLD_EXISTING_LEXICAL_OR_SENTENCE,35,170,0,0.481107622385025,B03,2
asl_citizen:6727106667328284-COOKIE,asl_citizen:6727106667328284-COOKIE,P9,test,GOLD_EXISTING_LEXICAL_OR_SENTENCE,35,18,0,0.4533395767211914,B03,2
asl_citizen:9945760945131519-COOKIE,asl_citizen:9945760945131519-COOKIE,P17,test,GOLD_EXISTING_LEXICAL_OR_SENTENCE,35,170,0,0.946191668510437,B03,2
asl_citizen:4423494271155266-COOKIE,asl_citizen:4423494271155266-COOKIE,P47,test,GOLD_EXISTING_LEXICAL_OR_SENTENCE,35,35,1,0.9450509548187256,B03,2
asl_citizen:8616693559712005-COOKIE,asl_citizen:8616693559712005-COOKIE,P42,test,GOLD_EXISTING_LEXICAL_OR_SENTENCE,35,18,0,0.9999977350234985,B03,2
asl_citizen:36045951028564516-COOKIE,asl_citizen:36045951028564516-COOKIE,P48,test,GOLD_EXISTING_LEXICAL_OR_SENTENCE,35,18,0,0.5591048002243042,B03,2
asl_citizen:546916865186261-CORN 3,asl_citizen:546916865186261-CORN 3,P6,test,GOLD_EXISTING_LEXICAL_OR_SENTENCE,36,36,1,0.9999992847442627,B03,2
asl_citizen:7653146961920794-CORN 3,asl_citizen:7653146961920794-CORN 3,P15,test,GOLD_EXISTING_LEXICAL_OR_SENTENCE,36,22,0,0.4642740786075592,B03,2
asl_citizen:9061028348105911-CORN 3,asl_citizen:9061028348105911-CORN 3,P22,test,GOLD_EXISTING_LEXICAL_OR_SENTENCE,36,100,0,0.9909125566482544,B03,2
asl_citizen:7132337589347257-CORN 3,asl_citizen:7132337589347257-CORN 3,P47,test,GOLD_EXISTING_LEXICAL_OR_SENTENCE,36,36,1,0.9999854564666748,B03,2
asl_citizen:2551820935400537-CORN 3,asl_citizen:2551820935400537-CORN 3,P18,test,GOLD_EXISTING_LEXICAL_OR_SENTENCE,36,36,1,0.991797924041748,B03,2
asl_citizen:35226222530776363-CORN 3,asl_citizen:35226222530776363-CORN 3,P48,test,GOLD_EXISTING_LEXICAL_OR_SENTENCE,36,36,1,0.8761855959892273,B03,2
asl_citizen:4152492198860762-CORN 3,asl_citizen:4152492198860762-CORN 3,P9,test,GOLD_EXISTING_LEXICAL_OR_SENTENCE,36,36,1,0.9988846182823181,B03,2
asl_citizen:9598865051280174-CORN 3,asl_citizen:9598865051280174-CORN 3,P35,test,GOLD_EXISTING_LEXICAL_OR_SENTENCE,36,36,1,1.0,B03,2
asl_citizen:41178562520918804-CROSS 2,asl_citizen:41178562520918804-CROSS 2,P18,test,GOLD_EXISTING_LEXICAL_OR_SENTENCE,37,37,1,1.0,B03,2
asl_citizen:35494017369148145-CROSS 2,asl_citizen:35494017369148145-CROSS 2,P15,test,GOLD_EXISTING_LEXICAL_OR_SENTENCE,37,37,1,0.9999847412109375,B03,2
asl_citizen:1921329002496006-CROSS 2,asl_citizen:1921329002496006-CROSS 2,P48,test,GOLD_EXISTING_LEXICAL_OR_SENTENCE,37,37,1,0.999914288520813,B03,2
asl_citizen:850080984855919-CROSS 2,asl_citizen:850080984855919-CROSS 2,P17,test,GOLD_EXISTING_LEXICAL_OR_SENTENCE,37,58,0,0.4151008129119873,B03,2
asl_citizen:2514447760767491-CROSS 2,asl_citizen:2514447760767491-CROSS 2,P9,test,GOLD_EXISTING_LEXICAL_OR_SENTENCE,37,89,0,0.9964511394500732,B03,2
asl_citizen:27273684048017666-CROSS 2,asl_citizen:27273684048017666-CROSS 2,P35,test,GOLD_EXISTING_LEXICAL_OR_SENTENCE,37,37,1,0.5019393563270569,B03,2
asl_citizen:13789873303622358-CROSS 2,asl_citizen:13789873303622358-CROSS 2,P22,test,GOLD_EXISTING_LEXICAL_OR_SENTENCE,37,37,1,0.999930739402771,B03,2
asl_citizen:36638486317021024-CROSS 2,asl_citizen:36638486317021024-CROSS 2,P6,test,GOLD_EXISTING_LEXICAL_OR_SENTENCE,37,55,0,0.6972370147705078,B03,2
asl_citizen:7740012758634425-CURTSEY 2,asl_citizen:7740012758634425-CURTSEY 2,P22,test,GOLD_EXISTING_LEXICAL_OR_SENTENCE,38,18,0,0.8412952423095703,B03,2
asl_citizen:4016075530679275-CURTSEY 2,asl_citizen:4016075530679275-CURTSEY 2,P48,test,GOLD_EXISTING_LEXICAL_OR_SENTENCE,38,38,1,0.9960744380950928,B03,2
asl_citizen:08697549130833249-CURTSEY 2,asl_citizen:08697549130833249-CURTSEY 2,P17,test,GOLD_EXISTING_LEXICAL_OR_SENTENCE,38,17,0,0.9435259699821472,B03,2
asl_citizen:4058272327458856-CURTSEY 2,asl_citizen:4058272327458856-CURTSEY 2,P42,test,GOLD_EXISTING_LEXICAL_OR_SENTENCE,38,38,1,0.9997588992118835,B03,2
asl_citizen:9600475696810875-CURTSEY 2,asl_citizen:9600475696810875-CURTSEY 2,P6,test,GOLD_EXISTING_LEXICAL_OR_SENTENCE,38,18,0,0.9481683969497681,B03,2
asl_citizen:6409124360469198-CURTSEY 2,asl_citizen:6409124360469198-CURTSEY 2,P18,test,GOLD_EXISTING_LEXICAL_OR_SENTENCE,38,38,1,0.99812251329422,B03,2
asl_citizen:131636294054444-CURTSEY 2,asl_citizen:131636294054444-CURTSEY 2,P35,test,GOLD_EXISTING_LEXICAL_OR_SENTENCE,38,38,1,0.9999997615814209,B03,2
asl_citizen:08564626037791156-CURTSEY 2,asl_citizen:08564626037791156-CURTSEY 2,P47,test,GOLD_EXISTING_LEXICAL_OR_SENTENCE,38,38,1,0.9997103810310364,B03,2
asl_citizen:4298430360542438-CURTSEY 1,asl_citizen:4298430360542438-CURTSEY 1,P42,test,GOLD_EXISTING_LEXICAL_OR_SENTENCE,39,39,1,0.9999983310699463,B03,2
asl_citizen:12471897096667339-CURTSEY 1,asl_citizen:12471897096667339-CURTSEY 1,P22,test,GOLD_EXISTING_LEXICAL_OR_SENTENCE,39,39,1,0.996907651424408,B03,2
asl_citizen:041546918969012525-CURTSEY 1,asl_citizen:041546918969012525-CURTSEY 1,P9,test,GOLD_EXISTING_LEXICAL_OR_SENTENCE,39,39,1,0.999998927116394,B03,2
asl_citizen:44035142435498287-CURTSEY 1,asl_citizen:44035142435498287-CURTSEY 1,P49,test,GOLD_EXISTING_LEXICAL_OR_SENTENCE,39,39,1,1.0,B03,2
asl_citizen:7557149689846145-CURTSEY 1,asl_citizen:7557149689846145-CURTSEY 1,P42,test,GOLD_EXISTING_LEXICAL_OR_SENTENCE,39,39,1,1.0,B03,2
asl_citizen:656628674642048-CURTSEY 1,asl_citizen:656628674642048-CURTSEY 1,P6,test,GOLD_EXISTING_LEXICAL_OR_SENTENCE,39,39,1,0.9999706745147705,B03,2
asl_citizen:9575004908513354-CURTSEY 1,asl_citizen:9575004908513354-CURTSEY 1,P18,test,GOLD_EXISTING_LEXICAL_OR_SENTENCE,39,39,1,1.0,B03,2
asl_citizen:9420725128931253-CURTSEY 1,asl_citizen:9420725128931253-CURTSEY 1,P48,test,GOLD_EXISTING_LEXICAL_OR_SENTENCE,39,39,1,0.9997326731681824,B03,2
asl_citizen:7764407168011447-DANCER,asl_citizen:7764407168011447-DANCER,P17,test,GOLD_EXISTING_LEXICAL_OR_SENTENCE,40,112,0,0.4592430889606476,B03,2
asl_citizen:4373824274522664-DANCER,asl_citizen:4373824274522664-DANCER,P18,test,GOLD_EXISTING_LEXICAL_OR_SENTENCE,40,40,1,0.9999990463256836,B03,2
asl_citizen:20813440712519538-DANCER,asl_citizen:20813440712519538-DANCER,P48,test,GOLD_EXISTING_LEXICAL_OR_SENTENCE,40,40,1,0.9993171691894531,B03,2
asl_citizen:29792791854014156-DANCER,asl_citizen:29792791854014156-DANCER,P22,test,GOLD_EXISTING_LEXICAL_OR_SENTENCE,40,40,1,0.9999939203262329,B03,2
asl_citizen:3492710761221747-DANCER,asl_citizen:3492710761221747-DANCER,P6,test,GOLD_EXISTING_LEXICAL_OR_SENTENCE,40,40,1,0.9247518181800842,B03,2
asl_citizen:5766434484176026-DANCER,asl_citizen:5766434484176026-DANCER,P9,test,GOLD_EXISTING_LEXICAL_OR_SENTENCE,40,40,1,0.9487617611885071,B03,2
asl_citizen:7835871024785799-DANCER,asl_citizen:7835871024785799-DANCER,P15,test,GOLD_EXISTING_LEXICAL_OR_SENTENCE,40,40,1,0.9999958276748657,B03,2
asl_citizen:1703737248609971-DANCER,asl_citizen:1703737248609971-DANCER,P42,test,GOLD_EXISTING_LEXICAL_OR_SENTENCE,40,40,1,0.9778724312782288,B03,2
asl_citizen:08726146864495243-DENTIST,asl_citizen:08726146864495243-DENTIST,P48,test,GOLD_EXISTING_LEXICAL_OR_SENTENCE,41,41,1,0.9999686479568481,B03,2
asl_citizen:5019797191499862-DENTIST,asl_citizen:5019797191499862-DENTIST,P22,test,GOLD_EXISTING_LEXICAL_OR_SENTENCE,41,41,1,1.0,B03,2
asl_citizen:24625771680497088-DENTIST,asl_citizen:24625771680497088-DENTIST,P15,test,GOLD_EXISTING_LEXICAL_OR_SENTENCE,41,41,1,0.9971916079521179,B03,2
asl_citizen:059903520041906466-DENTIST,asl_citizen:059903520041906466-DENTIST,P9,test,GOLD_EXISTING_LEXICAL_OR_SENTENCE,41,72,0,0.5049600601196289,B03,2
asl_citizen:0963890365490514-DENTIST,asl_citizen:0963890365490514-DENTIST,P6,test,GOLD_EXISTING_LEXICAL_OR_SENTENCE,41,41,1,0.9999998807907104,B03,2
asl_citizen:2904251953296175-DENTIST,asl_citizen:2904251953296175-DENTIST,P42,test,GOLD_EXISTING_LEXICAL_OR_SENTENCE,41,41,1,0.9999998807907104,B03,2
asl_citizen:5681304528842461-DENTIST,asl_citizen:5681304528842461-DENTIST,P42,test,GOLD_EXISTING_LEXICAL_OR_SENTENCE,41,41,1,1.0,B03,2
asl_citizen:8599984313952511-DENTIST,asl_citizen:8599984313952511-DENTIST,P18,test,GOLD_EXISTING_LEXICAL_OR_SENTENCE,41,41,1,0.9999996423721313,B03,2
asl_citizen:48570714821161354-DIFFERENT SITUATION,asl_citizen:48570714821161354-DIFFERENT SITUATION,P17,test,GOLD_EXISTING_LEXICAL_OR_SENTENCE,42,32,0,0.8528620600700378,B03,2
asl_citizen:8962616345166248-DIFFERENT SITUATION,asl_citizen:8962616345166248-DIFFERENT SITUATION,P9,test,GOLD_EXISTING_LEXICAL_OR_SENTENCE,42,42,1,0.9984152317047119,B03,2
asl_citizen:4317325524432325-DIFFERENT SITUATION,asl_citizen:4317325524432325-DIFFERENT SITUATION,P35,test,GOLD_EXISTING_LEXICAL_OR_SENTENCE,42,42,1,0.987497091293335,B03,2
asl_citizen:7875066246194335-DIFFERENT SITUATION,asl_citizen:7875066246194335-DIFFERENT SITUATION,P48,test,GOLD_EXISTING_LEXICAL_OR_SENTENCE,42,42,1,0.7182945013046265,B03,2
asl_citizen:5405853507718759-DIFFERENT SITUATION,asl_citizen:5405853507718759-DIFFERENT SITUATION,P22,test,GOLD_EXISTING_LEXICAL_OR_SENTENCE,42,42,1,0.8321477174758911,B03,2
asl_citizen:7140193660319123-DIFFERENT SITUATION,asl_citizen:7140193660319123-DIFFERENT SITUATION,P49,test,GOLD_EXISTING_LEXICAL_OR_SENTENCE,42,61,0,0.7854710817337036,B03,2
asl_citizen:13521464986162113-DIFFERENT SITUATION,asl_citizen:13521464986162113-DIFFERENT SITUATION,P6,test,GOLD_EXISTING_LEXICAL_OR_SENTENCE,42,42,1,0.999607264995575,B03,2
asl_citizen:6675272277821382-DIFFERENT SITUATION,asl_citizen:6675272277821382-DIFFERENT SITUATION,P42,test,GOLD_EXISTING_LEXICAL_OR_SENTENCE,42,42,1,0.9962783455848694,B03,2
asl_citizen:8224849241610261-DINOSAUR,asl_citizen:8224849241610261-DINOSAUR,P6,test,GOLD_EXISTING_LEXICAL_OR_SENTENCE,43,43,1,0.9453245997428894,B03,2
asl_citizen:24033943465091467-DINOSAUR,asl_citizen:24033943465091467-DINOSAUR,P15,test,GOLD_EXISTING_LEXICAL_OR_SENTENCE,43,43,1,0.9999014139175415,B03,2
asl_citizen:7470823700840046-DINOSAUR,asl_citizen:7470823700840046-DINOSAUR,P48,test,GOLD_EXISTING_LEXICAL_OR_SENTENCE,43,43,1,0.4819568693637848,B03,2
asl_citizen:40509855695085895-DINOSAUR,asl_citizen:40509855695085895-DINOSAUR,P22,test,GOLD_EXISTING_LEXICAL_OR_SENTENCE,43,43,1,1.0,B03,2
asl_citizen:9136238581664009-DINOSAUR,asl_citizen:9136238581664009-DINOSAUR,P35,test,GOLD_EXISTING_LEXICAL_OR_SENTENCE,43,43,1,1.0,B03,2
asl_citizen:6247730414714647-DINOSAUR,asl_citizen:6247730414714647-DINOSAUR,P49,test,GOLD_EXISTING_LEXICAL_OR_SENTENCE,43,43,1,0.9995645880699158,B03,2
asl_citizen:5290344293429206-DINOSAUR,asl_citizen:5290344293429206-DINOSAUR,P17,test,GOLD_EXISTING_LEXICAL_OR_SENTENCE,43,43,1,0.9968659281730652,B03,2
asl_citizen:28960805716887217-DINOSAUR,asl_citizen:28960805716887217-DINOSAUR,P42,test,GOLD_EXISTING_LEXICAL_OR_SENTENCE,43,43,1,0.999634861946106,B03,2
asl_citizen:8440854457144005-DONT NEED,asl_citizen:8440854457144005-DONT NEED,P9,test,GOLD_EXISTING_LEXICAL_OR_SENTENCE,44,177,0,0.4341561496257782,B03,2
asl_citizen:9419016560970019-DONT NEED,asl_citizen:9419016560970019-DONT NEED,P22,test,GOLD_EXISTING_LEXICAL_OR_SENTENCE,44,123,0,0.9701732397079468,B03,2
asl_citizen:1553945684887208-DONT NEED,asl_citizen:1553945684887208-DONT NEED,P49,test,GOLD_EXISTING_LEXICAL_OR_SENTENCE,44,44,1,0.9997614026069641,B03,2
asl_citizen:10365778744170284-DONT NEED,asl_citizen:10365778744170284-DONT NEED,P35,test,GOLD_EXISTING_LEXICAL_OR_SENTENCE,44,44,1,0.9576269388198853,B03,2
asl_citizen:24272059297973403-DONT NEED,asl_citizen:24272059297973403-DONT NEED,P6,test,GOLD_EXISTING_LEXICAL_OR_SENTENCE,44,7,0,0.9999606609344482,B03,2
asl_citizen:5041697196223054-DONT NEED,asl_citizen:5041697196223054-DONT NEED,P17,test,GOLD_EXISTING_LEXICAL_OR_SENTENCE,44,5,0,0.9271199107170105,B03,2
asl_citizen:524777456764691-DONT NEED,asl_citizen:524777456764691-DONT NEED,P15,test,GOLD_EXISTING_LEXICAL_OR_SENTENCE,44,44,1,0.997565507888794,B03,2
asl_citizen:019122337627372588-DONT NEED,asl_citizen:019122337627372588-DONT NEED,P18,test,GOLD_EXISTING_LEXICAL_OR_SENTENCE,44,44,1,0.9999980926513672,B03,2
asl_citizen:14794439442498897-DONUT,asl_citizen:14794439442498897-DONUT,P48,test,GOLD_EXISTING_LEXICAL_OR_SENTENCE,45,175,0,0.7447517514228821,B03,2
asl_citizen:8847191760973006-DONUT,asl_citizen:8847191760973006-DONUT,P49,test,GOLD_EXISTING_LEXICAL_OR_SENTENCE,45,45,1,0.9999969005584717,B03,2
asl_citizen:7886002222537167-DONUT,asl_citizen:7886002222537167-DONUT,P35,test,GOLD_EXISTING_LEXICAL_OR_SENTENCE,45,45,1,0.9999876022338867,B03,2
asl_citizen:18287285058424363-DONUT,asl_citizen:18287285058424363-DONUT,P15,test,GOLD_EXISTING_LEXICAL_OR_SENTENCE,45,86,0,0.9998080134391785,B03,2
asl_citizen:8935673196518124-DONUT,asl_citizen:8935673196518124-DONUT,P42,test,GOLD_EXISTING_LEXICAL_OR_SENTENCE,45,45,1,0.9999995231628418,B03,2
asl_citizen:1953229262690248-DONUT,asl_citizen:1953229262690248-DONUT,P9,test,GOLD_EXISTING_LEXICAL_OR_SENTENCE,45,45,1,0.9999690055847168,B03,2
asl_citizen:5190684951541689-DONUT,asl_citizen:5190684951541689-DONUT,P47,test,GOLD_EXISTING_LEXICAL_OR_SENTENCE,45,45,1,0.9933695793151855,B03,2
asl_citizen:34421005968261076-DONUT,asl_citizen:34421005968261076-DONUT,P22,test,GOLD_EXISTING_LEXICAL_OR_SENTENCE,45,46,0,0.7397937178611755,B03,2
asl_citizen:8969483703544663-DREADLOCKS,asl_citizen:8969483703544663-DREADLOCKS,P18,test,GOLD_EXISTING_LEXICAL_OR_SENTENCE,46,46,1,0.9954610466957092,B03,2
asl_citizen:8475332639331787-DREADLOCKS,asl_citizen:8475332639331787-DREADLOCKS,P17,test,GOLD_EXISTING_LEXICAL_OR_SENTENCE,46,46,1,0.9998949766159058,B03,2
asl_citizen:9964208748810202-DREADLOCKS,asl_citizen:9964208748810202-DREADLOCKS,P22,test,GOLD_EXISTING_LEXICAL_OR_SENTENCE,46,46,1,1.0,B03,2
asl_citizen:6677742542220313-DREADLOCKS,asl_citizen:6677742542220313-DREADLOCKS,P49,test,GOLD_EXISTING_LEXICAL_OR_SENTENCE,46,46,1,0.9718800783157349,B03,2
asl_citizen:14083566476396148-DREADLOCKS,asl_citizen:14083566476396148-DREADLOCKS,P18,test,GOLD_EXISTING_LEXICAL_OR_SENTENCE,46,46,1,0.9963130354881287,B03,2
asl_citizen:6462102009921986-DREADLOCKS,asl_citizen:6462102009921986-DREADLOCKS,P9,test,GOLD_EXISTING_LEXICAL_OR_SENTENCE,46,46,1,0.998881995677948,B03,2
asl_citizen:8768896099459327-DREADLOCKS,asl_citizen:8768896099459327-DREADLOCKS,P48,test,GOLD_EXISTING_LEXICAL_OR_SENTENCE,46,46,1,0.9999357461929321,B03,2
asl_citizen:4971665444961535-DREADLOCKS,asl_citizen:4971665444961535-DREADLOCKS,P42,test,GOLD_EXISTING_LEXICAL_OR_SENTENCE,46,46,1,1.0,B03,2
asl_citizen:7014946316095072-DRESSER,asl_citizen:7014946316095072-DRESSER,P6,test,GOLD_EXISTING_LEXICAL_OR_SENTENCE,47,158,0,0.9039941430091858,B03,2
asl_citizen:9405563000067301-DRESSER,asl_citizen:9405563000067301-DRESSER,P15,test,GOLD_EXISTING_LEXICAL_OR_SENTENCE,47,47,1,0.997791051864624,B03,2
asl_citizen:8824524207032118-DRESSER,asl_citizen:8824524207032118-DRESSER,P35,test,GOLD_EXISTING_LEXICAL_OR_SENTENCE,47,47,1,0.9996011853218079,B03,2
asl_citizen:06584008318442769-DRESSER,asl_citizen:06584008318442769-DRESSER,P47,test,GOLD_EXISTING_LEXICAL_OR_SENTENCE,47,47,1,0.9998437166213989,B03,2
asl_citizen:6139319501468969-DRESSER,asl_citizen:6139319501468969-DRESSER,P49,test,GOLD_EXISTING_LEXICAL_OR_SENTENCE,47,47,1,0.8490316867828369,B03,2
asl_citizen:3408798620807487-DRESSER,asl_citizen:3408798620807487-DRESSER,P42,test,GOLD_EXISTING_LEXICAL_OR_SENTENCE,47,158,0,0.9999991655349731,B03,2
asl_citizen:7518151106010977-DRESSER,asl_citizen:7518151106010977-DRESSER,P18,test,GOLD_EXISTING_LEXICAL_OR_SENTENCE,47,47,1,0.9998974800109863,B03,2
asl_citizen:6895143079423383-DRESSER,asl_citizen:6895143079423383-DRESSER,P48,test,GOLD_EXISTING_LEXICAL_OR_SENTENCE,47,47,1,0.9995673298835754,B03,2
asl_citizen:9415209992076334-DRUM,asl_citizen:9415209992076334-DRUM,P6,test,GOLD_EXISTING_LEXICAL_OR_SENTENCE,48,48,1,1.0,B03,2
asl_citizen:07588569202112305-DRUM,asl_citizen:07588569202112305-DRUM,P42,test,GOLD_EXISTING_LEXICAL_OR_SENTENCE,48,48,1,0.9999899864196777,B03,2
asl_citizen:8071657517283295-DRUM,asl_citizen:8071657517283295-DRUM,P18,test,GOLD_EXISTING_LEXICAL_OR_SENTENCE,48,48,1,0.9999998807907104,B03,2
asl_citizen:09060364193085024-DRUM,asl_citizen:09060364193085024-DRUM,P15,test,GOLD_EXISTING_LEXICAL_OR_SENTENCE,48,48,1,0.9999682903289795,B03,2
asl_citizen:6450812439798763-DRUM,asl_citizen:6450812439798763-DRUM,P48,test,GOLD_EXISTING_LEXICAL_OR_SENTENCE,48,48,1,0.999974250793457,B03,2
asl_citizen:5875294253699073-DRUM,asl_citizen:5875294253699073-DRUM,P48,test,GOLD_EXISTING_LEXICAL_OR_SENTENCE,48,48,1,0.9997280240058899,B03,2
asl_citizen:41421331187326427-DRUM,asl_citizen:41421331187326427-DRUM,P17,test,GOLD_EXISTING_LEXICAL_OR_SENTENCE,48,48,1,0.9971320629119873,B03,2
asl_citizen:20462672928804748-DRUM,asl_citizen:20462672928804748-DRUM,P47,test,GOLD_EXISTING_LEXICAL_OR_SENTENCE,48,48,1,0.9999988079071045,B03,2
asl_citizen:534679563275158-DRYER,asl_citizen:534679563275158-DRYER,P18,test,GOLD_EXISTING_LEXICAL_OR_SENTENCE,49,44,0,0.8933647274971008,B03,2
asl_citizen:47384714847457543-DRYER,asl_citizen:47384714847457543-DRYER,P9,test,GOLD_EXISTING_LEXICAL_OR_SENTENCE,49,49,1,0.9999319314956665,B03,2
asl_citizen:42836141582183584-DRYER,asl_citizen:42836141582183584-DRYER,P35,test,GOLD_EXISTING_LEXICAL_OR_SENTENCE,49,49,1,0.9105668663978577,B03,2
asl_citizen:11826627794464328-DRYER,asl_citizen:11826627794464328-DRYER,P42,test,GOLD_EXISTING_LEXICAL_OR_SENTENCE,49,49,1,0.9999954700469971,B03,2
asl_citizen:17863050096155098-DRYER,asl_citizen:17863050096155098-DRYER,P48,test,GOLD_EXISTING_LEXICAL_OR_SENTENCE,49,49,1,0.9999551773071289,B03,2
asl_citizen:21691361704041068-DRYER,asl_citizen:21691361704041068-DRYER,P15,test,GOLD_EXISTING_LEXICAL_OR_SENTENCE,49,49,1,1.0,B03,2
asl_citizen:011488380804917542-DRYER,asl_citizen:011488380804917542-DRYER,P22,test,GOLD_EXISTING_LEXICAL_OR_SENTENCE,49,49,1,1.0,B03,2
asl_citizen:6164673859688161-DRYER,asl_citizen:6164673859688161-DRYER,P49,test,GOLD_EXISTING_LEXICAL_OR_SENTENCE,49,49,1,0.7004351615905762,B03,2
asl_citizen:9293623251960783-DUCK 2,asl_citizen:9293623251960783-DUCK 2,P18,test,GOLD_EXISTING_LEXICAL_OR_SENTENCE,50,50,1,0.9998971223831177,B03,2
asl_citizen:34259005286492283-DUCK 2,asl_citizen:34259005286492283-DUCK 2,P9,test,GOLD_EXISTING_LEXICAL_OR_SENTENCE,50,50,1,0.9999994039535522,B03,2
asl_citizen:16623696034388358-DUCK 2,asl_citizen:16623696034388358-DUCK 2,P48,test,GOLD_EXISTING_LEXICAL_OR_SENTENCE,50,50,1,0.6076205968856812,B03,2
asl_citizen:6258894718452575-DUCK 2,asl_citizen:6258894718452575-DUCK 2,P15,test,GOLD_EXISTING_LEXICAL_OR_SENTENCE,50,50,1,0.9999947547912598,B03,2
asl_citizen:31240500007069394-DUCK 2,asl_citizen:31240500007069394-DUCK 2,P22,test,GOLD_EXISTING_LEXICAL_OR_SENTENCE,50,50,1,0.9999996423721313,B03,2
asl_citizen:6168597708632786-DUCK 2,asl_citizen:6168597708632786-DUCK 2,P47,test,GOLD_EXISTING_LEXICAL_OR_SENTENCE,50,50,1,0.99982750415802,B03,2
asl_citizen:9545054248282718-DUCK 2,asl_citizen:9545054248282718-DUCK 2,P35,test,GOLD_EXISTING_LEXICAL_OR_SENTENCE,50,50,1,1.0,B03,2
asl_citizen:9830704733653335-DUCK 2,asl_citizen:9830704733653335-DUCK 2,P49,test,GOLD_EXISTING_LEXICAL_OR_SENTENCE,50,50,1,0.9839785695075989,B03,2
asl_citizen:7185317708350305-EARTH,asl_citizen:7185317708350305-EARTH,P49,test,GOLD_EXISTING_LEXICAL_OR_SENTENCE,51,51,1,0.7817712426185608,B03,2
asl_citizen:21586706235470188-EARTH,asl_citizen:21586706235470188-EARTH,P15,test,GOLD_EXISTING_LEXICAL_OR_SENTENCE,51,51,1,0.9999971389770508,B03,2
asl_citizen:571332153238566-EARTH,asl_citizen:571332153238566-EARTH,P42,test,GOLD_EXISTING_LEXICAL_OR_SENTENCE,51,26,0,0.881166934967041,B03,2
asl_citizen:09494923096084729-EARTH,asl_citizen:09494923096084729-EARTH,P9,test,GOLD_EXISTING_LEXICAL_OR_SENTENCE,51,104,0,0.9220370054244995,B03,2
asl_citizen:2156021914016497-EARTH,asl_citizen:2156021914016497-EARTH,P17,test,GOLD_EXISTING_LEXICAL_OR_SENTENCE,51,26,0,0.5225765109062195,B03,2
asl_citizen:10992747810592252-EARTH,asl_citizen:10992747810592252-EARTH,P18,test,GOLD_EXISTING_LEXICAL_OR_SENTENCE,51,51,1,0.999733030796051,B03,2
asl_citizen:6616272734675506-EARTH,asl_citizen:6616272734675506-EARTH,P17,test,GOLD_EXISTING_LEXICAL_OR_SENTENCE,51,6,0,0.3997069299221039,B03,2
asl_citizen:10068658998354385-EARTH,asl_citizen:10068658998354385-EARTH,P6,test,GOLD_EXISTING_LEXICAL_OR_SENTENCE,51,6,0,0.3166390061378479,B03,2
asl_citizen:3051883673355753-EGO,asl_citizen:3051883673355753-EGO,P17,test,GOLD_EXISTING_LEXICAL_OR_SENTENCE,52,41,0,0.6147638559341431,B03,2
asl_citizen:895907512177432-EGO,asl_citizen:895907512177432-EGO,P35,test,GOLD_EXISTING_LEXICAL_OR_SENTENCE,52,52,1,1.0,B03,2
asl_citizen:9762997659456683-EGO,asl_citizen:9762997659456683-EGO,P18,test,GOLD_EXISTING_LEXICAL_OR_SENTENCE,52,52,1,0.7371396422386169,B03,2
asl_citizen:897462003292989-EGO,asl_citizen:897462003292989-EGO,P48,test,GOLD_EXISTING_LEXICAL_OR_SENTENCE,52,61,0,0.46283406019210815,B03,2
asl_citizen:640906104558836-EGO,asl_citizen:640906104558836-EGO,P9,test,GOLD_EXISTING_LEXICAL_OR_SENTENCE,52,98,0,0.974738359451294,B03,2
asl_citizen:4313618179082721-EGO,asl_citizen:4313618179082721-EGO,P22,test,GOLD_EXISTING_LEXICAL_OR_SENTENCE,52,52,1,0.6931240558624268,B03,2
asl_citizen:6880505874364926-EGO,asl_citizen:6880505874364926-EGO,P15,test,GOLD_EXISTING_LEXICAL_OR_SENTENCE,52,52,1,0.9999637603759766,B03,2
asl_citizen:19965146429539837-EGO,asl_citizen:19965146429539837-EGO,P47,test,GOLD_EXISTING_LEXICAL_OR_SENTENCE,52,52,1,0.9999995231628418,B03,2
asl_citizen:1520648884549911-ELEVEN,asl_citizen:1520648884549911-ELEVEN,P42,test,GOLD_EXISTING_LEXICAL_OR_SENTENCE,53,53,1,0.9999982118606567,B03,2
asl_citizen:27462200189883235-ELEVEN,asl_citizen:27462200189883235-ELEVEN,P47,test,GOLD_EXISTING_LEXICAL_OR_SENTENCE,53,53,1,0.9998301267623901,B03,2
asl_citizen:2531498398025418-ELEVEN,asl_citizen:2531498398025418-ELEVEN,P9,test,GOLD_EXISTING_LEXICAL_OR_SENTENCE,53,53,1,0.9999475479125977,B03,2
asl_citizen:4812862159396367-ELEVEN,asl_citizen:4812862159396367-ELEVEN,P17,test,GOLD_EXISTING_LEXICAL_OR_SENTENCE,53,53,1,1.0,B03,2
asl_citizen:057862460825067075-ELEVEN,asl_citizen:057862460825067075-ELEVEN,P49,test,GOLD_EXISTING_LEXICAL_OR_SENTENCE,53,53,1,0.9999969005584717,B03,2
asl_citizen:06996746044765945-ELEVEN,asl_citizen:06996746044765945-ELEVEN,P22,test,GOLD_EXISTING_LEXICAL_OR_SENTENCE,53,32,0,0.9999961853027344,B03,2
asl_citizen:3629914148785658-ELEVEN,asl_citizen:3629914148785658-ELEVEN,P35,test,GOLD_EXISTING_LEXICAL_OR_SENTENCE,53,53,1,0.9116800427436829,B03,2
asl_citizen:23706248733890045-ELEVEN,asl_citizen:23706248733890045-ELEVEN,P22,test,GOLD_EXISTING_LEXICAL_OR_SENTENCE,53,32,0,0.9999986886978149,B03,2
asl_citizen:6365349433650775-ENGAGEMENT,asl_citizen:6365349433650775-ENGAGEMENT,P35,test,GOLD_EXISTING_LEXICAL_OR_SENTENCE,54,54,1,0.9999995231628418,B03,2
asl_citizen:8110867110510334-ENGAGEMENT,asl_citizen:8110867110510334-ENGAGEMENT,P35,test,GOLD_EXISTING_LEXICAL_OR_SENTENCE,54,54,1,0.7662912011146545,B03,2
asl_citizen:4274024278592232-ENGAGEMENT,asl_citizen:4274024278592232-ENGAGEMENT,P42,test,GOLD_EXISTING_LEXICAL_OR_SENTENCE,54,28,0,0.6082316637039185,B03,2
asl_citizen:1964731246660285-ENGAGEMENT,asl_citizen:1964731246660285-ENGAGEMENT,P22,test,GOLD_EXISTING_LEXICAL_OR_SENTENCE,54,28,0,0.9525083899497986,B03,2
asl_citizen:6959082317167715-ENGAGEMENT,asl_citizen:6959082317167715-ENGAGEMENT,P9,test,GOLD_EXISTING_LEXICAL_OR_SENTENCE,54,28,0,0.7866696715354919,B03,2
asl_citizen:20654284295569725-ENGAGEMENT,asl_citizen:20654284295569725-ENGAGEMENT,P15,test,GOLD_EXISTING_LEXICAL_OR_SENTENCE,54,54,1,0.9989187717437744,B03,2
asl_citizen:2675727528631562-ENGAGEMENT,asl_citizen:2675727528631562-ENGAGEMENT,P18,test,GOLD_EXISTING_LEXICAL_OR_SENTENCE,54,54,1,0.9999945163726807,B03,2
asl_citizen:05188174496254283-ENGAGEMENT,asl_citizen:05188174496254283-ENGAGEMENT,P47,test,GOLD_EXISTING_LEXICAL_OR_SENTENCE,54,54,1,0.5929272770881653,B03,2
asl_citizen:89691706454057-EVERY NIGHT,asl_citizen:89691706454057-EVERY NIGHT,P15,test,GOLD_EXISTING_LEXICAL_OR_SENTENCE,55,55,1,0.9826956987380981,B03,2
asl_citizen:20245537165714622-EVERY NIGHT,asl_citizen:20245537165714622-EVERY NIGHT,P15,test,GOLD_EXISTING_LEXICAL_OR_SENTENCE,55,55,1,0.9999643564224243,B03,2
asl_citizen:34343499292212565-EVERY NIGHT,asl_citizen:34343499292212565-EVERY NIGHT,P48,test,GOLD_EXISTING_LEXICAL_OR_SENTENCE,55,55,1,0.8228997588157654,B03,2
asl_citizen:2578882900323458-EVERY NIGHT,asl_citizen:2578882900323458-EVERY NIGHT,P42,test,GOLD_EXISTING_LEXICAL_OR_SENTENCE,55,55,1,0.9999954700469971,B03,2
asl_citizen:4951391348030525-EVERY NIGHT,asl_citizen:4951391348030525-EVERY NIGHT,P6,test,GOLD_EXISTING_LEXICAL_OR_SENTENCE,55,50,0,0.722861647605896,B03,2
asl_citizen:9930137053923829-EVERY NIGHT,asl_citizen:9930137053923829-EVERY NIGHT,P18,test,GOLD_EXISTING_LEXICAL_OR_SENTENCE,55,55,1,0.8559681177139282,B03,2
asl_citizen:40171022700798575-EVERY NIGHT,asl_citizen:40171022700798575-EVERY NIGHT,P49,test,GOLD_EXISTING_LEXICAL_OR_SENTENCE,55,55,1,0.999995231628418,B03,2
asl_citizen:7110693894309206-EVERY NIGHT,asl_citizen:7110693894309206-EVERY NIGHT,P35,test,GOLD_EXISTING_LEXICAL_OR_SENTENCE,55,55,1,0.999997615814209,B03,2
asl_citizen:013061639347932363-FALL 2,asl_citizen:013061639347932363-FALL 2,P6,test,GOLD_EXISTING_LEXICAL_OR_SENTENCE,56,128,0,0.6708998084068298,B03,2
asl_citizen:5535373342686922-FALL 2,asl_citizen:5535373342686922-FALL 2,P17,test,GOLD_EXISTING_LEXICAL_OR_SENTENCE,56,101,0,0.8979273438453674,B03,2
asl_citizen:365145500396562-FALL 2,asl_citizen:365145500396562-FALL 2,P22,test,GOLD_EXISTING_LEXICAL_OR_SENTENCE,56,101,0,0.4579567313194275,B03,2
asl_citizen:7473413509149174-FALL 2,asl_citizen:7473413509149174-FALL 2,P18,test,GOLD_EXISTING_LEXICAL_OR_SENTENCE,56,56,1,0.9994801878929138,B03,2
asl_citizen:9878698239353016-FALL 2,asl_citizen:9878698239353016-FALL 2,P47,test,GOLD_EXISTING_LEXICAL_OR_SENTENCE,56,56,1,0.9983413219451904,B03,2
asl_citizen:0304273385488667-FALL 2,asl_citizen:0304273385488667-FALL 2,P42,test,GOLD_EXISTING_LEXICAL_OR_SENTENCE,56,56,1,0.9997389912605286,B03,2
asl_citizen:5673448736549853-FALL 2,asl_citizen:5673448736549853-FALL 2,P18,test,GOLD_EXISTING_LEXICAL_OR_SENTENCE,56,56,1,0.9997238516807556,B03,2
asl_citizen:39275811013827155-FALL 2,asl_citizen:39275811013827155-FALL 2,P9,test,GOLD_EXISTING_LEXICAL_OR_SENTENCE,56,28,0,0.4048360288143158,B03,2
asl_citizen:053306758910197205-FEED,asl_citizen:053306758910197205-FEED,P9,test,GOLD_EXISTING_LEXICAL_OR_SENTENCE,57,57,1,0.9999972581863403,B03,2
asl_citizen:8477968937659044-FEED,asl_citizen:8477968937659044-FEED,P17,test,GOLD_EXISTING_LEXICAL_OR_SENTENCE,57,57,1,1.0,B03,2
asl_citizen:7079611008996016-FEED,asl_citizen:7079611008996016-FEED,P47,test,GOLD_EXISTING_LEXICAL_OR_SENTENCE,57,57,1,0.9999994039535522,B03,2
asl_citizen:36160908850471274-FEED,asl_citizen:36160908850471274-FEED,P22,test,GOLD_EXISTING_LEXICAL_OR_SENTENCE,57,57,1,0.9999819993972778,B03,2
asl_citizen:6757072092935772-FEED,asl_citizen:6757072092935772-FEED,P35,test,GOLD_EXISTING_LEXICAL_OR_SENTENCE,57,57,1,1.0,B03,2
asl_citizen:8975007156096892-FEED,asl_citizen:8975007156096892-FEED,P18,test,GOLD_EXISTING_LEXICAL_OR_SENTENCE,57,57,1,0.9999932050704956,B03,2
asl_citizen:5868476699386669-FEED,asl_citizen:5868476699386669-FEED,P49,test,GOLD_EXISTING_LEXICAL_OR_SENTENCE,57,57,1,0.9496903419494629,B03,2
asl_citizen:5769158299750059-FEED,asl_citizen:5769158299750059-FEED,P48,test,GOLD_EXISTING_LEXICAL_OR_SENTENCE,57,57,1,0.9999103546142578,B03,2
asl_citizen:7550465099881678-FINE,asl_citizen:7550465099881678-FINE,P35,test,GOLD_EXISTING_LEXICAL_OR_SENTENCE,58,58,1,0.9989386200904846,B03,2
asl_citizen:2690912082374577-FINE,asl_citizen:2690912082374577-FINE,P22,test,GOLD_EXISTING_LEXICAL_OR_SENTENCE,58,58,1,0.9999995231628418,B03,2
asl_citizen:5630437733218496-FINE,asl_citizen:5630437733218496-FINE,P9,test,GOLD_EXISTING_LEXICAL_OR_SENTENCE,58,177,0,0.43554070591926575,B03,2
asl_citizen:6759197415113356-FINE,asl_citizen:6759197415113356-FINE,P9,test,GOLD_EXISTING_LEXICAL_OR_SENTENCE,58,177,0,0.902234673500061,B03,2
asl_citizen:28357839470280455-FINE,asl_citizen:28357839470280455-FINE,P49,test,GOLD_EXISTING_LEXICAL_OR_SENTENCE,58,193,0,0.45876485109329224,B03,2
asl_citizen:3827741794247175-FINE,asl_citizen:3827741794247175-FINE,P6,test,GOLD_EXISTING_LEXICAL_OR_SENTENCE,58,58,1,0.9999957084655762,B03,2
asl_citizen:6478807707974723-FINE,asl_citizen:6478807707974723-FINE,P48,test,GOLD_EXISTING_LEXICAL_OR_SENTENCE,58,58,1,0.7864852547645569,B03,2
asl_citizen:5817524945804566-FINE,asl_citizen:5817524945804566-FINE,P6,test,GOLD_EXISTING_LEXICAL_OR_SENTENCE,58,193,0,0.8221188187599182,B03,2
asl_citizen:27058948226409374-FIRST,asl_citizen:27058948226409374-FIRST,P15,test,GOLD_EXISTING_LEXICAL_OR_SENTENCE,59,59,1,0.999970555305481,B03,2
asl_citizen:12680005272334216-FIRST,asl_citizen:12680005272334216-FIRST,P17,test,GOLD_EXISTING_LEXICAL_OR_SENTENCE,59,59,1,0.9999980926513672,B03,2
asl_citizen:05485678246989911-FIRST,asl_citizen:05485678246989911-FIRST,P18,test,GOLD_EXISTING_LEXICAL_OR_SENTENCE,59,59,1,0.9307193756103516,B03,2
asl_citizen:8882005700954121-FIRST,asl_citizen:8882005700954121-FIRST,P49,test,GOLD_EXISTING_LEXICAL_OR_SENTENCE,59,59,1,0.9649492502212524,B03,2
asl_citizen:20215017790049905-FIRST,asl_citizen:20215017790049905-FIRST,P9,test,GOLD_EXISTING_LEXICAL_OR_SENTENCE,59,59,1,0.9824246764183044,B03,2
asl_citizen:5327639377384075-FIRST,asl_citizen:5327639377384075-FIRST,P47,test,GOLD_EXISTING_LEXICAL_OR_SENTENCE,59,59,1,0.9998583793640137,B03,2
asl_citizen:08402785584899775-FIRST,asl_citizen:08402785584899775-FIRST,P6,test,GOLD_EXISTING_LEXICAL_OR_SENTENCE,59,59,1,0.9940893650054932,B03,2
asl_citizen:6715566540875353-FIRST,asl_citizen:6715566540875353-FIRST,P35,test,GOLD_EXISTING_LEXICAL_OR_SENTENCE,59,59,1,0.9958395957946777,B03,2
asl_citizen:1506301246657502-FISH,asl_citizen:1506301246657502-FISH,P18,test,GOLD_EXISTING_LEXICAL_OR_SENTENCE,60,131,0,0.765658974647522,B03,2
asl_citizen:9064464209078347-FISH,asl_citizen:9064464209078347-FISH,P17,test,GOLD_EXISTING_LEXICAL_OR_SENTENCE,60,90,0,0.8785841464996338,B03,2
asl_citizen:17233504668903432-FISH,asl_citizen:17233504668903432-FISH,P22,test,GOLD_EXISTING_LEXICAL_OR_SENTENCE,60,113,0,0.7934665083885193,B03,2
asl_citizen:2418332359492794-FISH,asl_citizen:2418332359492794-FISH,P47,test,GOLD_EXISTING_LEXICAL_OR_SENTENCE,60,170,0,0.9754341840744019,B03,2
asl_citizen:66049857409442-FISH,asl_citizen:66049857409442-FISH,P49,test,GOLD_EXISTING_LEXICAL_OR_SENTENCE,60,60,1,0.9999998807907104,B03,2
asl_citizen:7247754342826607-FISH,asl_citizen:7247754342826607-FISH,P35,test,GOLD_EXISTING_LEXICAL_OR_SENTENCE,60,60,1,0.993441104888916,B03,2
asl_citizen:28959221812315716-FISH,asl_citizen:28959221812315716-FISH,P48,test,GOLD_EXISTING_LEXICAL_OR_SENTENCE,60,60,1,0.958633303642273,B03,2
asl_citizen:919853612335557-FISH,asl_citizen:919853612335557-FISH,P9,test,GOLD_EXISTING_LEXICAL_OR_SENTENCE,60,60,1,0.9781895279884338,B03,2
asl_citizen:17137656038206628-FOREVER,asl_citizen:17137656038206628-FOREVER,P35,test,GOLD_EXISTING_LEXICAL_OR_SENTENCE,61,61,1,1.0,B03,2
asl_citizen:9968577259964209-FOREVER,asl_citizen:9968577259964209-FOREVER,P49,test,GOLD_EXISTING_LEXICAL_OR_SENTENCE,61,16,0,0.5952357649803162,B03,2
asl_citizen:13289926408191-FOREVER,asl_citizen:13289926408191-FOREVER,P22,test,GOLD_EXISTING_LEXICAL_OR_SENTENCE,61,61,1,0.9999985694885254,B03,2
asl_citizen:7580266052871614-FOREVER,asl_citizen:7580266052871614-FOREVER,P22,test,GOLD_EXISTING_LEXICAL_OR_SENTENCE,61,61,1,1.0,B03,2
asl_citizen:4397467374717585-FOREVER,asl_citizen:4397467374717585-FOREVER,P48,test,GOLD_EXISTING_LEXICAL_OR_SENTENCE,61,198,0,0.3801448941230774,B03,2
asl_citizen:37151322328326253-FOREVER,asl_citizen:37151322328326253-FOREVER,P18,test,GOLD_EXISTING_LEXICAL_OR_SENTENCE,61,61,1,0.9999909400939941,B03,2
asl_citizen:8619967265724808-FOREVER,asl_citizen:8619967265724808-FOREVER,P17,test,GOLD_EXISTING_LEXICAL_OR_SENTENCE,61,61,1,0.9999566078186035,B03,2
asl_citizen:4594027029867531-FOREVER,asl_citizen:4594027029867531-FOREVER,P15,test,GOLD_EXISTING_LEXICAL_OR_SENTENCE,61,61,1,0.9812602996826172,B03,2
asl_citizen:7636966133764567-FREEDOM,asl_citizen:7636966133764567-FREEDOM,P35,test,GOLD_EXISTING_LEXICAL_OR_SENTENCE,62,62,1,0.9999960660934448,B03,2
asl_citizen:17304854443534334-FREEDOM,asl_citizen:17304854443534334-FREEDOM,P22,test,GOLD_EXISTING_LEXICAL_OR_SENTENCE,62,62,1,0.6619527339935303,B03,2
asl_citizen:4023262425985501-FREEDOM,asl_citizen:4023262425985501-FREEDOM,P17,test,GOLD_EXISTING_LEXICAL_OR_SENTENCE,62,62,1,0.9999998807907104,B03,2
asl_citizen:6174000049197139-FREEDOM,asl_citizen:6174000049197139-FREEDOM,P48,test,GOLD_EXISTING_LEXICAL_OR_SENTENCE,62,62,1,0.9995169639587402,B03,2
asl_citizen:5902457618483048-FREEDOM,asl_citizen:5902457618483048-FREEDOM,P17,test,GOLD_EXISTING_LEXICAL_OR_SENTENCE,62,62,1,0.9999997615814209,B03,2
asl_citizen:008038441759683712-FREEDOM,asl_citizen:008038441759683712-FREEDOM,P47,test,GOLD_EXISTING_LEXICAL_OR_SENTENCE,62,62,1,0.9999215602874756,B03,2
asl_citizen:07485367496929474-FREEDOM,asl_citizen:07485367496929474-FREEDOM,P18,test,GOLD_EXISTING_LEXICAL_OR_SENTENCE,62,62,1,0.9610266089439392,B03,2
asl_citizen:5811721841692274-FREEDOM,asl_citizen:5811721841692274-FREEDOM,P15,test,GOLD_EXISTING_LEXICAL_OR_SENTENCE,62,62,1,0.9999958276748657,B03,2
asl_citizen:1985175620765396-GARAGE,asl_citizen:1985175620765396-GARAGE,P49,test,GOLD_EXISTING_LEXICAL_OR_SENTENCE,63,168,0,0.9997319579124451,B03,2
asl_citizen:46467934926765464-GARAGE,asl_citizen:46467934926765464-GARAGE,P47,test,GOLD_EXISTING_LEXICAL_OR_SENTENCE,63,63,1,0.9999926090240479,B03,2
asl_citizen:6989304329949362-GARAGE,asl_citizen:6989304329949362-GARAGE,P42,test,GOLD_EXISTING_LEXICAL_OR_SENTENCE,63,63,1,0.9999492168426514,B03,2
asl_citizen:6806126158088983-GARAGE,asl_citizen:6806126158088983-GARAGE,P48,test,GOLD_EXISTING_LEXICAL_OR_SENTENCE,63,63,1,0.9999977350234985,B03,2
asl_citizen:40702183093924416-GARAGE,asl_citizen:40702183093924416-GARAGE,P48,test,GOLD_EXISTING_LEXICAL_OR_SENTENCE,63,63,1,0.9999862909317017,B03,2
asl_citizen:8650648900173676-GARAGE,asl_citizen:8650648900173676-GARAGE,P15,test,GOLD_EXISTING_LEXICAL_OR_SENTENCE,63,63,1,1.0,B03,2
asl_citizen:857303910466829-GARAGE,asl_citizen:857303910466829-GARAGE,P18,test,GOLD_EXISTING_LEXICAL_OR_SENTENCE,63,63,1,1.0,B03,2
asl_citizen:9677772198173906-GARAGE,asl_citizen:9677772198173906-GARAGE,P9,test,GOLD_EXISTING_LEXICAL_OR_SENTENCE,63,63,1,1.0,B03,2
asl_citizen:11348339081339809-GATE,asl_citizen:11348339081339809-GATE,P6,test,GOLD_EXISTING_LEXICAL_OR_SENTENCE,64,89,0,0.6223148703575134,B03,2
asl_citizen:2605037361130531-GATE,asl_citizen:2605037361130531-GATE,P9,test,GOLD_EXISTING_LEXICAL_OR_SENTENCE,64,4,0,0.9912868142127991,B03,2
asl_citizen:9874233840463917-GATE,asl_citizen:9874233840463917-GATE,P49,test,GOLD_EXISTING_LEXICAL_OR_SENTENCE,64,4,0,0.9901538491249084,B03,2
asl_citizen:0824129931634554-GATE,asl_citizen:0824129931634554-GATE,P17,test,GOLD_EXISTING_LEXICAL_OR_SENTENCE,64,89,0,0.9629644751548767,B03,2
asl_citizen:9142762122321779-GATE,asl_citizen:9142762122321779-GATE,P48,test,GOLD_EXISTING_LEXICAL_OR_SENTENCE,64,64,1,0.9972303509712219,B03,2
asl_citizen:04583581440125073-GATE,asl_citizen:04583581440125073-GATE,P15,test,GOLD_EXISTING_LEXICAL_OR_SENTENCE,64,64,1,0.9958333969116211,B03,2
asl_citizen:10067985618674702-GATE,asl_citizen:10067985618674702-GATE,P42,test,GOLD_EXISTING_LEXICAL_OR_SENTENCE,64,64,1,0.9780430793762207,B03,2
asl_citizen:5431975834295533-GATE,asl_citizen:5431975834295533-GATE,P18,test,GOLD_EXISTING_LEXICAL_OR_SENTENCE,64,64,1,1.0,B03,2
asl_citizen:5141665255664414-GET IN_BED,asl_citizen:5141665255664414-GET IN_BED,P48,test,GOLD_EXISTING_LEXICAL_OR_SENTENCE,65,65,1,0.9999737739562988,B03,2
asl_citizen:8922404313289523-GET IN_BED,asl_citizen:8922404313289523-GET IN_BED,P49,test,GOLD_EXISTING_LEXICAL_OR_SENTENCE,65,65,1,0.999998927116394,B03,2
asl_citizen:9234325073491914-GET IN_BED,asl_citizen:9234325073491914-GET IN_BED,P15,test,GOLD_EXISTING_LEXICAL_OR_SENTENCE,65,65,1,0.9999126195907593,B03,2
asl_citizen:9321717903861626-GET IN_BED,asl_citizen:9321717903861626-GET IN_BED,P6,test,GOLD_EXISTING_LEXICAL_OR_SENTENCE,65,55,0,0.9593327641487122,B03,2
asl_citizen:27258945352297204-GET IN_BED,asl_citizen:27258945352297204-GET IN_BED,P18,test,GOLD_EXISTING_LEXICAL_OR_SENTENCE,65,65,1,0.9999996423721313,B03,2
asl_citizen:3819033413541153-GET IN_BED,asl_citizen:3819033413541153-GET IN_BED,P17,test,GOLD_EXISTING_LEXICAL_OR_SENTENCE,65,55,0,0.9992597699165344,B03,2
asl_citizen:010781862222170924-GET IN_BED,asl_citizen:010781862222170924-GET IN_BED,P9,test,GOLD_EXISTING_LEXICAL_OR_SENTENCE,65,6,0,0.9274734854698181,B03,2
asl_citizen:7181613496767076-GET IN_BED,asl_citizen:7181613496767076-GET IN_BED,P18,test,GOLD_EXISTING_LEXICAL_OR_SENTENCE,65,65,1,0.9989743232727051,B03,2
asl_citizen:1304390584234303-GLASSES,asl_citizen:1304390584234303-GLASSES,P22,test,GOLD_EXISTING_LEXICAL_OR_SENTENCE,66,66,1,0.9999964237213135,B03,2
asl_citizen:41888961802665947-GLASSES,asl_citizen:41888961802665947-GLASSES,P17,test,GOLD_EXISTING_LEXICAL_OR_SENTENCE,66,66,1,0.9948939085006714,B03,2
asl_citizen:27056657020780817-GLASSES,asl_citizen:27056657020780817-GLASSES,P15,test,GOLD_EXISTING_LEXICAL_OR_SENTENCE,66,66,1,0.9999805688858032,B03,2
asl_citizen:16116333901512792-GLASSES,asl_citizen:16116333901512792-GLASSES,P6,test,GOLD_EXISTING_LEXICAL_OR_SENTENCE,66,66,1,0.9999986886978149,B03,2
asl_citizen:013476145787178595-GLASSES,asl_citizen:013476145787178595-GLASSES,P42,test,GOLD_EXISTING_LEXICAL_OR_SENTENCE,66,66,1,0.9999338388442993,B03,2
asl_citizen:8543895561492849-GLASSES,asl_citizen:8543895561492849-GLASSES,P35,test,GOLD_EXISTING_LEXICAL_OR_SENTENCE,66,66,1,0.9999998807907104,B03,2
asl_citizen:26442376603169215-GLASSES,asl_citizen:26442376603169215-GLASSES,P9,test,GOLD_EXISTING_LEXICAL_OR_SENTENCE,66,68,0,0.7817953824996948,B03,2
asl_citizen:052491761451185504-GLASSES,asl_citizen:052491761451185504-GLASSES,P49,test,GOLD_EXISTING_LEXICAL_OR_SENTENCE,66,66,1,0.9997439980506897,B03,2
asl_citizen:5479992662177449-GOODY GOODY,asl_citizen:5479992662177449-GOODY GOODY,P15,test,GOLD_EXISTING_LEXICAL_OR_SENTENCE,67,67,1,0.9997017979621887,B03,2
asl_citizen:10875699503744718-GOODY GOODY,asl_citizen:10875699503744718-GOODY GOODY,P48,test,GOLD_EXISTING_LEXICAL_OR_SENTENCE,67,67,1,0.9136323928833008,B03,2
asl_citizen:9105476719221866-GOODY GOODY,asl_citizen:9105476719221866-GOODY GOODY,P49,test,GOLD_EXISTING_LEXICAL_OR_SENTENCE,67,32,0,0.57122802734375,B03,2
asl_citizen:3321014085136289-GOODY GOODY,asl_citizen:3321014085136289-GOODY GOODY,P18,test,GOLD_EXISTING_LEXICAL_OR_SENTENCE,67,67,1,0.9993882179260254,B03,2
asl_citizen:06435626447582354-GOODY GOODY,asl_citizen:06435626447582354-GOODY GOODY,P49,test,GOLD_EXISTING_LEXICAL_OR_SENTENCE,67,67,1,0.9909772872924805,B03,2
asl_citizen:14950036237990116-GOODY GOODY,asl_citizen:14950036237990116-GOODY GOODY,P9,test,GOLD_EXISTING_LEXICAL_OR_SENTENCE,67,67,1,0.5660105347633362,B03,2
asl_citizen:4097373051748292-GOODY GOODY,asl_citizen:4097373051748292-GOODY GOODY,P42,test,GOLD_EXISTING_LEXICAL_OR_SENTENCE,67,67,1,0.9988914132118225,B03,2
asl_citizen:4656692508464748-GOODY GOODY,asl_citizen:4656692508464748-GOODY GOODY,P22,test,GOLD_EXISTING_LEXICAL_OR_SENTENCE,67,67,1,0.812884509563446,B03,2
asl_citizen:03740321587125295-GOSSIP,asl_citizen:03740321587125295-GOSSIP,P6,test,GOLD_EXISTING_LEXICAL_OR_SENTENCE,68,68,1,0.9954578876495361,B03,2
asl_citizen:9939971429693508-GOSSIP,asl_citizen:9939971429693508-GOSSIP,P35,test,GOLD_EXISTING_LEXICAL_OR_SENTENCE,68,68,1,0.9999991655349731,B03,2
asl_citizen:5165746037760632-GOSSIP,asl_citizen:5165746037760632-GOSSIP,P18,test,GOLD_EXISTING_LEXICAL_OR_SENTENCE,68,68,1,1.0,B03,2
asl_citizen:23172529882044524-GOSSIP,asl_citizen:23172529882044524-GOSSIP,P49,test,GOLD_EXISTING_LEXICAL_OR_SENTENCE,68,68,1,0.9999024868011475,B03,2
asl_citizen:39031509340426895-GOSSIP,asl_citizen:39031509340426895-GOSSIP,P15,test,GOLD_EXISTING_LEXICAL_OR_SENTENCE,68,66,0,0.7646527290344238,B03,2
asl_citizen:19982674343504603-GOSSIP,asl_citizen:19982674343504603-GOSSIP,P22,test,GOLD_EXISTING_LEXICAL_OR_SENTENCE,68,66,0,0.5461934208869934,B03,2
asl_citizen:9146918912613047-GOSSIP,asl_citizen:9146918912613047-GOSSIP,P48,test,GOLD_EXISTING_LEXICAL_OR_SENTENCE,68,66,0,0.90139240026474,B03,2
asl_citizen:5762063843713603-GOSSIP,asl_citizen:5762063843713603-GOSSIP,P17,test,GOLD_EXISTING_LEXICAL_OR_SENTENCE,68,66,0,0.739059329032898,B03,2
asl_citizen:37216701137025443-GRADE,asl_citizen:37216701137025443-GRADE,P6,test,GOLD_EXISTING_LEXICAL_OR_SENTENCE,69,69,1,0.8528160452842712,B03,2
asl_citizen:8393962306618334-GRADE,asl_citizen:8393962306618334-GRADE,P47,test,GOLD_EXISTING_LEXICAL_OR_SENTENCE,69,69,1,0.99998939037323,B03,2
asl_citizen:33207404197369694-GRADE,asl_citizen:33207404197369694-GRADE,P48,test,GOLD_EXISTING_LEXICAL_OR_SENTENCE,69,69,1,0.9999973773956299,B03,2
asl_citizen:7579612818665484-GRADE,asl_citizen:7579612818665484-GRADE,P17,test,GOLD_EXISTING_LEXICAL_OR_SENTENCE,69,50,0,0.982893168926239,B03,2
asl_citizen:794574458045535-GRADE,asl_citizen:794574458045535-GRADE,P15,test,GOLD_EXISTING_LEXICAL_OR_SENTENCE,69,69,1,0.9999948740005493,B03,2
asl_citizen:4345736314857702-GRADE,asl_citizen:4345736314857702-GRADE,P9,test,GOLD_EXISTING_LEXICAL_OR_SENTENCE,69,69,1,0.6478222608566284,B03,2
asl_citizen:5444393473662237-GRADE,asl_citizen:5444393473662237-GRADE,P22,test,GOLD_EXISTING_LEXICAL_OR_SENTENCE,69,69,1,1.0,B03,2
asl_citizen:3393909896612719-GRADE,asl_citizen:3393909896612719-GRADE,P6,test,GOLD_EXISTING_LEXICAL_OR_SENTENCE,69,114,0,0.5209143161773682,B03,2
asl_citizen:4263603161819096-GREEN,asl_citizen:4263603161819096-GREEN,P6,test,GOLD_EXISTING_LEXICAL_OR_SENTENCE,70,70,1,0.999595582485199,B03,2
asl_citizen:8521113894614278-GREEN,asl_citizen:8521113894614278-GREEN,P42,test,GOLD_EXISTING_LEXICAL_OR_SENTENCE,70,70,1,1.0,B03,2
asl_citizen:5276371337374621-GREEN,asl_citizen:5276371337374621-GREEN,P35,test,GOLD_EXISTING_LEXICAL_OR_SENTENCE,70,70,1,0.9999985694885254,B03,2
asl_citizen:7135369459309966-GREEN,asl_citizen:7135369459309966-GREEN,P47,test,GOLD_EXISTING_LEXICAL_OR_SENTENCE,70,70,1,0.9999997615814209,B03,2
asl_citizen:423338670903896-GREEN,asl_citizen:423338670903896-GREEN,P15,test,GOLD_EXISTING_LEXICAL_OR_SENTENCE,70,70,1,0.9691897034645081,B03,2
asl_citizen:1675036978582043-GREEN,asl_citizen:1675036978582043-GREEN,P18,test,GOLD_EXISTING_LEXICAL_OR_SENTENCE,70,70,1,0.9999891519546509,B03,2
asl_citizen:38510356895492914-GREEN,asl_citizen:38510356895492914-GREEN,P18,test,GOLD_EXISTING_LEXICAL_OR_SENTENCE,70,70,1,0.9999990463256836,B03,2
asl_citizen:8772249335735898-GREEN,asl_citizen:8772249335735898-GREEN,P9,test,GOLD_EXISTING_LEXICAL_OR_SENTENCE,70,70,1,0.9999911785125732,B03,2
asl_citizen:5820875139386561-GUESS,asl_citizen:5820875139386561-GUESS,P22,test,GOLD_EXISTING_LEXICAL_OR_SENTENCE,71,71,1,0.9998509883880615,B03,2
asl_citizen:5218419103318646-GUESS,asl_citizen:5218419103318646-GUESS,P9,test,GOLD_EXISTING_LEXICAL_OR_SENTENCE,71,71,1,0.9610787630081177,B03,2
asl_citizen:7900570521805592-GUESS,asl_citizen:7900570521805592-GUESS,P48,test,GOLD_EXISTING_LEXICAL_OR_SENTENCE,71,71,1,0.9999691247940063,B03,2
asl_citizen:01603320772096839-GUESS,asl_citizen:01603320772096839-GUESS,P42,test,GOLD_EXISTING_LEXICAL_OR_SENTENCE,71,71,1,0.9998831748962402,B03,2
asl_citizen:8333184919350309-GUESS,asl_citizen:8333184919350309-GUESS,P18,test,GOLD_EXISTING_LEXICAL_OR_SENTENCE,71,71,1,0.9718913435935974,B03,2
asl_citizen:09844516715257434-GUESS,asl_citizen:09844516715257434-GUESS,P6,test,GOLD_EXISTING_LEXICAL_OR_SENTENCE,71,71,1,0.9986976385116577,B03,2
asl_citizen:6568942384866152-GUESS,asl_citizen:6568942384866152-GUESS,P6,test,GOLD_EXISTING_LEXICAL_OR_SENTENCE,71,71,1,0.9922696352005005,B03,2
asl_citizen:25323376667781083-GUESS,asl_citizen:25323376667781083-GUESS,P49,test,GOLD_EXISTING_LEXICAL_OR_SENTENCE,71,71,1,0.9996552467346191,B03,2
asl_citizen:6741347999864296-HAIRDRYER 2,asl_citizen:6741347999864296-HAIRDRYER 2,P49,test,GOLD_EXISTING_LEXICAL_OR_SENTENCE,72,72,1,0.8573520183563232,B03,2
asl_citizen:32498447351551696-HAIRDRYER 2,asl_citizen:32498447351551696-HAIRDRYER 2,P9,test,GOLD_EXISTING_LEXICAL_OR_SENTENCE,72,72,1,0.9911885261535645,B03,2
asl_citizen:6224497800300419-HAIRDRYER 2,asl_citizen:6224497800300419-HAIRDRYER 2,P42,test,GOLD_EXISTING_LEXICAL_OR_SENTENCE,72,72,1,0.9997921586036682,B03,2
asl_citizen:4243976120313342-HAIRDRYER 2,asl_citizen:4243976120313342-HAIRDRYER 2,P17,test,GOLD_EXISTING_LEXICAL_OR_SENTENCE,72,72,1,0.9998592138290405,B03,2
asl_citizen:8109692495230645-HAIRDRYER 2,asl_citizen:8109692495230645-HAIRDRYER 2,P49,test,GOLD_EXISTING_LEXICAL_OR_SENTENCE,72,72,1,0.6889535188674927,B03,2
asl_citizen:9575492904668972-HAIRDRYER 2,asl_citizen:9575492904668972-HAIRDRYER 2,P48,test,GOLD_EXISTING_LEXICAL_OR_SENTENCE,72,72,1,0.9999998807907104,B03,2
asl_citizen:34183922704746017-HAIRDRYER 2,asl_citizen:34183922704746017-HAIRDRYER 2,P47,test,GOLD_EXISTING_LEXICAL_OR_SENTENCE,72,72,1,0.9686446785926819,B03,2
asl_citizen:6558978753678653-HAIRDRYER 2,asl_citizen:6558978753678653-HAIRDRYER 2,P15,test,GOLD_EXISTING_LEXICAL_OR_SENTENCE,72,72,1,0.9999339580535889,B03,2
asl_citizen:32098923929264234-HAT,asl_citizen:32098923929264234-HAT,P35,test,GOLD_EXISTING_LEXICAL_OR_SENTENCE,73,73,1,1.0,B03,2
asl_citizen:9985415930780313-HAT,asl_citizen:9985415930780313-HAT,P15,test,GOLD_EXISTING_LEXICAL_OR_SENTENCE,73,73,1,1.0,B03,2
asl_citizen:3036564121487382-HAT,asl_citizen:3036564121487382-HAT,P35,test,GOLD_EXISTING_LEXICAL_OR_SENTENCE,73,73,1,1.0,B03,2
asl_citizen:8846398393301413-HAT,asl_citizen:8846398393301413-HAT,P6,test,GOLD_EXISTING_LEXICAL_OR_SENTENCE,73,173,0,0.9986359477043152,B03,2
asl_citizen:046600423860213125-HAT,asl_citizen:046600423860213125-HAT,P48,test,GOLD_EXISTING_LEXICAL_OR_SENTENCE,73,173,0,0.675609827041626,B03,2
asl_citizen:5533326468754092-HAT,asl_citizen:5533326468754092-HAT,P49,test,GOLD_EXISTING_LEXICAL_OR_SENTENCE,73,92,0,0.7222610116004944,B03,2
asl_citizen:26813077364981597-HAT,asl_citizen:26813077364981597-HAT,P18,test,GOLD_EXISTING_LEXICAL_OR_SENTENCE,73,73,1,0.9999949932098389,B03,2
asl_citizen:6607991092996168-HAT,asl_citizen:6607991092996168-HAT,P22,test,GOLD_EXISTING_LEXICAL_OR_SENTENCE,73,173,0,0.9990195035934448,B03,2
asl_citizen:67900573933741-HEAR 1,asl_citizen:67900573933741-HEAR 1,P35,test,GOLD_EXISTING_LEXICAL_OR_SENTENCE,74,74,1,0.9983941912651062,B03,2
asl_citizen:9311193287262545-HEAR 1,asl_citizen:9311193287262545-HEAR 1,P15,test,GOLD_EXISTING_LEXICAL_OR_SENTENCE,74,74,1,0.7595177292823792,B03,2
asl_citizen:7966385870123283-HEAR 1,asl_citizen:7966385870123283-HEAR 1,P49,test,GOLD_EXISTING_LEXICAL_OR_SENTENCE,74,49,0,0.5041427612304688,B03,2
asl_citizen:7364131161995371-HEAR 1,asl_citizen:7364131161995371-HEAR 1,P48,test,GOLD_EXISTING_LEXICAL_OR_SENTENCE,74,74,1,0.5188327431678772,B03,2
asl_citizen:5311560559975703-HEAR 1,asl_citizen:5311560559975703-HEAR 1,P22,test,GOLD_EXISTING_LEXICAL_OR_SENTENCE,74,74,1,1.0,B03,2
asl_citizen:35682230845078644-HEAR 1,asl_citizen:35682230845078644-HEAR 1,P9,test,GOLD_EXISTING_LEXICAL_OR_SENTENCE,74,74,1,0.9995518326759338,B03,2
asl_citizen:6954820762135137-HEAR 1,asl_citizen:6954820762135137-HEAR 1,P6,test,GOLD_EXISTING_LEXICAL_OR_SENTENCE,74,74,1,0.9248948097229004,B03,2
asl_citizen:761663678321769-HEAR 1,asl_citizen:761663678321769-HEAR 1,P47,test,GOLD_EXISTING_LEXICAL_OR_SENTENCE,74,111,0,0.7232704162597656,B03,2
asl_citizen:8082964374782353-HIGH,asl_citizen:8082964374782353-HIGH,P47,test,GOLD_EXISTING_LEXICAL_OR_SENTENCE,75,75,1,0.9999986886978149,B03,2
asl_citizen:019405526867787515-HIGH,asl_citizen:019405526867787515-HIGH,P6,test,GOLD_EXISTING_LEXICAL_OR_SENTENCE,75,75,1,0.9999995231628418,B03,2
asl_citizen:36696306461242334-HIGH,asl_citizen:36696306461242334-HIGH,P42,test,GOLD_EXISTING_LEXICAL_OR_SENTENCE,75,75,1,0.9974887371063232,B03,2
asl_citizen:03746782380974456-HIGH,asl_citizen:03746782380974456-HIGH,P9,test,GOLD_EXISTING_LEXICAL_OR_SENTENCE,75,75,1,0.9999951124191284,B03,2
asl_citizen:2330547622390684-HIGH,asl_citizen:2330547622390684-HIGH,P15,test,GOLD_EXISTING_LEXICAL_OR_SENTENCE,75,75,1,1.0,B03,2
asl_citizen:7440067813913971-HIGH,asl_citizen:7440067813913971-HIGH,P17,test,GOLD_EXISTING_LEXICAL_OR_SENTENCE,75,101,0,0.523514449596405,B03,2
asl_citizen:8048026569943465-HIGH,asl_citizen:8048026569943465-HIGH,P22,test,GOLD_EXISTING_LEXICAL_OR_SENTENCE,75,75,1,1.0,B03,2
asl_citizen:788612698571016-HIGH,asl_citizen:788612698571016-HIGH,P49,test,GOLD_EXISTING_LEXICAL_OR_SENTENCE,75,162,0,0.7359912991523743,B03,2
asl_citizen:676739603328083-HOME,asl_citizen:676739603328083-HOME,P35,test,GOLD_EXISTING_LEXICAL_OR_SENTENCE,76,76,1,1.0,B03,2
asl_citizen:6867078000301718-HOME,asl_citizen:6867078000301718-HOME,P15,test,GOLD_EXISTING_LEXICAL_OR_SENTENCE,76,171,0,0.5810152888298035,B03,2
asl_citizen:12817656792505772-HOME,asl_citizen:12817656792505772-HOME,P6,test,GOLD_EXISTING_LEXICAL_OR_SENTENCE,76,160,0,0.9833797812461853,B03,2
asl_citizen:5902741029270153-HOME,asl_citizen:5902741029270153-HOME,P22,test,GOLD_EXISTING_LEXICAL_OR_SENTENCE,76,76,1,0.9999998807907104,B03,2
asl_citizen:15614531692180766-HOME,asl_citizen:15614531692180766-HOME,P47,test,GOLD_EXISTING_LEXICAL_OR_SENTENCE,76,76,1,0.9993206262588501,B03,2
asl_citizen:2819168857196481-HOME,asl_citizen:2819168857196481-HOME,P49,test,GOLD_EXISTING_LEXICAL_OR_SENTENCE,76,76,1,0.9173803925514221,B03,2
asl_citizen:07893945056302032-HOME,asl_citizen:07893945056302032-HOME,P35,test,GOLD_EXISTING_LEXICAL_OR_SENTENCE,76,76,1,1.0,B03,2
asl_citizen:8251121237297434-HOME,asl_citizen:8251121237297434-HOME,P17,test,GOLD_EXISTING_LEXICAL_OR_SENTENCE,76,76,1,0.9999998807907104,B03,2
asl_citizen:11775239102850565-HONEST,asl_citizen:11775239102850565-HONEST,P6,test,GOLD_EXISTING_LEXICAL_OR_SENTENCE,77,60,0,0.7682532668113708,B03,2
asl_citizen:9427860399005261-HONEST,asl_citizen:9427860399005261-HONEST,P35,test,GOLD_EXISTING_LEXICAL_OR_SENTENCE,77,77,1,1.0,B03,2
asl_citizen:336316703924449-HONEST,asl_citizen:336316703924449-HONEST,P17,test,GOLD_EXISTING_LEXICAL_OR_SENTENCE,77,10,0,0.5317554473876953,B03,2
asl_citizen:24622145055242983-HONEST,asl_citizen:24622145055242983-HONEST,P49,test,GOLD_EXISTING_LEXICAL_OR_SENTENCE,77,77,1,0.9999997615814209,B03,2
asl_citizen:744556653605045-HONEST,asl_citizen:744556653605045-HONEST,P9,test,GOLD_EXISTING_LEXICAL_OR_SENTENCE,77,77,1,0.9998863935470581,B03,2
asl_citizen:021273201795612096-HONEST,asl_citizen:021273201795612096-HONEST,P42,test,GOLD_EXISTING_LEXICAL_OR_SENTENCE,77,77,1,0.9999979734420776,B03,2
asl_citizen:6755699533521777-HONEST,asl_citizen:6755699533521777-HONEST,P47,test,GOLD_EXISTING_LEXICAL_OR_SENTENCE,77,77,1,0.9999995231628418,B03,2
asl_citizen:8123638080996338-HONEST,asl_citizen:8123638080996338-HONEST,P22,test,GOLD_EXISTING_LEXICAL_OR_SENTENCE,77,141,0,0.7760156393051147,B03,2
asl_citizen:25551104180574113-HOOD,asl_citizen:25551104180574113-HOOD,P6,test,GOLD_EXISTING_LEXICAL_OR_SENTENCE,78,78,1,0.9999804496765137,B03,2
asl_citizen:8976000945964357-HOOD,asl_citizen:8976000945964357-HOOD,P47,test,GOLD_EXISTING_LEXICAL_OR_SENTENCE,78,78,1,0.9993467926979065,B03,2
asl_citizen:9263285575710896-HOOD,asl_citizen:9263285575710896-HOOD,P35,test,GOLD_EXISTING_LEXICAL_OR_SENTENCE,78,78,1,0.9999436140060425,B03,2
asl_citizen:1583359273533682-HOOD,asl_citizen:1583359273533682-HOOD,P48,test,GOLD_EXISTING_LEXICAL_OR_SENTENCE,78,78,1,0.9997007846832275,B03,2
asl_citizen:8155034004201016-HOOD,asl_citizen:8155034004201016-HOOD,P18,test,GOLD_EXISTING_LEXICAL_OR_SENTENCE,78,78,1,0.9999992847442627,B03,2
asl_citizen:5571272464622639-HOOD,asl_citizen:5571272464622639-HOOD,P22,test,GOLD_EXISTING_LEXICAL_OR_SENTENCE,78,78,1,0.9999998807907104,B03,2
asl_citizen:07922469608639848-HOOD,asl_citizen:07922469608639848-HOOD,P49,test,GOLD_EXISTING_LEXICAL_OR_SENTENCE,78,184,0,0.6632130146026611,B03,2
asl_citizen:15598900251707315-HOOD,asl_citizen:15598900251707315-HOOD,P15,test,GOLD_EXISTING_LEXICAL_OR_SENTENCE,78,78,1,0.9999748468399048,B03,2
asl_citizen:2692742482574726-HORSE,asl_citizen:2692742482574726-HORSE,P15,test,GOLD_EXISTING_LEXICAL_OR_SENTENCE,79,79,1,0.995230495929718,B03,2
asl_citizen:5789807599290535-HORSE,asl_citizen:5789807599290535-HORSE,P17,test,GOLD_EXISTING_LEXICAL_OR_SENTENCE,79,79,1,0.9966027736663818,B03,2
asl_citizen:5727026839535156-HORSE,asl_citizen:5727026839535156-HORSE,P42,test,GOLD_EXISTING_LEXICAL_OR_SENTENCE,79,79,1,0.6139480471611023,B03,2
asl_citizen:8313814355209994-HORSE,asl_citizen:8313814355209994-HORSE,P6,test,GOLD_EXISTING_LEXICAL_OR_SENTENCE,79,79,1,0.9999033212661743,B03,2
asl_citizen:8098690736190246-HORSE,asl_citizen:8098690736190246-HORSE,P49,test,GOLD_EXISTING_LEXICAL_OR_SENTENCE,79,79,1,0.9987044334411621,B03,2
asl_citizen:14665061348656794-HORSE,asl_citizen:14665061348656794-HORSE,P22,test,GOLD_EXISTING_LEXICAL_OR_SENTENCE,79,50,0,0.981067955493927,B03,2
asl_citizen:42530790061664225-HORSE,asl_citizen:42530790061664225-HORSE,P47,test,GOLD_EXISTING_LEXICAL_OR_SENTENCE,79,79,1,0.9999988079071045,B03,2
asl_citizen:19343478371779788-HORSE,asl_citizen:19343478371779788-HORSE,P9,test,GOLD_EXISTING_LEXICAL_OR_SENTENCE,79,79,1,1.0,B03,2
asl_citizen:4378009582630418-HOSE,asl_citizen:4378009582630418-HOSE,P22,test,GOLD_EXISTING_LEXICAL_OR_SENTENCE,80,80,1,0.9999969005584717,B03,2
asl_citizen:5600046219533195-HOSE,asl_citizen:5600046219533195-HOSE,P48,test,GOLD_EXISTING_LEXICAL_OR_SENTENCE,80,152,0,0.9713837504386902,B03,2
asl_citizen:03730057138427045-HOSE,asl_citizen:03730057138427045-HOSE,P9,test,GOLD_EXISTING_LEXICAL_OR_SENTENCE,80,80,1,0.9983816146850586,B03,2
asl_citizen:49966105955096474-HOSE,asl_citizen:49966105955096474-HOSE,P6,test,GOLD_EXISTING_LEXICAL_OR_SENTENCE,80,47,0,0.9939504861831665,B03,2
asl_citizen:9065687854124962-HOSE,asl_citizen:9065687854124962-HOSE,P47,test,GOLD_EXISTING_LEXICAL_OR_SENTENCE,80,80,1,0.9999668598175049,B03,2
asl_citizen:31411278908677875-HOSE,asl_citizen:31411278908677875-HOSE,P49,test,GOLD_EXISTING_LEXICAL_OR_SENTENCE,80,80,1,0.9979275465011597,B03,2
asl_citizen:1499128629430715-HOSE,asl_citizen:1499128629430715-HOSE,P17,test,GOLD_EXISTING_LEXICAL_OR_SENTENCE,80,80,1,0.9942488670349121,B03,2
asl_citizen:15710227548781797-HOSE,asl_citizen:15710227548781797-HOSE,P15,test,GOLD_EXISTING_LEXICAL_OR_SENTENCE,80,80,1,0.7247952818870544,B03,2
asl_citizen:7309019208035838-HOT COMPETITION,asl_citizen:7309019208035838-HOT COMPETITION,P35,test,GOLD_EXISTING_LEXICAL_OR_SENTENCE,81,83,0,0.9973869919776917,B03,2
asl_citizen:008593165538921532-HOT COMPETITION,asl_citizen:008593165538921532-HOT COMPETITION,P47,test,GOLD_EXISTING_LEXICAL_OR_SENTENCE,81,81,1,0.9999954700469971,B03,2
asl_citizen:5326123026269636-HOT COMPETITION,asl_citizen:5326123026269636-HOT COMPETITION,P9,test,GOLD_EXISTING_LEXICAL_OR_SENTENCE,81,81,1,0.7053275108337402,B03,2
asl_citizen:056793841861314975-HOT COMPETITION,asl_citizen:056793841861314975-HOT COMPETITION,P18,test,GOLD_EXISTING_LEXICAL_OR_SENTENCE,81,81,1,0.7021974921226501,B03,2
asl_citizen:9308334069107502-HOT COMPETITION,asl_citizen:9308334069107502-HOT COMPETITION,P48,test,GOLD_EXISTING_LEXICAL_OR_SENTENCE,81,81,1,0.9998840093612671,B03,2
asl_citizen:42753123857435216-HOT COMPETITION,asl_citizen:42753123857435216-HOT COMPETITION,P17,test,GOLD_EXISTING_LEXICAL_OR_SENTENCE,81,81,1,0.9999426603317261,B03,2
asl_citizen:6680394676994672-HOT COMPETITION,asl_citizen:6680394676994672-HOT COMPETITION,P49,test,GOLD_EXISTING_LEXICAL_OR_SENTENCE,81,81,1,0.9927316308021545,B03,2
asl_citizen:7248111191514559-HOT COMPETITION,asl_citizen:7248111191514559-HOT COMPETITION,P49,test,GOLD_EXISTING_LEXICAL_OR_SENTENCE,81,81,1,0.9999532699584961,B03,2
asl_citizen:9838705366556413-HOUR,asl_citizen:9838705366556413-HOUR,P9,test,GOLD_EXISTING_LEXICAL_OR_SENTENCE,82,113,0,0.6295273303985596,B03,2
asl_citizen:23859553321528004-HOUR,asl_citizen:23859553321528004-HOUR,P6,test,GOLD_EXISTING_LEXICAL_OR_SENTENCE,82,95,0,0.9980033040046692,B03,2
asl_citizen:5161657443452838-HOUR,asl_citizen:5161657443452838-HOUR,P48,test,GOLD_EXISTING_LEXICAL_OR_SENTENCE,82,82,1,0.9212303161621094,B03,2
asl_citizen:2617780282048199-HOUR,asl_citizen:2617780282048199-HOUR,P15,test,GOLD_EXISTING_LEXICAL_OR_SENTENCE,82,82,1,0.9993674159049988,B03,2
asl_citizen:6246295603567458-HOUR,asl_citizen:6246295603567458-HOUR,P35,test,GOLD_EXISTING_LEXICAL_OR_SENTENCE,82,82,1,0.9982436895370483,B03,2
asl_citizen:13124271472652205-HOUR,asl_citizen:13124271472652205-HOUR,P49,test,GOLD_EXISTING_LEXICAL_OR_SENTENCE,82,82,1,0.9999792575836182,B03,2
asl_citizen:9190739293672041-HOUR,asl_citizen:9190739293672041-HOUR,P42,test,GOLD_EXISTING_LEXICAL_OR_SENTENCE,82,82,1,0.9999903440475464,B03,2
asl_citizen:2967497671012651-HOUR,asl_citizen:2967497671012651-HOUR,P15,test,GOLD_EXISTING_LEXICAL_OR_SENTENCE,82,82,1,0.999996542930603,B03,2
asl_citizen:6119825081396184-HOW,asl_citizen:6119825081396184-HOW,P9,test,GOLD_EXISTING_LEXICAL_OR_SENTENCE,83,83,1,0.9920158386230469,B03,2
asl_citizen:3976156540390696-HOW,asl_citizen:3976156540390696-HOW,P6,test,GOLD_EXISTING_LEXICAL_OR_SENTENCE,83,83,1,0.8756081461906433,B03,2
asl_citizen:670019265660998-HOW,asl_citizen:670019265660998-HOW,P15,test,GOLD_EXISTING_LEXICAL_OR_SENTENCE,83,81,0,0.9998781681060791,B03,2
asl_citizen:25388875174562653-HOW,asl_citizen:25388875174562653-HOW,P35,test,GOLD_EXISTING_LEXICAL_OR_SENTENCE,83,88,0,0.5881826281547546,B03,2
asl_citizen:12045635816655964-HOW,asl_citizen:12045635816655964-HOW,P22,test,GOLD_EXISTING_LEXICAL_OR_SENTENCE,83,83,1,0.9998935461044312,B03,2
asl_citizen:8032623168123776-HOW,asl_citizen:8032623168123776-HOW,P48,test,GOLD_EXISTING_LEXICAL_OR_SENTENCE,83,83,1,0.9999939203262329,B03,2
asl_citizen:9935032342175718-HOW,asl_citizen:9935032342175718-HOW,P18,test,GOLD_EXISTING_LEXICAL_OR_SENTENCE,83,33,0,0.6663774847984314,B03,2
asl_citizen:06437354909692172-HOW,asl_citizen:06437354909692172-HOW,P47,test,GOLD_EXISTING_LEXICAL_OR_SENTENCE,83,83,1,0.9999991655349731,B03,2
asl_citizen:9175029534932002-IDEA,asl_citizen:9175029534932002-IDEA,P42,test,GOLD_EXISTING_LEXICAL_OR_SENTENCE,84,84,1,0.9998456239700317,B03,2
asl_citizen:39832665158284586-IDEA,asl_citizen:39832665158284586-IDEA,P9,test,GOLD_EXISTING_LEXICAL_OR_SENTENCE,84,84,1,0.99992835521698,B03,2
asl_citizen:05896609052960833-IDEA,asl_citizen:05896609052960833-IDEA,P35,test,GOLD_EXISTING_LEXICAL_OR_SENTENCE,84,84,1,1.0,B03,2
asl_citizen:012630206816134137-IDEA,asl_citizen:012630206816134137-IDEA,P47,test,GOLD_EXISTING_LEXICAL_OR_SENTENCE,84,84,1,0.9988812804222107,B03,2
asl_citizen:14252290148381364-IDEA,asl_citizen:14252290148381364-IDEA,P18,test,GOLD_EXISTING_LEXICAL_OR_SENTENCE,84,84,1,0.9999212026596069,B03,2
asl_citizen:8650018253260388-IDEA,asl_citizen:8650018253260388-IDEA,P17,test,GOLD_EXISTING_LEXICAL_OR_SENTENCE,84,84,1,0.9995259046554565,B03,2
asl_citizen:5478752453847953-IDEA,asl_citizen:5478752453847953-IDEA,P15,test,GOLD_EXISTING_LEXICAL_OR_SENTENCE,84,84,1,0.9999798536300659,B03,2
asl_citizen:6696951439312999-IDEA,asl_citizen:6696951439312999-IDEA,P22,test,GOLD_EXISTING_LEXICAL_OR_SENTENCE,84,84,1,0.9996432065963745,B03,2
asl_citizen:6557459030517943-I LOVE_YOU,asl_citizen:6557459030517943-I LOVE_YOU,P17,test,GOLD_EXISTING_LEXICAL_OR_SENTENCE,85,85,1,0.9999927282333374,B03,2
asl_citizen:9907335846979228-I LOVE_YOU,asl_citizen:9907335846979228-I LOVE_YOU,P9,test,GOLD_EXISTING_LEXICAL_OR_SENTENCE,85,85,1,0.9999898672103882,B03,2
asl_citizen:34490682580511267-I LOVE_YOU,asl_citizen:34490682580511267-I LOVE_YOU,P42,test,GOLD_EXISTING_LEXICAL_OR_SENTENCE,85,85,1,0.9999997615814209,B03,2
asl_citizen:8849753275378287-I LOVE_YOU,asl_citizen:8849753275378287-I LOVE_YOU,P18,test,GOLD_EXISTING_LEXICAL_OR_SENTENCE,85,85,1,0.9999998807907104,B03,2
asl_citizen:7493890316618326-I LOVE_YOU,asl_citizen:7493890316618326-I LOVE_YOU,P15,test,GOLD_EXISTING_LEXICAL_OR_SENTENCE,85,85,1,0.999998927116394,B03,2
asl_citizen:08874443399142495-I LOVE_YOU,asl_citizen:08874443399142495-I LOVE_YOU,P6,test,GOLD_EXISTING_LEXICAL_OR_SENTENCE,85,85,1,0.9999966621398926,B03,2
asl_citizen:5826688362186219-I LOVE_YOU,asl_citizen:5826688362186219-I LOVE_YOU,P48,test,GOLD_EXISTING_LEXICAL_OR_SENTENCE,85,85,1,0.9999991655349731,B03,2
asl_citizen:7639904302705367-I LOVE_YOU,asl_citizen:7639904302705367-I LOVE_YOU,P22,test,GOLD_EXISTING_LEXICAL_OR_SENTENCE,85,85,1,0.9999998807907104,B03,2
asl_citizen:3463705826519745-INTEREST,asl_citizen:3463705826519745-INTEREST,P18,test,GOLD_EXISTING_LEXICAL_OR_SENTENCE,86,86,1,0.9999997615814209,B03,2
asl_citizen:38052402121060425-INTEREST,asl_citizen:38052402121060425-INTEREST,P9,test,GOLD_EXISTING_LEXICAL_OR_SENTENCE,86,140,0,0.9494705200195312,B03,2
asl_citizen:8023619855424482-INTEREST,asl_citizen:8023619855424482-INTEREST,P15,test,GOLD_EXISTING_LEXICAL_OR_SENTENCE,86,86,1,0.9999603033065796,B03,2
asl_citizen:8116297240291286-INTEREST,asl_citizen:8116297240291286-INTEREST,P35,test,GOLD_EXISTING_LEXICAL_OR_SENTENCE,86,86,1,0.9884853363037109,B03,2
asl_citizen:7796514898484361-INTEREST,asl_citizen:7796514898484361-INTEREST,P48,test,GOLD_EXISTING_LEXICAL_OR_SENTENCE,86,86,1,0.9998519420623779,B03,2
asl_citizen:36812439575962763-INTEREST,asl_citizen:36812439575962763-INTEREST,P35,test,GOLD_EXISTING_LEXICAL_OR_SENTENCE,86,86,1,0.9997888207435608,B03,2
asl_citizen:9875372584872615-INTEREST,asl_citizen:9875372584872615-INTEREST,P17,test,GOLD_EXISTING_LEXICAL_OR_SENTENCE,86,86,1,0.77572101354599,B03,2
asl_citizen:9844100730450818-INTEREST,asl_citizen:9844100730450818-INTEREST,P49,test,GOLD_EXISTING_LEXICAL_OR_SENTENCE,86,86,1,0.7394717335700989,B03,2
asl_citizen:10261467643150368-JOIN,asl_citizen:10261467643150368-JOIN,P18,test,GOLD_EXISTING_LEXICAL_OR_SENTENCE,87,87,1,0.9085472822189331,B03,2
asl_citizen:3326476870060395-JOIN,asl_citizen:3326476870060395-JOIN,P22,test,GOLD_EXISTING_LEXICAL_OR_SENTENCE,87,87,1,0.9984127283096313,B03,2
asl_citizen:4441345550988667-JOIN,asl_citizen:4441345550988667-JOIN,P47,test,GOLD_EXISTING_LEXICAL_OR_SENTENCE,87,87,1,0.9929555654525757,B03,2
asl_citizen:1174592625933808-JOIN,asl_citizen:1174592625933808-JOIN,P15,test,GOLD_EXISTING_LEXICAL_OR_SENTENCE,87,87,1,0.9962463974952698,B03,2
asl_citizen:4761719915092386-JOIN,asl_citizen:4761719915092386-JOIN,P35,test,GOLD_EXISTING_LEXICAL_OR_SENTENCE,87,87,1,0.9999972581863403,B03,2
asl_citizen:45140722148508927-JOIN,asl_citizen:45140722148508927-JOIN,P9,test,GOLD_EXISTING_LEXICAL_OR_SENTENCE,87,23,0,0.8117713332176208,B03,2
asl_citizen:8210590206040755-JOIN,asl_citizen:8210590206040755-JOIN,P17,test,GOLD_EXISTING_LEXICAL_OR_SENTENCE,87,112,0,0.8934941291809082,B03,2
asl_citizen:41616634478859305-JOIN,asl_citizen:41616634478859305-JOIN,P48,test,GOLD_EXISTING_LEXICAL_OR_SENTENCE,87,87,1,0.9999580383300781,B03,2
asl_citizen:6999554349676462-KANGAROO 2,asl_citizen:6999554349676462-KANGAROO 2,P47,test,GOLD_EXISTING_LEXICAL_OR_SENTENCE,88,88,1,0.9999939203262329,B03,2
asl_citizen:6912740108616413-KANGAROO 2,asl_citizen:6912740108616413-KANGAROO 2,P47,test,GOLD_EXISTING_LEXICAL_OR_SENTENCE,88,88,1,1.0,B03,2
asl_citizen:7038656360784132-KANGAROO 2,asl_citizen:7038656360784132-KANGAROO 2,P17,test,GOLD_EXISTING_LEXICAL_OR_SENTENCE,88,88,1,0.9936673045158386,B03,2
asl_citizen:02773029522559667-KANGAROO 2,asl_citizen:02773029522559667-KANGAROO 2,P18,test,GOLD_EXISTING_LEXICAL_OR_SENTENCE,88,88,1,0.9999988079071045,B03,2
asl_citizen:7278557369974619-KANGAROO 2,asl_citizen:7278557369974619-KANGAROO 2,P48,test,GOLD_EXISTING_LEXICAL_OR_SENTENCE,88,88,1,1.0,B03,2
asl_citizen:34090409563989277-KANGAROO 2,asl_citizen:34090409563989277-KANGAROO 2,P42,test,GOLD_EXISTING_LEXICAL_OR_SENTENCE,88,88,1,1.0,B03,2
asl_citizen:521189301267927-KANGAROO 2,asl_citizen:521189301267927-KANGAROO 2,P9,test,GOLD_EXISTING_LEXICAL_OR_SENTENCE,88,88,1,0.9274374842643738,B03,2
asl_citizen:7429768838609976-KANGAROO 2,asl_citizen:7429768838609976-KANGAROO 2,P49,test,GOLD_EXISTING_LEXICAL_OR_SENTENCE,88,88,1,0.9999997615814209,B03,2
asl_citizen:3317409314556574-KICK,asl_citizen:3317409314556574-KICK,P15,test,GOLD_EXISTING_LEXICAL_OR_SENTENCE,89,89,1,0.9878491163253784,B03,2
asl_citizen:14817251207565518-KICK,asl_citizen:14817251207565518-KICK,P22,test,GOLD_EXISTING_LEXICAL_OR_SENTENCE,89,89,1,1.0,B03,2
asl_citizen:9314133936472424-KICK,asl_citizen:9314133936472424-KICK,P42,test,GOLD_EXISTING_LEXICAL_OR_SENTENCE,89,89,1,1.0,B03,2
asl_citizen:795937483601687-KICK,asl_citizen:795937483601687-KICK,P35,test,GOLD_EXISTING_LEXICAL_OR_SENTENCE,89,89,1,0.9999915361404419,B03,2
asl_citizen:9851624659949432-KICK,asl_citizen:9851624659949432-KICK,P17,test,GOLD_EXISTING_LEXICAL_OR_SENTENCE,89,177,0,0.8752149343490601,B03,2
asl_citizen:4586573817891195-KICK,asl_citizen:4586573817891195-KICK,P6,test,GOLD_EXISTING_LEXICAL_OR_SENTENCE,89,58,0,0.823845624923706,B03,2
asl_citizen:4844899157287599-KICK,asl_citizen:4844899157287599-KICK,P48,test,GOLD_EXISTING_LEXICAL_OR_SENTENCE,89,89,1,0.9959086179733276,B03,2
asl_citizen:7521188582882532-KICK,asl_citizen:7521188582882532-KICK,P18,test,GOLD_EXISTING_LEXICAL_OR_SENTENCE,89,89,1,0.752583384513855,B03,2
asl_citizen:6424296514507701-KNIGHT,asl_citizen:6424296514507701-KNIGHT,P47,test,GOLD_EXISTING_LEXICAL_OR_SENTENCE,90,90,1,0.9996949434280396,B03,2
asl_citizen:31090954261767045-KNIGHT,asl_citizen:31090954261767045-KNIGHT,P48,test,GOLD_EXISTING_LEXICAL_OR_SENTENCE,90,140,0,0.4152884781360626,B03,2
asl_citizen:6508516478167936-KNIGHT,asl_citizen:6508516478167936-KNIGHT,P35,test,GOLD_EXISTING_LEXICAL_OR_SENTENCE,90,90,1,0.9989892840385437,B03,2
asl_citizen:6067700660442612-KNIGHT,asl_citizen:6067700660442612-KNIGHT,P9,test,GOLD_EXISTING_LEXICAL_OR_SENTENCE,90,90,1,0.34066832065582275,B03,2
asl_citizen:13614436278754405-KNIGHT,asl_citizen:13614436278754405-KNIGHT,P22,test,GOLD_EXISTING_LEXICAL_OR_SENTENCE,90,90,1,0.9999402761459351,B03,2
asl_citizen:6839450933707614-KNIGHT,asl_citizen:6839450933707614-KNIGHT,P42,test,GOLD_EXISTING_LEXICAL_OR_SENTENCE,90,90,1,0.9999986886978149,B03,2
asl_citizen:5339362864225501-KNIGHT,asl_citizen:5339362864225501-KNIGHT,P49,test,GOLD_EXISTING_LEXICAL_OR_SENTENCE,90,90,1,0.801957368850708,B03,2
asl_citizen:7130845415896367-KNIGHT,asl_citizen:7130845415896367-KNIGHT,P17,test,GOLD_EXISTING_LEXICAL_OR_SENTENCE,90,24,0,0.9616245627403259,B03,2
asl_citizen:10272082908204028-KNOCK,asl_citizen:10272082908204028-KNOCK,P18,test,GOLD_EXISTING_LEXICAL_OR_SENTENCE,91,91,1,0.9344013929367065,B03,2
asl_citizen:05950764626712579-KNOCK,asl_citizen:05950764626712579-KNOCK,P42,test,GOLD_EXISTING_LEXICAL_OR_SENTENCE,91,91,1,0.9999997615814209,B03,2
asl_citizen:26124622385285345-KNOCK,asl_citizen:26124622385285345-KNOCK,P48,test,GOLD_EXISTING_LEXICAL_OR_SENTENCE,91,36,0,0.9421685338020325,B03,2
asl_citizen:8255235186857126-KNOCK,asl_citizen:8255235186857126-KNOCK,P17,test,GOLD_EXISTING_LEXICAL_OR_SENTENCE,91,179,0,0.5363781452178955,B03,2
asl_citizen:8791176648131089-KNOCK,asl_citizen:8791176648131089-KNOCK,P47,test,GOLD_EXISTING_LEXICAL_OR_SENTENCE,91,91,1,0.99997878074646,B03,2
asl_citizen:15126432622280284-KNOCK,asl_citizen:15126432622280284-KNOCK,P15,test,GOLD_EXISTING_LEXICAL_OR_SENTENCE,91,91,1,0.9993329644203186,B03,2
asl_citizen:9543360683932953-KNOCK,asl_citizen:9543360683932953-KNOCK,P6,test,GOLD_EXISTING_LEXICAL_OR_SENTENCE,91,198,0,0.9470824003219604,B03,2
asl_citizen:37600566998390006-KNOCK,asl_citizen:37600566998390006-KNOCK,P9,test,GOLD_EXISTING_LEXICAL_OR_SENTENCE,91,91,1,0.8893895149230957,B03,2
asl_citizen:6718430672491644-KNOCK OFF,asl_citizen:6718430672491644-KNOCK OFF,P48,test,GOLD_EXISTING_LEXICAL_OR_SENTENCE,92,92,1,0.7953394055366516,B03,2
asl_citizen:9283447894074739-KNOCK OFF,asl_citizen:9283447894074739-KNOCK OFF,P18,test,GOLD_EXISTING_LEXICAL_OR_SENTENCE,92,92,1,0.999964714050293,B03,2
asl_citizen:6321583448772241-KNOCK OFF,asl_citizen:6321583448772241-KNOCK OFF,P22,test,GOLD_EXISTING_LEXICAL_OR_SENTENCE,92,92,1,0.9855681657791138,B03,2
asl_citizen:18199044839935596-KNOCK OFF,asl_citizen:18199044839935596-KNOCK OFF,P42,test,GOLD_EXISTING_LEXICAL_OR_SENTENCE,92,92,1,0.9334867596626282,B03,2
asl_citizen:22872224787766382-KNOCK OFF,asl_citizen:22872224787766382-KNOCK OFF,P15,test,GOLD_EXISTING_LEXICAL_OR_SENTENCE,92,92,1,0.9999938011169434,B03,2
asl_citizen:21873448157457043-KNOCK OFF,asl_citizen:21873448157457043-KNOCK OFF,P49,test,GOLD_EXISTING_LEXICAL_OR_SENTENCE,92,92,1,0.9945521950721741,B03,2
asl_citizen:929331239326652-KNOCK OFF,asl_citizen:929331239326652-KNOCK OFF,P17,test,GOLD_EXISTING_LEXICAL_OR_SENTENCE,92,160,0,0.7392362952232361,B03,2
asl_citizen:3665447424963564-KNOCK OFF,asl_citizen:3665447424963564-KNOCK OFF,P15,test,GOLD_EXISTING_LEXICAL_OR_SENTENCE,92,92,1,0.9942668080329895,B03,2
asl_citizen:7311303636632447-LAST WEEK,asl_citizen:7311303636632447-LAST WEEK,P42,test,GOLD_EXISTING_LEXICAL_OR_SENTENCE,93,93,1,1.0,B03,2
asl_citizen:21609426897118422-LAST WEEK,asl_citizen:21609426897118422-LAST WEEK,P47,test,GOLD_EXISTING_LEXICAL_OR_SENTENCE,93,93,1,1.0,B03,2
asl_citizen:11603479511382164-LAST WEEK,asl_citizen:11603479511382164-LAST WEEK,P6,test,GOLD_EXISTING_LEXICAL_OR_SENTENCE,93,2,0,0.7781227231025696,B03,2
asl_citizen:3925552982624321-LAST WEEK,asl_citizen:3925552982624321-LAST WEEK,P47,test,GOLD_EXISTING_LEXICAL_OR_SENTENCE,93,93,1,0.9999986886978149,B03,2
asl_citizen:1411499219278891-LAST WEEK,asl_citizen:1411499219278891-LAST WEEK,P9,test,GOLD_EXISTING_LEXICAL_OR_SENTENCE,93,93,1,0.9991095662117004,B03,2
asl_citizen:6115709690042423-LAST WEEK,asl_citizen:6115709690042423-LAST WEEK,P15,test,GOLD_EXISTING_LEXICAL_OR_SENTENCE,93,93,1,0.9999998807907104,B03,2
asl_citizen:3670373402114482-LAST WEEK,asl_citizen:3670373402114482-LAST WEEK,P35,test,GOLD_EXISTING_LEXICAL_OR_SENTENCE,93,93,1,0.9999970197677612,B03,2
asl_citizen:4650198376404946-LAST WEEK,asl_citizen:4650198376404946-LAST WEEK,P48,test,GOLD_EXISTING_LEXICAL_OR_SENTENCE,93,93,1,1.0,B03,2
asl_citizen:496560180727154-LEAD,asl_citizen:496560180727154-LEAD,P47,test,GOLD_EXISTING_LEXICAL_OR_SENTENCE,94,94,1,0.9993995428085327,B03,2
asl_citizen:33390126062499537-LEAD,asl_citizen:33390126062499537-LEAD,P22,test,GOLD_EXISTING_LEXICAL_OR_SENTENCE,94,94,1,0.9996687173843384,B03,2
asl_citizen:9641378475198281-LEAD,asl_citizen:9641378475198281-LEAD,P35,test,GOLD_EXISTING_LEXICAL_OR_SENTENCE,94,94,1,1.0,B03,2
asl_citizen:06867393032433267-LEAD,asl_citizen:06867393032433267-LEAD,P49,test,GOLD_EXISTING_LEXICAL_OR_SENTENCE,94,94,1,0.9999252557754517,B03,2
asl_citizen:8825208259954367-LEAD,asl_citizen:8825208259954367-LEAD,P48,test,GOLD_EXISTING_LEXICAL_OR_SENTENCE,94,94,1,0.9999997615814209,B03,2
asl_citizen:014637863876320933-LEAD,asl_citizen:014637863876320933-LEAD,P15,test,GOLD_EXISTING_LEXICAL_OR_SENTENCE,94,94,1,0.9999752044677734,B03,2
asl_citizen:874254463987109-LEAD,asl_citizen:874254463987109-LEAD,P9,test,GOLD_EXISTING_LEXICAL_OR_SENTENCE,94,94,1,0.8165509700775146,B03,2
asl_citizen:7677123520667197-LEAD,asl_citizen:7677123520667197-LEAD,P18,test,GOLD_EXISTING_LEXICAL_OR_SENTENCE,94,81,0,0.9284330606460571,B03,2
asl_citizen:20457985258147482-LEAVE ALONE,asl_citizen:20457985258147482-LEAVE ALONE,P17,test,GOLD_EXISTING_LEXICAL_OR_SENTENCE,95,95,1,0.8874520063400269,B03,2
asl_citizen:8775049512451283-LEAVE ALONE,asl_citizen:8775049512451283-LEAVE ALONE,P35,test,GOLD_EXISTING_LEXICAL_OR_SENTENCE,95,95,1,0.7836608290672302,B03,2
asl_citizen:049806503817004355-LEAVE ALONE,asl_citizen:049806503817004355-LEAVE ALONE,P47,test,GOLD_EXISTING_LEXICAL_OR_SENTENCE,95,95,1,0.9910135865211487,B03,2
asl_citizen:885383702806398-LEAVE ALONE,asl_citizen:885383702806398-LEAVE ALONE,P18,test,GOLD_EXISTING_LEXICAL_OR_SENTENCE,95,95,1,0.9979352951049805,B03,2
asl_citizen:3181175663329634-LEAVE ALONE,asl_citizen:3181175663329634-LEAVE ALONE,P22,test,GOLD_EXISTING_LEXICAL_OR_SENTENCE,95,95,1,0.9999299049377441,B03,2
asl_citizen:633078924967877-LEAVE ALONE,asl_citizen:633078924967877-LEAVE ALONE,P15,test,GOLD_EXISTING_LEXICAL_OR_SENTENCE,95,95,1,0.9996887445449829,B03,2
asl_citizen:09278594465984513-LEAVE ALONE,asl_citizen:09278594465984513-LEAVE ALONE,P9,test,GOLD_EXISTING_LEXICAL_OR_SENTENCE,95,95,1,0.8803860545158386,B03,2
asl_citizen:1838606017695643-LEAVE ALONE,asl_citizen:1838606017695643-LEAVE ALONE,P48,test,GOLD_EXISTING_LEXICAL_OR_SENTENCE,95,10,0,0.9713886380195618,B03,2
asl_citizen:3766044578749139-LESS,asl_citizen:3766044578749139-LESS,P17,test,GOLD_EXISTING_LEXICAL_OR_SENTENCE,96,96,1,0.9925244450569153,B03,2
asl_citizen:7575553737702381-LESS,asl_citizen:7575553737702381-LESS,P15,test,GOLD_EXISTING_LEXICAL_OR_SENTENCE,96,96,1,0.9959840774536133,B03,2
asl_citizen:12975955861028488-LESS,asl_citizen:12975955861028488-LESS,P49,test,GOLD_EXISTING_LEXICAL_OR_SENTENCE,96,4,0,0.6025171875953674,B03,2
asl_citizen:5149052830997158-LESS,asl_citizen:5149052830997158-LESS,P22,test,GOLD_EXISTING_LEXICAL_OR_SENTENCE,96,96,1,0.999916672706604,B03,2
asl_citizen:3974339076715794-LESS,asl_citizen:3974339076715794-LESS,P18,test,GOLD_EXISTING_LEXICAL_OR_SENTENCE,96,96,1,0.9979490637779236,B03,2
asl_citizen:2286569439935593-LESS,asl_citizen:2286569439935593-LESS,P6,test,GOLD_EXISTING_LEXICAL_OR_SENTENCE,96,4,0,0.8322832584381104,B03,2
asl_citizen:9690000210347673-LESS,asl_citizen:9690000210347673-LESS,P35,test,GOLD_EXISTING_LEXICAL_OR_SENTENCE,96,96,1,0.999607503414154,B03,2
asl_citizen:2110666143402815-LESS,asl_citizen:2110666143402815-LESS,P47,test,GOLD_EXISTING_LEXICAL_OR_SENTENCE,96,96,1,0.9999775886535645,B03,2
asl_citizen:7847137420042962-LETTER,asl_citizen:7847137420042962-LETTER,P22,test,GOLD_EXISTING_LEXICAL_OR_SENTENCE,97,132,0,0.7210696339607239,B03,2
asl_citizen:21694981592310691-LETTER,asl_citizen:21694981592310691-LETTER,P18,test,GOLD_EXISTING_LEXICAL_OR_SENTENCE,97,150,0,0.6023042798042297,B03,2
asl_citizen:18173948788093508-LETTER,asl_citizen:18173948788093508-LETTER,P35,test,GOLD_EXISTING_LEXICAL_OR_SENTENCE,97,97,1,0.9999818801879883,B03,2
asl_citizen:9004580078644244-LETTER,asl_citizen:9004580078644244-LETTER,P6,test,GOLD_EXISTING_LEXICAL_OR_SENTENCE,97,83,0,0.9949135780334473,B03,2
asl_citizen:8209838408910182-LETTER,asl_citizen:8209838408910182-LETTER,P17,test,GOLD_EXISTING_LEXICAL_OR_SENTENCE,97,72,0,0.5143803358078003,B03,2
asl_citizen:9257468079791424-LETTER,asl_citizen:9257468079791424-LETTER,P49,test,GOLD_EXISTING_LEXICAL_OR_SENTENCE,97,97,1,0.999840497970581,B03,2
asl_citizen:3060651520152393-LETTER,asl_citizen:3060651520152393-LETTER,P42,test,GOLD_EXISTING_LEXICAL_OR_SENTENCE,97,97,1,0.9990749359130859,B03,2
asl_citizen:8586239510635882-LETTER,asl_citizen:8586239510635882-LETTER,P9,test,GOLD_EXISTING_LEXICAL_OR_SENTENCE,97,77,0,0.9722951650619507,B03,2
asl_citizen:5534005644089397-LIKE,asl_citizen:5534005644089397-LIKE,P48,test,GOLD_EXISTING_LEXICAL_OR_SENTENCE,98,98,1,0.9600343108177185,B03,2
asl_citizen:14992936899376108-LIKE,asl_citizen:14992936899376108-LIKE,P15,test,GOLD_EXISTING_LEXICAL_OR_SENTENCE,98,98,1,0.9999774694442749,B03,2
asl_citizen:754822541664977-LIKE,asl_citizen:754822541664977-LIKE,P47,test,GOLD_EXISTING_LEXICAL_OR_SENTENCE,98,98,1,0.9993194341659546,B03,2
asl_citizen:06793339114876251-LIKE,asl_citizen:06793339114876251-LIKE,P17,test,GOLD_EXISTING_LEXICAL_OR_SENTENCE,98,86,0,0.8013176321983337,B03,2
asl_citizen:9890231765881607-LIKE,asl_citizen:9890231765881607-LIKE,P17,test,GOLD_EXISTING_LEXICAL_OR_SENTENCE,98,98,1,0.9994494318962097,B03,2
asl_citizen:07790071532440357-LIKE,asl_citizen:07790071532440357-LIKE,P18,test,GOLD_EXISTING_LEXICAL_OR_SENTENCE,98,98,1,0.9999394416809082,B03,2
asl_citizen:8311673208101575-LIKE,asl_citizen:8311673208101575-LIKE,P35,test,GOLD_EXISTING_LEXICAL_OR_SENTENCE,98,98,1,1.0,B03,2
asl_citizen:7341162668077774-LIKE,asl_citizen:7341162668077774-LIKE,P22,test,GOLD_EXISTING_LEXICAL_OR_SENTENCE,98,86,0,0.9999363422393799,B03,2
asl_citizen:6581828527977396-LONELY,asl_citizen:6581828527977396-LONELY,P6,test,GOLD_EXISTING_LEXICAL_OR_SENTENCE,99,99,1,0.5911276340484619,B03,2
asl_citizen:20504717844934728-LONELY,asl_citizen:20504717844934728-LONELY,P15,test,GOLD_EXISTING_LEXICAL_OR_SENTENCE,99,99,1,0.9044910073280334,B03,2
asl_citizen:8322599304215745-LONELY,asl_citizen:8322599304215745-LONELY,P9,test,GOLD_EXISTING_LEXICAL_OR_SENTENCE,99,99,1,0.9999274015426636,B03,2
asl_citizen:3694302205356903-LONELY,asl_citizen:3694302205356903-LONELY,P35,test,GOLD_EXISTING_LEXICAL_OR_SENTENCE,99,99,1,0.9991040825843811,B03,2
asl_citizen:3608530895366442-LONELY,asl_citizen:3608530895366442-LONELY,P49,test,GOLD_EXISTING_LEXICAL_OR_SENTENCE,99,99,1,0.9999967813491821,B03,2
asl_citizen:12874319395300882-LONELY,asl_citizen:12874319395300882-LONELY,P18,test,GOLD_EXISTING_LEXICAL_OR_SENTENCE,99,99,1,0.6238520741462708,B03,2
asl_citizen:5796544970623321-LONELY,asl_citizen:5796544970623321-LONELY,P17,test,GOLD_EXISTING_LEXICAL_OR_SENTENCE,99,99,1,0.9999990463256836,B03,2
asl_citizen:10449512023217378-LONELY,asl_citizen:10449512023217378-LONELY,P6,test,GOLD_EXISTING_LEXICAL_OR_SENTENCE,99,99,1,0.7366517186164856,B03,2
asl_citizen:8184808106573449-LOUD,asl_citizen:8184808106573449-LOUD,P17,test,GOLD_EXISTING_LEXICAL_OR_SENTENCE,100,100,1,0.6084422469139099,B03,2
asl_citizen:5161337017777314-LOUD,asl_citizen:5161337017777314-LOUD,P35,test,GOLD_EXISTING_LEXICAL_OR_SENTENCE,100,100,1,0.9999912977218628,B03,2
asl_citizen:08609561861401249-LOUD,asl_citizen:08609561861401249-LOUD,P49,test,GOLD_EXISTING_LEXICAL_OR_SENTENCE,100,100,1,0.9999114274978638,B03,2
asl_citizen:6826713928685002-LOUD,asl_citizen:6826713928685002-LOUD,P15,test,GOLD_EXISTING_LEXICAL_OR_SENTENCE,100,136,0,0.9626777172088623,B03,2
asl_citizen:40877102588627867-LOUD,asl_citizen:40877102588627867-LOUD,P18,test,GOLD_EXISTING_LEXICAL_OR_SENTENCE,100,100,1,0.9358481764793396,B03,2
asl_citizen:7550518813765172-LOUD,asl_citizen:7550518813765172-LOUD,P47,test,GOLD_EXISTING_LEXICAL_OR_SENTENCE,100,100,1,0.9582375288009644,B03,2
asl_citizen:9337226750931078-LOUD,asl_citizen:9337226750931078-LOUD,P15,test,GOLD_EXISTING_LEXICAL_OR_SENTENCE,100,100,1,0.9999886751174927,B03,2
asl_citizen:6071328780118881-LOUD,asl_citizen:6071328780118881-LOUD,P42,test,GOLD_EXISTING_LEXICAL_OR_SENTENCE,100,136,0,0.9739071726799011,B03,2
asl_citizen:7765257296515713-LOUSY,asl_citizen:7765257296515713-LOUSY,P42,test,GOLD_EXISTING_LEXICAL_OR_SENTENCE,101,101,1,0.6173304319381714,B03,2
asl_citizen:8739755384335415-LOUSY,asl_citizen:8739755384335415-LOUSY,P9,test,GOLD_EXISTING_LEXICAL_OR_SENTENCE,101,101,1,0.9832398295402527,B03,2
asl_citizen:48894240559600144-LOUSY,asl_citizen:48894240559600144-LOUSY,P47,test,GOLD_EXISTING_LEXICAL_OR_SENTENCE,101,101,1,0.9314642548561096,B03,2
asl_citizen:16515938923272588-LOUSY,asl_citizen:16515938923272588-LOUSY,P17,test,GOLD_EXISTING_LEXICAL_OR_SENTENCE,101,101,1,0.9981287121772766,B03,2
asl_citizen:9422547835427539-LOUSY,asl_citizen:9422547835427539-LOUSY,P49,test,GOLD_EXISTING_LEXICAL_OR_SENTENCE,101,154,0,0.5399459600448608,B03,2
asl_citizen:25586144297506497-LOUSY,asl_citizen:25586144297506497-LOUSY,P15,test,GOLD_EXISTING_LEXICAL_OR_SENTENCE,101,101,1,0.9999254941940308,B03,2
asl_citizen:0558857213960704-LOUSY,asl_citizen:0558857213960704-LOUSY,P35,test,GOLD_EXISTING_LEXICAL_OR_SENTENCE,101,101,1,0.999991774559021,B03,2
asl_citizen:7689262614619319-LOUSY,asl_citizen:7689262614619319-LOUSY,P22,test,GOLD_EXISTING_LEXICAL_OR_SENTENCE,101,79,0,0.8904516100883484,B03,2
asl_citizen:8638170424352227-MACHINE,asl_citizen:8638170424352227-MACHINE,P15,test,GOLD_EXISTING_LEXICAL_OR_SENTENCE,102,102,1,0.999984860420227,B03,2
asl_citizen:18415694800604854-MACHINE,asl_citizen:18415694800604854-MACHINE,P9,test,GOLD_EXISTING_LEXICAL_OR_SENTENCE,102,102,1,1.0,B03,2
asl_citizen:6696060343334742-MACHINE,asl_citizen:6696060343334742-MACHINE,P17,test,GOLD_EXISTING_LEXICAL_OR_SENTENCE,102,102,1,0.999994158744812,B03,2
asl_citizen:9548616004278536-MACHINE,asl_citizen:9548616004278536-MACHINE,P42,test,GOLD_EXISTING_LEXICAL_OR_SENTENCE,102,102,1,0.9999074935913086,B03,2
asl_citizen:8648104150007732-MACHINE,asl_citizen:8648104150007732-MACHINE,P35,test,GOLD_EXISTING_LEXICAL_OR_SENTENCE,102,170,0,0.7359223365783691,B03,2
asl_citizen:047744754842641735-MACHINE,asl_citizen:047744754842641735-MACHINE,P18,test,GOLD_EXISTING_LEXICAL_OR_SENTENCE,102,102,1,0.9999983310699463,B03,2
asl_citizen:7351627589400986-MACHINE,asl_citizen:7351627589400986-MACHINE,P22,test,GOLD_EXISTING_LEXICAL_OR_SENTENCE,102,102,1,0.9999998807907104,B03,2
asl_citizen:8218317305291161-MACHINE,asl_citizen:8218317305291161-MACHINE,P49,test,GOLD_EXISTING_LEXICAL_OR_SENTENCE,102,102,1,1.0,B03,2
asl_citizen:4814381667317289-MAGNET 4,asl_citizen:4814381667317289-MAGNET 4,P6,test,GOLD_EXISTING_LEXICAL_OR_SENTENCE,103,87,0,0.5436851382255554,B03,2
asl_citizen:8572384484855342-MAGNET 4,asl_citizen:8572384484855342-MAGNET 4,P48,test,GOLD_EXISTING_LEXICAL_OR_SENTENCE,103,103,1,0.9999841451644897,B03,2
asl_citizen:8140914609372221-MAGNET 4,asl_citizen:8140914609372221-MAGNET 4,P18,test,GOLD_EXISTING_LEXICAL_OR_SENTENCE,103,103,1,0.999998927116394,B03,2
asl_citizen:6193845268905063-MAGNET 4,asl_citizen:6193845268905063-MAGNET 4,P49,test,GOLD_EXISTING_LEXICAL_OR_SENTENCE,103,103,1,0.9999985694885254,B03,2
asl_citizen:6812470091525507-MAGNET 4,asl_citizen:6812470091525507-MAGNET 4,P9,test,GOLD_EXISTING_LEXICAL_OR_SENTENCE,103,103,1,0.9884900450706482,B03,2
asl_citizen:6773410594132379-MAGNET 4,asl_citizen:6773410594132379-MAGNET 4,P17,test,GOLD_EXISTING_LEXICAL_OR_SENTENCE,103,87,0,0.8428019285202026,B03,2
asl_citizen:14142583077799675-MAGNET 4,asl_citizen:14142583077799675-MAGNET 4,P35,test,GOLD_EXISTING_LEXICAL_OR_SENTENCE,103,103,1,1.0,B03,2
asl_citizen:3123019006762424-MAGNET 4,asl_citizen:3123019006762424-MAGNET 4,P22,test,GOLD_EXISTING_LEXICAL_OR_SENTENCE,103,103,1,1.0,B03,2
asl_citizen:4277002796751932-MARCH,asl_citizen:4277002796751932-MARCH,P15,test,GOLD_EXISTING_LEXICAL_OR_SENTENCE,104,104,1,0.9962002635002136,B03,2
asl_citizen:10351527495084278-MARCH,asl_citizen:10351527495084278-MARCH,P9,test,GOLD_EXISTING_LEXICAL_OR_SENTENCE,104,184,0,0.909687340259552,B03,2
asl_citizen:4909574070034046-MARCH,asl_citizen:4909574070034046-MARCH,P17,test,GOLD_EXISTING_LEXICAL_OR_SENTENCE,104,104,1,0.9891369342803955,B03,2
asl_citizen:6131926769314229-MARCH,asl_citizen:6131926769314229-MARCH,P22,test,GOLD_EXISTING_LEXICAL_OR_SENTENCE,104,168,0,0.44225290417671204,B03,2
asl_citizen:13737285866684545-MARCH,asl_citizen:13737285866684545-MARCH,P17,test,GOLD_EXISTING_LEXICAL_OR_SENTENCE,104,168,0,0.6509621143341064,B03,2
asl_citizen:16527613442836597-MARCH,asl_citizen:16527613442836597-MARCH,P18,test,GOLD_EXISTING_LEXICAL_OR_SENTENCE,104,104,1,0.9998897314071655,B03,2
asl_citizen:3312131055648564-MARCH,asl_citizen:3312131055648564-MARCH,P47,test,GOLD_EXISTING_LEXICAL_OR_SENTENCE,104,104,1,0.9998648166656494,B03,2
asl_citizen:7688120472357758-MARCH,asl_citizen:7688120472357758-MARCH,P35,test,GOLD_EXISTING_LEXICAL_OR_SENTENCE,104,104,1,0.9990111589431763,B03,2
asl_citizen:905669132583419-MARIONETTE,asl_citizen:905669132583419-MARIONETTE,P42,test,GOLD_EXISTING_LEXICAL_OR_SENTENCE,105,105,1,1.0,B03,2
asl_citizen:47080200925775495-MARIONETTE,asl_citizen:47080200925775495-MARIONETTE,P49,test,GOLD_EXISTING_LEXICAL_OR_SENTENCE,105,105,1,0.9999978542327881,B03,2
asl_citizen:8844342945670085-MARIONETTE,asl_citizen:8844342945670085-MARIONETTE,P22,test,GOLD_EXISTING_LEXICAL_OR_SENTENCE,105,105,1,1.0,B03,2
asl_citizen:047877656234055266-MARIONETTE,asl_citizen:047877656234055266-MARIONETTE,P9,test,GOLD_EXISTING_LEXICAL_OR_SENTENCE,105,105,1,0.9999980926513672,B03,2
asl_citizen:126128532287358-MARIONETTE,asl_citizen:126128532287358-MARIONETTE,P49,test,GOLD_EXISTING_LEXICAL_OR_SENTENCE,105,105,1,0.9999649524688721,B03,2
asl_citizen:16164550836171676-MARIONETTE,asl_citizen:16164550836171676-MARIONETTE,P47,test,GOLD_EXISTING_LEXICAL_OR_SENTENCE,105,105,1,0.9999971389770508,B03,2
asl_citizen:09384880650768346-MARIONETTE,asl_citizen:09384880650768346-MARIONETTE,P22,test,GOLD_EXISTING_LEXICAL_OR_SENTENCE,105,105,1,1.0,B03,2
asl_citizen:3800125379325625-MARIONETTE,asl_citizen:3800125379325625-MARIONETTE,P6,test,GOLD_EXISTING_LEXICAL_OR_SENTENCE,105,105,1,1.0,B03,2
asl_citizen:7040981713256163-MCDONALDS,asl_citizen:7040981713256163-MCDONALDS,P47,test,GOLD_EXISTING_LEXICAL_OR_SENTENCE,106,106,1,0.9999978542327881,B03,2
asl_citizen:5874765836957119-MCDONALDS,asl_citizen:5874765836957119-MCDONALDS,P6,test,GOLD_EXISTING_LEXICAL_OR_SENTENCE,106,106,1,0.9987772107124329,B03,2
asl_citizen:7813636142781688-MCDONALDS,asl_citizen:7813636142781688-MCDONALDS,P9,test,GOLD_EXISTING_LEXICAL_OR_SENTENCE,106,106,1,0.70847487449646,B03,2
asl_citizen:2996117601179258-MCDONALDS,asl_citizen:2996117601179258-MCDONALDS,P35,test,GOLD_EXISTING_LEXICAL_OR_SENTENCE,106,178,0,0.9875980019569397,B03,2
asl_citizen:41720255599518996-MCDONALDS,asl_citizen:41720255599518996-MCDONALDS,P18,test,GOLD_EXISTING_LEXICAL_OR_SENTENCE,106,106,1,0.9999837875366211,B03,2
asl_citizen:6507719674243777-MCDONALDS,asl_citizen:6507719674243777-MCDONALDS,P42,test,GOLD_EXISTING_LEXICAL_OR_SENTENCE,106,106,1,0.9999855756759644,B03,2
asl_citizen:4853146411770348-MCDONALDS,asl_citizen:4853146411770348-MCDONALDS,P48,test,GOLD_EXISTING_LEXICAL_OR_SENTENCE,106,106,1,0.9999536275863647,B03,2
asl_citizen:02245845146630887-MCDONALDS,asl_citizen:02245845146630887-MCDONALDS,P49,test,GOLD_EXISTING_LEXICAL_OR_SENTENCE,106,106,1,0.9690852165222168,B03,2
asl_citizen:5250098605525317-MEGAPHONE,asl_citizen:5250098605525317-MEGAPHONE,P42,test,GOLD_EXISTING_LEXICAL_OR_SENTENCE,107,107,1,0.9995753169059753,B03,2
asl_citizen:4996361585795577-MEGAPHONE,asl_citizen:4996361585795577-MEGAPHONE,P47,test,GOLD_EXISTING_LEXICAL_OR_SENTENCE,107,107,1,0.9994366765022278,B03,2
asl_citizen:719922302086274-MEGAPHONE,asl_citizen:719922302086274-MEGAPHONE,P15,test,GOLD_EXISTING_LEXICAL_OR_SENTENCE,107,107,1,0.7054483294487,B03,2
asl_citizen:18395976874875375-MEGAPHONE,asl_citizen:18395976874875375-MEGAPHONE,P17,test,GOLD_EXISTING_LEXICAL_OR_SENTENCE,107,107,1,0.9999998807907104,B03,2
asl_citizen:6452324514866103-MEGAPHONE,asl_citizen:6452324514866103-MEGAPHONE,P48,test,GOLD_EXISTING_LEXICAL_OR_SENTENCE,107,107,1,0.9988456964492798,B03,2
asl_citizen:22176410041562655-MEGAPHONE,asl_citizen:22176410041562655-MEGAPHONE,P6,test,GOLD_EXISTING_LEXICAL_OR_SENTENCE,107,107,1,0.9999951124191284,B03,2
asl_citizen:8075636170068727-MEGAPHONE,asl_citizen:8075636170068727-MEGAPHONE,P18,test,GOLD_EXISTING_LEXICAL_OR_SENTENCE,107,107,1,0.9999997615814209,B03,2
asl_citizen:6826038169065098-MEGAPHONE,asl_citizen:6826038169065098-MEGAPHONE,P6,test,GOLD_EXISTING_LEXICAL_OR_SENTENCE,107,107,1,0.997696578502655,B03,2
asl_citizen:4379892379536312-MELT,asl_citizen:4379892379536312-MELT,P18,test,GOLD_EXISTING_LEXICAL_OR_SENTENCE,108,108,1,0.9998693466186523,B03,2
asl_citizen:7265416145254715-MELT,asl_citizen:7265416145254715-MELT,P22,test,GOLD_EXISTING_LEXICAL_OR_SENTENCE,108,108,1,0.9999749660491943,B03,2
asl_citizen:9135611139015642-MELT,asl_citizen:9135611139015642-MELT,P17,test,GOLD_EXISTING_LEXICAL_OR_SENTENCE,108,108,1,0.9994621872901917,B03,2
asl_citizen:5397246682359633-MELT,asl_citizen:5397246682359633-MELT,P49,test,GOLD_EXISTING_LEXICAL_OR_SENTENCE,108,108,1,0.9999992847442627,B03,2
asl_citizen:16083830822863376-MELT,asl_citizen:16083830822863376-MELT,P48,test,GOLD_EXISTING_LEXICAL_OR_SENTENCE,108,108,1,0.9876032471656799,B03,2
asl_citizen:2004435807227265-MELT,asl_citizen:2004435807227265-MELT,P42,test,GOLD_EXISTING_LEXICAL_OR_SENTENCE,108,108,1,0.9517062306404114,B03,2
asl_citizen:5333872353047073-MELT,asl_citizen:5333872353047073-MELT,P6,test,GOLD_EXISTING_LEXICAL_OR_SENTENCE,108,108,1,0.9986969828605652,B03,2
asl_citizen:22245860220492308-MELT,asl_citizen:22245860220492308-MELT,P9,test,GOLD_EXISTING_LEXICAL_OR_SENTENCE,108,108,1,0.9453797340393066,B03,2
asl_citizen:38658363695302955-METAPHOR,asl_citizen:38658363695302955-METAPHOR,P47,test,GOLD_EXISTING_LEXICAL_OR_SENTENCE,109,109,1,0.5551548004150391,B03,2
asl_citizen:14067173764837326-METAPHOR,asl_citizen:14067173764837326-METAPHOR,P49,test,GOLD_EXISTING_LEXICAL_OR_SENTENCE,109,145,0,0.8557168841362,B03,2
asl_citizen:8760745806886943-METAPHOR,asl_citizen:8760745806886943-METAPHOR,P48,test,GOLD_EXISTING_LEXICAL_OR_SENTENCE,109,109,1,0.9999831914901733,B03,2
asl_citizen:8211788729156835-METAPHOR,asl_citizen:8211788729156835-METAPHOR,P17,test,GOLD_EXISTING_LEXICAL_OR_SENTENCE,109,145,0,0.9967558979988098,B03,2
asl_citizen:6604465138689248-METAPHOR,asl_citizen:6604465138689248-METAPHOR,P42,test,GOLD_EXISTING_LEXICAL_OR_SENTENCE,109,109,1,0.9995139837265015,B03,2
asl_citizen:11472099550900938-METAPHOR,asl_citizen:11472099550900938-METAPHOR,P9,test,GOLD_EXISTING_LEXICAL_OR_SENTENCE,109,13,0,0.3029453754425049,B03,2
asl_citizen:3692896280985889-METAPHOR,asl_citizen:3692896280985889-METAPHOR,P6,test,GOLD_EXISTING_LEXICAL_OR_SENTENCE,109,13,0,0.4990827739238739,B03,2
asl_citizen:52685420454991-METAPHOR,asl_citizen:52685420454991-METAPHOR,P49,test,GOLD_EXISTING_LEXICAL_OR_SENTENCE,109,109,1,0.5765910744667053,B03,2
asl_citizen:8848468275463137-MICROWAVE,asl_citizen:8848468275463137-MICROWAVE,P47,test,GOLD_EXISTING_LEXICAL_OR_SENTENCE,110,110,1,0.9999635219573975,B03,2
asl_citizen:06840796839295349-MICROWAVE,asl_citizen:06840796839295349-MICROWAVE,P42,test,GOLD_EXISTING_LEXICAL_OR_SENTENCE,110,110,1,0.9989259839057922,B03,2
asl_citizen:17055563250734962-MICROWAVE,asl_citizen:17055563250734962-MICROWAVE,P9,test,GOLD_EXISTING_LEXICAL_OR_SENTENCE,110,110,1,0.9999997615814209,B03,2
asl_citizen:17989378091539732-MICROWAVE,asl_citizen:17989378091539732-MICROWAVE,P17,test,GOLD_EXISTING_LEXICAL_OR_SENTENCE,110,110,1,0.999426007270813,B03,2
asl_citizen:6160542518583716-MICROWAVE,asl_citizen:6160542518583716-MICROWAVE,P18,test,GOLD_EXISTING_LEXICAL_OR_SENTENCE,110,110,1,0.9999997615814209,B03,2
asl_citizen:4604553331341965-MICROWAVE,asl_citizen:4604553331341965-MICROWAVE,P35,test,GOLD_EXISTING_LEXICAL_OR_SENTENCE,110,110,1,1.0,B03,2
asl_citizen:8264695546073981-MICROWAVE,asl_citizen:8264695546073981-MICROWAVE,P9,test,GOLD_EXISTING_LEXICAL_OR_SENTENCE,110,110,1,0.9993687272071838,B03,2
asl_citizen:5269450237359465-MICROWAVE,asl_citizen:5269450237359465-MICROWAVE,P15,test,GOLD_EXISTING_LEXICAL_OR_SENTENCE,110,110,1,0.9787006974220276,B03,2
asl_citizen:7510578035766555-MIND,asl_citizen:7510578035766555-MIND,P48,test,GOLD_EXISTING_LEXICAL_OR_SENTENCE,111,111,1,0.9997312426567078,B03,2
asl_citizen:858540535860477-MIND,asl_citizen:858540535860477-MIND,P18,test,GOLD_EXISTING_LEXICAL_OR_SENTENCE,111,111,1,0.9998937845230103,B03,2
asl_citizen:8262142004823687-MIND,asl_citizen:8262142004823687-MIND,P9,test,GOLD_EXISTING_LEXICAL_OR_SENTENCE,111,111,1,0.9999990463256836,B03,2
asl_citizen:4330631836471439-MIND,asl_citizen:4330631836471439-MIND,P22,test,GOLD_EXISTING_LEXICAL_OR_SENTENCE,111,111,1,0.6717216968536377,B03,2
asl_citizen:9843619879646708-MIND,asl_citizen:9843619879646708-MIND,P6,test,GOLD_EXISTING_LEXICAL_OR_SENTENCE,111,111,1,0.9999992847442627,B03,2
asl_citizen:6128047097160874-MIND,asl_citizen:6128047097160874-MIND,P42,test,GOLD_EXISTING_LEXICAL_OR_SENTENCE,111,111,1,0.9999974966049194,B03,2
asl_citizen:40753497213460643-MIND,asl_citizen:40753497213460643-MIND,P15,test,GOLD_EXISTING_LEXICAL_OR_SENTENCE,111,111,1,0.9999792575836182,B03,2
asl_citizen:4446009939735813-MIND,asl_citizen:4446009939735813-MIND,P17,test,GOLD_EXISTING_LEXICAL_OR_SENTENCE,111,111,1,0.9999337196350098,B03,2
asl_citizen:9719044296851025-MIND TURNED,asl_citizen:9719044296851025-MIND TURNED,P22,test,GOLD_EXISTING_LEXICAL_OR_SENTENCE,112,112,1,0.9999995231628418,B03,2
asl_citizen:1491965494510772-MIND TURNED,asl_citizen:1491965494510772-MIND TURNED,P49,test,GOLD_EXISTING_LEXICAL_OR_SENTENCE,112,110,0,0.97336745262146,B03,2
asl_citizen:19040520530482552-MIND TURNED,asl_citizen:19040520530482552-MIND TURNED,P42,test,GOLD_EXISTING_LEXICAL_OR_SENTENCE,112,112,1,0.9945883750915527,B03,2
asl_citizen:14852033048203994-MIND TURNED,asl_citizen:14852033048203994-MIND TURNED,P9,test,GOLD_EXISTING_LEXICAL_OR_SENTENCE,112,86,0,0.8253956437110901,B03,2
asl_citizen:1572050020098581-MIND TURNED,asl_citizen:1572050020098581-MIND TURNED,P48,test,GOLD_EXISTING_LEXICAL_OR_SENTENCE,112,112,1,0.9999629259109497,B03,2
asl_citizen:6467531221656091-MIND TURNED,asl_citizen:6467531221656091-MIND TURNED,P49,test,GOLD_EXISTING_LEXICAL_OR_SENTENCE,112,112,1,0.9927756786346436,B03,2
asl_citizen:7599793440183931-MIND TURNED,asl_citizen:7599793440183931-MIND TURNED,P15,test,GOLD_EXISTING_LEXICAL_OR_SENTENCE,112,112,1,0.8810719847679138,B03,2
asl_citizen:30580085699561765-MIND TURNED,asl_citizen:30580085699561765-MIND TURNED,P18,test,GOLD_EXISTING_LEXICAL_OR_SENTENCE,112,112,1,0.9999493360519409,B03,2
asl_citizen:2964595750887693-MOTIVATION,asl_citizen:2964595750887693-MOTIVATION,P48,test,GOLD_EXISTING_LEXICAL_OR_SENTENCE,113,113,1,0.975620448589325,B03,2
asl_citizen:8140962392594375-MOTIVATION,asl_citizen:8140962392594375-MOTIVATION,P17,test,GOLD_EXISTING_LEXICAL_OR_SENTENCE,113,113,1,1.0,B03,2
asl_citizen:11255520795867491-MOTIVATION,asl_citizen:11255520795867491-MOTIVATION,P48,test,GOLD_EXISTING_LEXICAL_OR_SENTENCE,113,113,1,0.9996253252029419,B03,2
asl_citizen:6923471938353045-MOTIVATION,asl_citizen:6923471938353045-MOTIVATION,P47,test,GOLD_EXISTING_LEXICAL_OR_SENTENCE,113,113,1,1.0,B03,2
asl_citizen:5882868022582974-MOTIVATION,asl_citizen:5882868022582974-MOTIVATION,P9,test,GOLD_EXISTING_LEXICAL_OR_SENTENCE,113,113,1,0.9999957084655762,B03,2
asl_citizen:21157303166547115-MOTIVATION,asl_citizen:21157303166547115-MOTIVATION,P6,test,GOLD_EXISTING_LEXICAL_OR_SENTENCE,113,113,1,0.9588103890419006,B03,2
asl_citizen:596544754384154-MOTIVATION,asl_citizen:596544754384154-MOTIVATION,P15,test,GOLD_EXISTING_LEXICAL_OR_SENTENCE,113,113,1,1.0,B03,2
asl_citizen:8801021771668356-MOTIVATION,asl_citizen:8801021771668356-MOTIVATION,P18,test,GOLD_EXISTING_LEXICAL_OR_SENTENCE,113,1,0,0.3125978708267212,B03,2
asl_citizen:7384807608009649-MOUNTAIN 2,asl_citizen:7384807608009649-MOUNTAIN 2,P15,test,GOLD_EXISTING_LEXICAL_OR_SENTENCE,114,26,0,0.9837241172790527,B03,2
asl_citizen:796702879606981-MOUNTAIN 2,asl_citizen:796702879606981-MOUNTAIN 2,P17,test,GOLD_EXISTING_LEXICAL_OR_SENTENCE,114,114,1,0.9998794794082642,B03,2
asl_citizen:1677083999282356-MOUNTAIN 2,asl_citizen:1677083999282356-MOUNTAIN 2,P6,test,GOLD_EXISTING_LEXICAL_OR_SENTENCE,114,3,0,0.829025149345398,B03,2
asl_citizen:03584301363827458-MOUNTAIN 2,asl_citizen:03584301363827458-MOUNTAIN 2,P9,test,GOLD_EXISTING_LEXICAL_OR_SENTENCE,114,114,1,0.9999021291732788,B03,2
asl_citizen:5259324787071324-MOUNTAIN 2,asl_citizen:5259324787071324-MOUNTAIN 2,P22,test,GOLD_EXISTING_LEXICAL_OR_SENTENCE,114,114,1,0.9999997615814209,B03,2
asl_citizen:714472293012999-MOUNTAIN 2,asl_citizen:714472293012999-MOUNTAIN 2,P18,test,GOLD_EXISTING_LEXICAL_OR_SENTENCE,114,114,1,0.9958072900772095,B03,2
asl_citizen:6963327798208054-MOUNTAIN 2,asl_citizen:6963327798208054-MOUNTAIN 2,P15,test,GOLD_EXISTING_LEXICAL_OR_SENTENCE,114,26,0,0.9988206028938293,B03,2
asl_citizen:045332940498782115-MOUNTAIN 2,asl_citizen:045332940498782115-MOUNTAIN 2,P48,test,GOLD_EXISTING_LEXICAL_OR_SENTENCE,114,114,1,0.9997150301933289,B03,2
asl_citizen:873138728167018-MOVIE 2,asl_citizen:873138728167018-MOVIE 2,P18,test,GOLD_EXISTING_LEXICAL_OR_SENTENCE,115,115,1,0.9974428415298462,B03,2
asl_citizen:2759539942032052-MOVIE 2,asl_citizen:2759539942032052-MOVIE 2,P47,test,GOLD_EXISTING_LEXICAL_OR_SENTENCE,115,115,1,0.9998782873153687,B03,2
asl_citizen:8995381714770196-MOVIE 2,asl_citizen:8995381714770196-MOVIE 2,P15,test,GOLD_EXISTING_LEXICAL_OR_SENTENCE,115,115,1,0.9682804942131042,B03,2
asl_citizen:4263965197921298-MOVIE 2,asl_citizen:4263965197921298-MOVIE 2,P48,test,GOLD_EXISTING_LEXICAL_OR_SENTENCE,115,115,1,0.9784908294677734,B03,2
asl_citizen:5496060928393556-MOVIE 2,asl_citizen:5496060928393556-MOVIE 2,P49,test,GOLD_EXISTING_LEXICAL_OR_SENTENCE,115,115,1,0.9999703168869019,B03,2
asl_citizen:9534133337166826-MOVIE 2,asl_citizen:9534133337166826-MOVIE 2,P18,test,GOLD_EXISTING_LEXICAL_OR_SENTENCE,115,115,1,1.0,B03,2
asl_citizen:2826717851122651-MOVIE 2,asl_citizen:2826717851122651-MOVIE 2,P47,test,GOLD_EXISTING_LEXICAL_OR_SENTENCE,115,115,1,0.999995231628418,B03,2
asl_citizen:4931019173217699-MOVIE 2,asl_citizen:4931019173217699-MOVIE 2,P17,test,GOLD_EXISTING_LEXICAL_OR_SENTENCE,115,60,0,0.9644173383712769,B03,2
asl_citizen:9166220101554237-NEAR,asl_citizen:9166220101554237-NEAR,P48,test,GOLD_EXISTING_LEXICAL_OR_SENTENCE,116,116,1,0.882915198802948,B03,2
asl_citizen:08301920534152485-NEAR,asl_citizen:08301920534152485-NEAR,P15,test,GOLD_EXISTING_LEXICAL_OR_SENTENCE,116,116,1,0.9946000576019287,B03,2
asl_citizen:11859467509853383-NEAR,asl_citizen:11859467509853383-NEAR,P48,test,GOLD_EXISTING_LEXICAL_OR_SENTENCE,116,116,1,0.9982154369354248,B03,2
asl_citizen:794387128826012-NEAR,asl_citizen:794387128826012-NEAR,P6,test,GOLD_EXISTING_LEXICAL_OR_SENTENCE,116,116,1,0.9141027927398682,B03,2
asl_citizen:8335087724202477-NEAR,asl_citizen:8335087724202477-NEAR,P18,test,GOLD_EXISTING_LEXICAL_OR_SENTENCE,116,116,1,0.9999865293502808,B03,2
asl_citizen:9516650170259846-NEAR,asl_citizen:9516650170259846-NEAR,P47,test,GOLD_EXISTING_LEXICAL_OR_SENTENCE,116,116,1,0.9995586276054382,B03,2
asl_citizen:7908961638923091-NEAR,asl_citizen:7908961638923091-NEAR,P22,test,GOLD_EXISTING_LEXICAL_OR_SENTENCE,116,116,1,0.9992832541465759,B03,2
asl_citizen:872388253869564-NEAR,asl_citizen:872388253869564-NEAR,P35,test,GOLD_EXISTING_LEXICAL_OR_SENTENCE,116,116,1,0.9999970197677612,B03,2
asl_citizen:8540552243539845-NEGATIVE,asl_citizen:8540552243539845-NEGATIVE,P49,test,GOLD_EXISTING_LEXICAL_OR_SENTENCE,117,115,0,0.9990822076797485,B03,2
asl_citizen:7113566472404531-NEGATIVE,asl_citizen:7113566472404531-NEGATIVE,P15,test,GOLD_EXISTING_LEXICAL_OR_SENTENCE,117,117,1,0.9999444484710693,B03,2
asl_citizen:7966919382563009-NEGATIVE,asl_citizen:7966919382563009-NEGATIVE,P47,test,GOLD_EXISTING_LEXICAL_OR_SENTENCE,117,117,1,0.9999654293060303,B03,2
asl_citizen:5258853543173105-NEGATIVE,asl_citizen:5258853543173105-NEGATIVE,P17,test,GOLD_EXISTING_LEXICAL_OR_SENTENCE,117,114,0,0.6472212076187134,B03,2
asl_citizen:3491884631345443-NEGATIVE,asl_citizen:3491884631345443-NEGATIVE,P22,test,GOLD_EXISTING_LEXICAL_OR_SENTENCE,117,117,1,0.9872485995292664,B03,2
asl_citizen:7146093933763809-NEGATIVE,asl_citizen:7146093933763809-NEGATIVE,P18,test,GOLD_EXISTING_LEXICAL_OR_SENTENCE,117,117,1,0.9997974038124084,B03,2
asl_citizen:6753172300490817-NEGATIVE,asl_citizen:6753172300490817-NEGATIVE,P48,test,GOLD_EXISTING_LEXICAL_OR_SENTENCE,117,117,1,0.9926572442054749,B03,2
asl_citizen:6376092365454631-NEGATIVE,asl_citizen:6376092365454631-NEGATIVE,P9,test,GOLD_EXISTING_LEXICAL_OR_SENTENCE,117,69,0,0.8714432716369629,B03,2
asl_citizen:23753924908764534-NERVE,asl_citizen:23753924908764534-NERVE,P49,test,GOLD_EXISTING_LEXICAL_OR_SENTENCE,118,118,1,0.9999790191650391,B03,2
asl_citizen:538220467331779-NERVE,asl_citizen:538220467331779-NERVE,P35,test,GOLD_EXISTING_LEXICAL_OR_SENTENCE,118,118,1,1.0,B03,2
asl_citizen:21886386055806217-NERVE,asl_citizen:21886386055806217-NERVE,P17,test,GOLD_EXISTING_LEXICAL_OR_SENTENCE,118,118,1,0.9183191657066345,B03,2
asl_citizen:5458109640087576-NERVE,asl_citizen:5458109640087576-NERVE,P47,test,GOLD_EXISTING_LEXICAL_OR_SENTENCE,118,118,1,0.9972330927848816,B03,2
asl_citizen:4663150142315995-NERVE,asl_citizen:4663150142315995-NERVE,P17,test,GOLD_EXISTING_LEXICAL_OR_SENTENCE,118,118,1,0.9978677034378052,B03,2
asl_citizen:36798024766679927-NERVE,asl_citizen:36798024766679927-NERVE,P48,test,GOLD_EXISTING_LEXICAL_OR_SENTENCE,118,118,1,0.9997109770774841,B03,2
asl_citizen:47384759612860683-NERVE,asl_citizen:47384759612860683-NERVE,P15,test,GOLD_EXISTING_LEXICAL_OR_SENTENCE,118,118,1,0.9999978542327881,B03,2
asl_citizen:1436623483934989-NERVE,asl_citizen:1436623483934989-NERVE,P18,test,GOLD_EXISTING_LEXICAL_OR_SENTENCE,118,118,1,1.0,B03,2
asl_citizen:07270539352192218-NINE,asl_citizen:07270539352192218-NINE,P6,test,GOLD_EXISTING_LEXICAL_OR_SENTENCE,119,119,1,0.9999029636383057,B03,2
asl_citizen:7657854825894848-NINE,asl_citizen:7657854825894848-NINE,P47,test,GOLD_EXISTING_LEXICAL_OR_SENTENCE,119,119,1,0.999977707862854,B03,2
asl_citizen:4600763876177605-NINE,asl_citizen:4600763876177605-NINE,P17,test,GOLD_EXISTING_LEXICAL_OR_SENTENCE,119,119,1,0.9999996423721313,B03,2
asl_citizen:20489516363250782-NINE,asl_citizen:20489516363250782-NINE,P49,test,GOLD_EXISTING_LEXICAL_OR_SENTENCE,119,119,1,0.9996814727783203,B03,2
asl_citizen:3222160502487865-NINE,asl_citizen:3222160502487865-NINE,P35,test,GOLD_EXISTING_LEXICAL_OR_SENTENCE,119,119,1,1.0,B03,2
asl_citizen:6884678857514952-NINE,asl_citizen:6884678857514952-NINE,P15,test,GOLD_EXISTING_LEXICAL_OR_SENTENCE,119,119,1,0.9999991655349731,B03,2
asl_citizen:5547021297445855-NINE,asl_citizen:5547021297445855-NINE,P42,test,GOLD_EXISTING_LEXICAL_OR_SENTENCE,119,119,1,1.0,B03,2
asl_citizen:819028006626159-NINE,asl_citizen:819028006626159-NINE,P22,test,GOLD_EXISTING_LEXICAL_OR_SENTENCE,119,119,1,0.9999985694885254,B03,2
asl_citizen:8356786397613329-NORTH,asl_citizen:8356786397613329-NORTH,P47,test,GOLD_EXISTING_LEXICAL_OR_SENTENCE,120,120,1,0.9999587535858154,B03,2
asl_citizen:45488095268551754-NORTH,asl_citizen:45488095268551754-NORTH,P15,test,GOLD_EXISTING_LEXICAL_OR_SENTENCE,120,120,1,0.9998804330825806,B03,2
asl_citizen:5281867130394469-NORTH,asl_citizen:5281867130394469-NORTH,P17,test,GOLD_EXISTING_LEXICAL_OR_SENTENCE,120,120,1,0.9999972581863403,B03,2
asl_citizen:6698348047100313-NORTH,asl_citizen:6698348047100313-NORTH,P22,test,GOLD_EXISTING_LEXICAL_OR_SENTENCE,120,120,1,0.999982476234436,B03,2
asl_citizen:26562681176480774-NORTH,asl_citizen:26562681176480774-NORTH,P9,test,GOLD_EXISTING_LEXICAL_OR_SENTENCE,120,179,0,0.7121705412864685,B03,2
asl_citizen:6515364113844422-NORTH,asl_citizen:6515364113844422-NORTH,P47,test,GOLD_EXISTING_LEXICAL_OR_SENTENCE,120,120,1,0.9896445274353027,B03,2
asl_citizen:1254039379272358-NORTH,asl_citizen:1254039379272358-NORTH,P6,test,GOLD_EXISTING_LEXICAL_OR_SENTENCE,120,120,1,0.5055676102638245,B03,2
asl_citizen:9702837684339749-NORTH,asl_citizen:9702837684339749-NORTH,P49,test,GOLD_EXISTING_LEXICAL_OR_SENTENCE,120,120,1,0.9922854900360107,B03,2
asl_citizen:16234287777076184-NOSE BLEED,asl_citizen:16234287777076184-NOSE BLEED,P9,test,GOLD_EXISTING_LEXICAL_OR_SENTENCE,121,121,1,1.0,B03,2
asl_citizen:9589698450256594-NOSE BLEED,asl_citizen:9589698450256594-NOSE BLEED,P48,test,GOLD_EXISTING_LEXICAL_OR_SENTENCE,121,121,1,0.9999672174453735,B03,2
asl_citizen:016558585580592755-NOSE BLEED,asl_citizen:016558585580592755-NOSE BLEED,P35,test,GOLD_EXISTING_LEXICAL_OR_SENTENCE,121,121,1,1.0,B03,2
asl_citizen:03295533551258001-NOSE BLEED,asl_citizen:03295533551258001-NOSE BLEED,P6,test,GOLD_EXISTING_LEXICAL_OR_SENTENCE,121,173,0,0.993656575679779,B03,2
asl_citizen:7888797818366855-NOSE BLEED,asl_citizen:7888797818366855-NOSE BLEED,P17,test,GOLD_EXISTING_LEXICAL_OR_SENTENCE,121,121,1,0.9999951124191284,B03,2
asl_citizen:8231321890931218-NOSE BLEED,asl_citizen:8231321890931218-NOSE BLEED,P22,test,GOLD_EXISTING_LEXICAL_OR_SENTENCE,121,121,1,0.9992339611053467,B03,2
asl_citizen:8626497377982232-NOSE BLEED,asl_citizen:8626497377982232-NOSE BLEED,P15,test,GOLD_EXISTING_LEXICAL_OR_SENTENCE,121,121,1,0.9928788542747498,B03,2
asl_citizen:33897986470028907-NOSE BLEED,asl_citizen:33897986470028907-NOSE BLEED,P42,test,GOLD_EXISTING_LEXICAL_OR_SENTENCE,121,121,1,0.9786715507507324,B03,2
asl_citizen:05562026803454745-OLDEST,asl_citizen:05562026803454745-OLDEST,P18,test,GOLD_EXISTING_LEXICAL_OR_SENTENCE,122,122,1,0.9999290704727173,B03,2
asl_citizen:7108828234280553-OLDEST,asl_citizen:7108828234280553-OLDEST,P35,test,GOLD_EXISTING_LEXICAL_OR_SENTENCE,122,122,1,0.9999849796295166,B03,2
asl_citizen:6386301599758053-OLDEST,asl_citizen:6386301599758053-OLDEST,P42,test,GOLD_EXISTING_LEXICAL_OR_SENTENCE,122,122,1,0.9999996423721313,B03,2
asl_citizen:12209135149020645-OLDEST,asl_citizen:12209135149020645-OLDEST,P49,test,GOLD_EXISTING_LEXICAL_OR_SENTENCE,122,122,1,0.8588004112243652,B03,2
asl_citizen:20182318270149935-OLDEST,asl_citizen:20182318270149935-OLDEST,P48,test,GOLD_EXISTING_LEXICAL_OR_SENTENCE,122,122,1,0.9999949932098389,B03,2
asl_citizen:32997025592177676-OLDEST,asl_citizen:32997025592177676-OLDEST,P15,test,GOLD_EXISTING_LEXICAL_OR_SENTENCE,122,122,1,0.9608922004699707,B03,2
asl_citizen:21156732955581603-OLDEST,asl_citizen:21156732955581603-OLDEST,P9,test,GOLD_EXISTING_LEXICAL_OR_SENTENCE,122,122,1,0.9970698356628418,B03,2
asl_citizen:44801580966508014-OLDEST,asl_citizen:44801580966508014-OLDEST,P17,test,GOLD_EXISTING_LEXICAL_OR_SENTENCE,122,122,1,0.9674362540245056,B03,2
asl_citizen:12266725984983129-ONE MORE_2,asl_citizen:12266725984983129-ONE MORE_2,P22,test,GOLD_EXISTING_LEXICAL_OR_SENTENCE,123,123,1,0.9999991655349731,B03,2
asl_citizen:32933778261560653-ONE MORE_2,asl_citizen:32933778261560653-ONE MORE_2,P47,test,GOLD_EXISTING_LEXICAL_OR_SENTENCE,123,53,0,0.8343489170074463,B03,2
asl_citizen:38159175209540797-ONE MORE_2,asl_citizen:38159175209540797-ONE MORE_2,P17,test,GOLD_EXISTING_LEXICAL_OR_SENTENCE,123,53,0,0.7683740258216858,B03,2
asl_citizen:9910177343306592-ONE MORE_2,asl_citizen:9910177343306592-ONE MORE_2,P42,test,GOLD_EXISTING_LEXICAL_OR_SENTENCE,123,123,1,0.7561366558074951,B03,2
asl_citizen:624386888841092-ONE MORE_2,asl_citizen:624386888841092-ONE MORE_2,P48,test,GOLD_EXISTING_LEXICAL_OR_SENTENCE,123,123,1,0.9754028916358948,B03,2
asl_citizen:26255476069493056-ONE MORE_2,asl_citizen:26255476069493056-ONE MORE_2,P6,test,GOLD_EXISTING_LEXICAL_OR_SENTENCE,123,123,1,0.9985601305961609,B03,2
asl_citizen:32478911122382637-ONE MORE_2,asl_citizen:32478911122382637-ONE MORE_2,P49,test,GOLD_EXISTING_LEXICAL_OR_SENTENCE,123,59,0,0.9126030802726746,B03,2
asl_citizen:7524389547245707-ONE MORE_2,asl_citizen:7524389547245707-ONE MORE_2,P18,test,GOLD_EXISTING_LEXICAL_OR_SENTENCE,123,32,0,0.9851535558700562,B03,2
asl_citizen:7406814364303091-PARALLEL,asl_citizen:7406814364303091-PARALLEL,P22,test,GOLD_EXISTING_LEXICAL_OR_SENTENCE,124,124,1,0.9978068470954895,B03,2
asl_citizen:3809323594260139-PARALLEL,asl_citizen:3809323594260139-PARALLEL,P47,test,GOLD_EXISTING_LEXICAL_OR_SENTENCE,124,124,1,0.9887593984603882,B03,2
asl_citizen:319973229913987-PARALLEL,asl_citizen:319973229913987-PARALLEL,P35,test,GOLD_EXISTING_LEXICAL_OR_SENTENCE,124,124,1,0.999991774559021,B03,2
asl_citizen:4016586134348836-PARALLEL,asl_citizen:4016586134348836-PARALLEL,P42,test,GOLD_EXISTING_LEXICAL_OR_SENTENCE,124,164,0,0.6644766330718994,B03,2
asl_citizen:4294937624271007-PARALLEL,asl_citizen:4294937624271007-PARALLEL,P49,test,GOLD_EXISTING_LEXICAL_OR_SENTENCE,124,124,1,0.9999998807907104,B03,2
asl_citizen:8612015862734406-PARALLEL,asl_citizen:8612015862734406-PARALLEL,P17,test,GOLD_EXISTING_LEXICAL_OR_SENTENCE,124,124,1,1.0,B03,2
asl_citizen:2996517798859386-PARALLEL,asl_citizen:2996517798859386-PARALLEL,P17,test,GOLD_EXISTING_LEXICAL_OR_SENTENCE,124,164,0,0.7182765007019043,B03,2
asl_citizen:4012681606822026-PARALLEL,asl_citizen:4012681606822026-PARALLEL,P9,test,GOLD_EXISTING_LEXICAL_OR_SENTENCE,124,124,1,0.999340832233429,B03,2
asl_citizen:44490445381760035-PATIENT,asl_citizen:44490445381760035-PATIENT,P42,test,GOLD_EXISTING_LEXICAL_OR_SENTENCE,125,125,1,0.9996703863143921,B03,2
asl_citizen:7042062123196444-PATIENT,asl_citizen:7042062123196444-PATIENT,P35,test,GOLD_EXISTING_LEXICAL_OR_SENTENCE,125,125,1,0.9999998807907104,B03,2
asl_citizen:23739568853279813-PATIENT,asl_citizen:23739568853279813-PATIENT,P48,test,GOLD_EXISTING_LEXICAL_OR_SENTENCE,125,125,1,0.9999915361404419,B03,2
asl_citizen:20545529027665888-PATIENT,asl_citizen:20545529027665888-PATIENT,P9,test,GOLD_EXISTING_LEXICAL_OR_SENTENCE,125,125,1,0.9999982118606567,B03,2
asl_citizen:012935430276122206-PATIENT,asl_citizen:012935430276122206-PATIENT,P18,test,GOLD_EXISTING_LEXICAL_OR_SENTENCE,125,125,1,0.9966869950294495,B03,2
asl_citizen:4389413990406117-PATIENT,asl_citizen:4389413990406117-PATIENT,P49,test,GOLD_EXISTING_LEXICAL_OR_SENTENCE,125,125,1,0.9971303343772888,B03,2
asl_citizen:38056631801494145-PATIENT,asl_citizen:38056631801494145-PATIENT,P47,test,GOLD_EXISTING_LEXICAL_OR_SENTENCE,125,125,1,0.9999961853027344,B03,2
asl_citizen:2579312398549707-PATIENT,asl_citizen:2579312398549707-PATIENT,P15,test,GOLD_EXISTING_LEXICAL_OR_SENTENCE,125,125,1,0.9917265176773071,B03,2
asl_citizen:03439382065703622-PAY OFF_BILLS,asl_citizen:03439382065703622-PAY OFF_BILLS,P15,test,GOLD_EXISTING_LEXICAL_OR_SENTENCE,126,126,1,0.9999986886978149,B03,2
asl_citizen:43103636816887714-PAY OFF_BILLS,asl_citizen:43103636816887714-PAY OFF_BILLS,P49,test,GOLD_EXISTING_LEXICAL_OR_SENTENCE,126,126,1,0.530808687210083,B03,2
asl_citizen:7114048433912947-PAY OFF_BILLS,asl_citizen:7114048433912947-PAY OFF_BILLS,P42,test,GOLD_EXISTING_LEXICAL_OR_SENTENCE,126,126,1,0.999996542930603,B03,2
asl_citizen:8107654246709317-PAY OFF_BILLS,asl_citizen:8107654246709317-PAY OFF_BILLS,P47,test,GOLD_EXISTING_LEXICAL_OR_SENTENCE,126,126,1,0.9997808337211609,B03,2
asl_citizen:6038574605212768-PAY OFF_BILLS,asl_citizen:6038574605212768-PAY OFF_BILLS,P17,test,GOLD_EXISTING_LEXICAL_OR_SENTENCE,126,95,0,0.45223137736320496,B03,2
asl_citizen:16013029391341038-PAY OFF_BILLS,asl_citizen:16013029391341038-PAY OFF_BILLS,P48,test,GOLD_EXISTING_LEXICAL_OR_SENTENCE,126,126,1,0.9820343255996704,B03,2
asl_citizen:09521299104415837-PAY OFF_BILLS,asl_citizen:09521299104415837-PAY OFF_BILLS,P35,test,GOLD_EXISTING_LEXICAL_OR_SENTENCE,126,126,1,0.9999773502349854,B03,2
asl_citizen:477470269377666-PAY OFF_BILLS,asl_citizen:477470269377666-PAY OFF_BILLS,P22,test,GOLD_EXISTING_LEXICAL_OR_SENTENCE,126,126,1,0.9987121820449829,B03,2
asl_citizen:8993966995848208-PEAS 1,asl_citizen:8993966995848208-PEAS 1,P35,test,GOLD_EXISTING_LEXICAL_OR_SENTENCE,127,112,0,0.8322557806968689,B03,2
asl_citizen:06946565402120464-PEAS 1,asl_citizen:06946565402120464-PEAS 1,P48,test,GOLD_EXISTING_LEXICAL_OR_SENTENCE,127,127,1,0.7918160557746887,B03,2
asl_citizen:5765125314841963-PEAS 1,asl_citizen:5765125314841963-PEAS 1,P6,test,GOLD_EXISTING_LEXICAL_OR_SENTENCE,127,103,0,0.8318049907684326,B03,2
asl_citizen:030819327361387705-PEAS 1,asl_citizen:030819327361387705-PEAS 1,P49,test,GOLD_EXISTING_LEXICAL_OR_SENTENCE,127,127,1,0.999981164932251,B03,2
asl_citizen:25229033437553094-PEAS 1,asl_citizen:25229033437553094-PEAS 1,P17,test,GOLD_EXISTING_LEXICAL_OR_SENTENCE,127,127,1,0.9991888403892517,B03,2
asl_citizen:2992711151543961-PEAS 1,asl_citizen:2992711151543961-PEAS 1,P9,test,GOLD_EXISTING_LEXICAL_OR_SENTENCE,127,127,1,0.9983736276626587,B03,2
asl_citizen:7883149705967814-PEAS 1,asl_citizen:7883149705967814-PEAS 1,P22,test,GOLD_EXISTING_LEXICAL_OR_SENTENCE,127,127,1,0.9468702077865601,B03,2
asl_citizen:36736675245142814-PEAS 1,asl_citizen:36736675245142814-PEAS 1,P42,test,GOLD_EXISTING_LEXICAL_OR_SENTENCE,127,127,1,0.9992706179618835,B03,2
asl_citizen:26340872028484785-PHILADELPHIA,asl_citizen:26340872028484785-PHILADELPHIA,P6,test,GOLD_EXISTING_LEXICAL_OR_SENTENCE,128,101,0,0.3800095021724701,B03,2
asl_citizen:9166461063808331-PHILADELPHIA,asl_citizen:9166461063808331-PHILADELPHIA,P15,test,GOLD_EXISTING_LEXICAL_OR_SENTENCE,128,128,1,0.9955939650535583,B03,2
asl_citizen:9282599037381889-PHILADELPHIA,asl_citizen:9282599037381889-PHILADELPHIA,P35,test,GOLD_EXISTING_LEXICAL_OR_SENTENCE,128,128,1,1.0,B03,2
asl_citizen:5086853258269717-PHILADELPHIA,asl_citizen:5086853258269717-PHILADELPHIA,P22,test,GOLD_EXISTING_LEXICAL_OR_SENTENCE,128,12,0,0.8759945631027222,B03,2
asl_citizen:005361356360182423-PHILADELPHIA,asl_citizen:005361356360182423-PHILADELPHIA,P47,test,GOLD_EXISTING_LEXICAL_OR_SENTENCE,128,128,1,0.9996196031570435,B03,2
asl_citizen:624522459118048-PHILADELPHIA,asl_citizen:624522459118048-PHILADELPHIA,P49,test,GOLD_EXISTING_LEXICAL_OR_SENTENCE,128,128,1,0.9945645332336426,B03,2
asl_citizen:07560857025444956-PHILADELPHIA,asl_citizen:07560857025444956-PHILADELPHIA,P17,test,GOLD_EXISTING_LEXICAL_OR_SENTENCE,128,128,1,0.4845253527164459,B03,2
asl_citizen:10948092530938514-PHILADELPHIA,asl_citizen:10948092530938514-PHILADELPHIA,P18,test,GOLD_EXISTING_LEXICAL_OR_SENTENCE,128,128,1,0.9999960660934448,B03,2
asl_citizen:2241415233945685-PIE,asl_citizen:2241415233945685-PIE,P17,test,GOLD_EXISTING_LEXICAL_OR_SENTENCE,129,4,0,0.7817941904067993,B03,2
asl_citizen:5164506491995917-PIE,asl_citizen:5164506491995917-PIE,P9,test,GOLD_EXISTING_LEXICAL_OR_SENTENCE,129,129,1,0.9999897480010986,B03,2
asl_citizen:7323839113480357-PIE,asl_citizen:7323839113480357-PIE,P49,test,GOLD_EXISTING_LEXICAL_OR_SENTENCE,129,157,0,0.994181215763092,B03,2
asl_citizen:7344295707349726-PIE,asl_citizen:7344295707349726-PIE,P18,test,GOLD_EXISTING_LEXICAL_OR_SENTENCE,129,129,1,1.0,B03,2
asl_citizen:5731489769975737-PIE,asl_citizen:5731489769975737-PIE,P48,test,GOLD_EXISTING_LEXICAL_OR_SENTENCE,129,4,0,0.3309073746204376,B03,2
asl_citizen:9185627449311058-PIE,asl_citizen:9185627449311058-PIE,P42,test,GOLD_EXISTING_LEXICAL_OR_SENTENCE,129,129,1,0.9993398785591125,B03,2
asl_citizen:32939956123830916-PIE,asl_citizen:32939956123830916-PIE,P15,test,GOLD_EXISTING_LEXICAL_OR_SENTENCE,129,129,1,1.0,B03,2
asl_citizen:5996523340778617-PIE,asl_citizen:5996523340778617-PIE,P22,test,GOLD_EXISTING_LEXICAL_OR_SENTENCE,129,129,1,0.9999834299087524,B03,2
asl_citizen:6130169597536534-PLACE,asl_citizen:6130169597536534-PLACE,P42,test,GOLD_EXISTING_LEXICAL_OR_SENTENCE,130,130,1,1.0,B03,2
asl_citizen:22345483831440816-PLACE,asl_citizen:22345483831440816-PLACE,P17,test,GOLD_EXISTING_LEXICAL_OR_SENTENCE,130,130,1,0.8873307108879089,B03,2
asl_citizen:8602180654279945-PLACE,asl_citizen:8602180654279945-PLACE,P22,test,GOLD_EXISTING_LEXICAL_OR_SENTENCE,130,130,1,1.0,B03,2
asl_citizen:34412146491624496-PLACE,asl_citizen:34412146491624496-PLACE,P42,test,GOLD_EXISTING_LEXICAL_OR_SENTENCE,130,130,1,0.9999998807907104,B03,2
asl_citizen:7186060692274963-PLACE,asl_citizen:7186060692274963-PLACE,P47,test,GOLD_EXISTING_LEXICAL_OR_SENTENCE,130,130,1,1.0,B03,2
asl_citizen:7826187476268085-PLACE,asl_citizen:7826187476268085-PLACE,P49,test,GOLD_EXISTING_LEXICAL_OR_SENTENCE,130,130,1,1.0,B03,2
asl_citizen:7396159860972742-PLACE,asl_citizen:7396159860972742-PLACE,P6,test,GOLD_EXISTING_LEXICAL_OR_SENTENCE,130,130,1,0.9999996423721313,B03,2
asl_citizen:36278242451276177-PLACE,asl_citizen:36278242451276177-PLACE,P35,test,GOLD_EXISTING_LEXICAL_OR_SENTENCE,130,130,1,1.0,B03,2
asl_citizen:11494136944350464-PLOW,asl_citizen:11494136944350464-PLOW,P15,test,GOLD_EXISTING_LEXICAL_OR_SENTENCE,131,131,1,1.0,B03,2
asl_citizen:39098009412658374-PLOW,asl_citizen:39098009412658374-PLOW,P9,test,GOLD_EXISTING_LEXICAL_OR_SENTENCE,131,131,1,0.9983853101730347,B03,2
asl_citizen:4484727693623092-PLOW,asl_citizen:4484727693623092-PLOW,P35,test,GOLD_EXISTING_LEXICAL_OR_SENTENCE,131,131,1,0.9999991655349731,B03,2
asl_citizen:6247342903541042-PLOW,asl_citizen:6247342903541042-PLOW,P49,test,GOLD_EXISTING_LEXICAL_OR_SENTENCE,131,131,1,0.9999998807907104,B03,2
asl_citizen:3176919354983241-PLOW,asl_citizen:3176919354983241-PLOW,P6,test,GOLD_EXISTING_LEXICAL_OR_SENTENCE,131,131,1,0.9999934434890747,B03,2
asl_citizen:7219039395899358-PLOW,asl_citizen:7219039395899358-PLOW,P42,test,GOLD_EXISTING_LEXICAL_OR_SENTENCE,131,131,1,0.9909695982933044,B03,2
asl_citizen:42949424063725505-PLOW,asl_citizen:42949424063725505-PLOW,P22,test,GOLD_EXISTING_LEXICAL_OR_SENTENCE,131,131,1,0.9999605417251587,B03,2
asl_citizen:8281453524960671-PLOW,asl_citizen:8281453524960671-PLOW,P18,test,GOLD_EXISTING_LEXICAL_OR_SENTENCE,131,131,1,0.9999171495437622,B03,2
asl_citizen:9123942913795273-POOP,asl_citizen:9123942913795273-POOP,P17,test,GOLD_EXISTING_LEXICAL_OR_SENTENCE,132,81,0,0.9263198375701904,B03,2
asl_citizen:04903293027240885-POOP,asl_citizen:04903293027240885-POOP,P15,test,GOLD_EXISTING_LEXICAL_OR_SENTENCE,132,132,1,0.9985836744308472,B03,2
asl_citizen:757581247197249-POOP,asl_citizen:757581247197249-POOP,P48,test,GOLD_EXISTING_LEXICAL_OR_SENTENCE,132,132,1,0.7859147191047668,B03,2
asl_citizen:3887340046508838-POOP,asl_citizen:3887340046508838-POOP,P47,test,GOLD_EXISTING_LEXICAL_OR_SENTENCE,132,132,1,0.9999810457229614,B03,2
asl_citizen:1340717839607859-POOP,asl_citizen:1340717839607859-POOP,P18,test,GOLD_EXISTING_LEXICAL_OR_SENTENCE,132,132,1,0.9991694688796997,B03,2
asl_citizen:9851232400083523-POOP,asl_citizen:9851232400083523-POOP,P9,test,GOLD_EXISTING_LEXICAL_OR_SENTENCE,132,83,0,0.8814471960067749,B03,2
asl_citizen:7591398367316144-POOP,asl_citizen:7591398367316144-POOP,P22,test,GOLD_EXISTING_LEXICAL_OR_SENTENCE,132,132,1,0.9999977350234985,B03,2
asl_citizen:511223840542633-POOP,asl_citizen:511223840542633-POOP,P47,test,GOLD_EXISTING_LEXICAL_OR_SENTENCE,132,132,1,0.9999176263809204,B03,2
asl_citizen:5804359781151138-POSITIVE,asl_citizen:5804359781151138-POSITIVE,P18,test,GOLD_EXISTING_LEXICAL_OR_SENTENCE,133,133,1,0.999976634979248,B03,2
asl_citizen:8205183043885409-POSITIVE,asl_citizen:8205183043885409-POSITIVE,P6,test,GOLD_EXISTING_LEXICAL_OR_SENTENCE,133,133,1,0.9901341795921326,B03,2
asl_citizen:15412460294665298-POSITIVE,asl_citizen:15412460294665298-POSITIVE,P49,test,GOLD_EXISTING_LEXICAL_OR_SENTENCE,133,133,1,0.9999997615814209,B03,2
asl_citizen:5644290121485349-POSITIVE,asl_citizen:5644290121485349-POSITIVE,P47,test,GOLD_EXISTING_LEXICAL_OR_SENTENCE,133,133,1,0.9998154044151306,B03,2
asl_citizen:04229163089399823-POSITIVE,asl_citizen:04229163089399823-POSITIVE,P42,test,GOLD_EXISTING_LEXICAL_OR_SENTENCE,133,133,1,0.9999926090240479,B03,2
asl_citizen:214661505481343-POSITIVE,asl_citizen:214661505481343-POSITIVE,P9,test,GOLD_EXISTING_LEXICAL_OR_SENTENCE,133,133,1,0.9999736547470093,B03,2
asl_citizen:7495736886246047-POSITIVE,asl_citizen:7495736886246047-POSITIVE,P35,test,GOLD_EXISTING_LEXICAL_OR_SENTENCE,133,133,1,0.9999997615814209,B03,2
asl_citizen:6033689350748483-POSITIVE,asl_citizen:6033689350748483-POSITIVE,P17,test,GOLD_EXISTING_LEXICAL_OR_SENTENCE,133,133,1,0.8419296145439148,B03,2
asl_citizen:819603961595887-POTATO,asl_citizen:819603961595887-POTATO,P48,test,GOLD_EXISTING_LEXICAL_OR_SENTENCE,134,134,1,0.9994514584541321,B03,2
asl_citizen:6807572102595827-POTATO,asl_citizen:6807572102595827-POTATO,P49,test,GOLD_EXISTING_LEXICAL_OR_SENTENCE,134,134,1,0.9998821020126343,B03,2
asl_citizen:5990793355744701-POTATO,asl_citizen:5990793355744701-POTATO,P22,test,GOLD_EXISTING_LEXICAL_OR_SENTENCE,134,197,0,0.7181895971298218,B03,2
asl_citizen:7961154634906777-POTATO,asl_citizen:7961154634906777-POTATO,P17,test,GOLD_EXISTING_LEXICAL_OR_SENTENCE,134,150,0,0.9816400408744812,B03,2
asl_citizen:6676090425641059-POTATO,asl_citizen:6676090425641059-POTATO,P18,test,GOLD_EXISTING_LEXICAL_OR_SENTENCE,134,134,1,0.9788318872451782,B03,2
asl_citizen:3994381762130559-POTATO,asl_citizen:3994381762130559-POTATO,P6,test,GOLD_EXISTING_LEXICAL_OR_SENTENCE,134,197,0,0.9837636947631836,B03,2
asl_citizen:23200756464812655-POTATO,asl_citizen:23200756464812655-POTATO,P9,test,GOLD_EXISTING_LEXICAL_OR_SENTENCE,134,28,0,0.6551966667175293,B03,2
asl_citizen:5967685399587914-POTATO,asl_citizen:5967685399587914-POTATO,P42,test,GOLD_EXISTING_LEXICAL_OR_SENTENCE,134,134,1,0.999998927116394,B03,2
asl_citizen:14424854504942042-PREACHER,asl_citizen:14424854504942042-PREACHER,P6,test,GOLD_EXISTING_LEXICAL_OR_SENTENCE,135,135,1,0.9785668849945068,B03,2
asl_citizen:2042699825450609-PREACHER,asl_citizen:2042699825450609-PREACHER,P15,test,GOLD_EXISTING_LEXICAL_OR_SENTENCE,135,135,1,0.9999533891677856,B03,2
asl_citizen:4597684589848239-PREACHER,asl_citizen:4597684589848239-PREACHER,P17,test,GOLD_EXISTING_LEXICAL_OR_SENTENCE,135,119,0,0.5052152276039124,B03,2
asl_citizen:07934516361818988-PREACHER,asl_citizen:07934516361818988-PREACHER,P9,test,GOLD_EXISTING_LEXICAL_OR_SENTENCE,135,135,1,0.999981164932251,B03,2
asl_citizen:7223656476322464-PREACHER,asl_citizen:7223656476322464-PREACHER,P49,test,GOLD_EXISTING_LEXICAL_OR_SENTENCE,135,135,1,0.9999392032623291,B03,2
asl_citizen:6986268799844455-PREACHER,asl_citizen:6986268799844455-PREACHER,P48,test,GOLD_EXISTING_LEXICAL_OR_SENTENCE,135,135,1,0.9999960660934448,B03,2
asl_citizen:31003066445260696-PREACHER,asl_citizen:31003066445260696-PREACHER,P22,test,GOLD_EXISTING_LEXICAL_OR_SENTENCE,135,135,1,1.0,B03,2
asl_citizen:6865884242066638-PREACHER,asl_citizen:6865884242066638-PREACHER,P18,test,GOLD_EXISTING_LEXICAL_OR_SENTENCE,135,135,1,0.999504804611206,B03,2
asl_citizen:9749861551078582-PRESIDENT,asl_citizen:9749861551078582-PRESIDENT,P48,test,GOLD_EXISTING_LEXICAL_OR_SENTENCE,136,136,1,0.9998165965080261,B03,2
asl_citizen:4214630522653562-PRESIDENT,asl_citizen:4214630522653562-PRESIDENT,P22,test,GOLD_EXISTING_LEXICAL_OR_SENTENCE,136,110,0,0.5443398952484131,B03,2
asl_citizen:7491483830245602-PRESIDENT,asl_citizen:7491483830245602-PRESIDENT,P49,test,GOLD_EXISTING_LEXICAL_OR_SENTENCE,136,136,1,0.9716794490814209,B03,2
asl_citizen:7406467771385974-PRESIDENT,asl_citizen:7406467771385974-PRESIDENT,P17,test,GOLD_EXISTING_LEXICAL_OR_SENTENCE,136,136,1,0.9992238283157349,B03,2
asl_citizen:2892714514864383-PRESIDENT,asl_citizen:2892714514864383-PRESIDENT,P42,test,GOLD_EXISTING_LEXICAL_OR_SENTENCE,136,136,1,0.9974300265312195,B03,2
asl_citizen:21218571982012446-PRESIDENT,asl_citizen:21218571982012446-PRESIDENT,P42,test,GOLD_EXISTING_LEXICAL_OR_SENTENCE,136,136,1,0.9995837807655334,B03,2
asl_citizen:5823017253220797-PRESIDENT,asl_citizen:5823017253220797-PRESIDENT,P47,test,GOLD_EXISTING_LEXICAL_OR_SENTENCE,136,136,1,0.9794263243675232,B03,2
asl_citizen:49439309829002354-PRESIDENT,asl_citizen:49439309829002354-PRESIDENT,P6,test,GOLD_EXISTING_LEXICAL_OR_SENTENCE,136,100,0,0.6426633596420288,B03,2
asl_citizen:018118859440344526-PRETTY,asl_citizen:018118859440344526-PRETTY,P35,test,GOLD_EXISTING_LEXICAL_OR_SENTENCE,137,137,1,0.9999750852584839,B03,2
asl_citizen:2156452083383824-PRETTY,asl_citizen:2156452083383824-PRETTY,P35,test,GOLD_EXISTING_LEXICAL_OR_SENTENCE,137,137,1,0.9999985694885254,B03,2
asl_citizen:7596224532900506-PRETTY,asl_citizen:7596224532900506-PRETTY,P15,test,GOLD_EXISTING_LEXICAL_OR_SENTENCE,137,137,1,0.9999165534973145,B03,2
asl_citizen:9664433447701657-PRETTY,asl_citizen:9664433447701657-PRETTY,P49,test,GOLD_EXISTING_LEXICAL_OR_SENTENCE,137,137,1,0.9381245970726013,B03,2
asl_citizen:13525331022211162-PRETTY,asl_citizen:13525331022211162-PRETTY,P9,test,GOLD_EXISTING_LEXICAL_OR_SENTENCE,137,74,0,0.41544994711875916,B03,2
asl_citizen:010132905782320956-PRETTY,asl_citizen:010132905782320956-PRETTY,P22,test,GOLD_EXISTING_LEXICAL_OR_SENTENCE,137,192,0,0.6776973009109497,B03,2
asl_citizen:5225846544457893-PRETTY,asl_citizen:5225846544457893-PRETTY,P17,test,GOLD_EXISTING_LEXICAL_OR_SENTENCE,137,137,1,0.9906482100486755,B03,2
asl_citizen:7153451705206948-PRETTY,asl_citizen:7153451705206948-PRETTY,P48,test,GOLD_EXISTING_LEXICAL_OR_SENTENCE,137,137,1,0.9999762773513794,B03,2
asl_citizen:23637636990326305-PROTEST,asl_citizen:23637636990326305-PROTEST,P42,test,GOLD_EXISTING_LEXICAL_OR_SENTENCE,138,138,1,0.9999991655349731,B03,2
asl_citizen:29689129454632823-PROTEST,asl_citizen:29689129454632823-PROTEST,P18,test,GOLD_EXISTING_LEXICAL_OR_SENTENCE,138,138,1,0.9999979734420776,B03,2
asl_citizen:36033088770134514-PROTEST,asl_citizen:36033088770134514-PROTEST,P18,test,GOLD_EXISTING_LEXICAL_OR_SENTENCE,138,138,1,0.9999988079071045,B03,2
asl_citizen:9121985518407612-PROTEST,asl_citizen:9121985518407612-PROTEST,P47,test,GOLD_EXISTING_LEXICAL_OR_SENTENCE,138,138,1,0.9999984502792358,B03,2
asl_citizen:3917688881495498-PROTEST,asl_citizen:3917688881495498-PROTEST,P17,test,GOLD_EXISTING_LEXICAL_OR_SENTENCE,138,138,1,0.9994076490402222,B03,2
asl_citizen:6311586497760844-PROTEST,asl_citizen:6311586497760844-PROTEST,P49,test,GOLD_EXISTING_LEXICAL_OR_SENTENCE,138,138,1,0.9959163069725037,B03,2
asl_citizen:3190202006409988-PROTEST,asl_citizen:3190202006409988-PROTEST,P48,test,GOLD_EXISTING_LEXICAL_OR_SENTENCE,138,138,1,0.999996542930603,B03,2
asl_citizen:9410377823757041-PROTEST,asl_citizen:9410377823757041-PROTEST,P35,test,GOLD_EXISTING_LEXICAL_OR_SENTENCE,138,138,1,0.9999700784683228,B03,2
asl_citizen:10729210456791805-PUNCH FACE,asl_citizen:10729210456791805-PUNCH FACE,P48,test,GOLD_EXISTING_LEXICAL_OR_SENTENCE,139,72,0,0.9588367938995361,B03,2
asl_citizen:276378081603438-PUNCH FACE,asl_citizen:276378081603438-PUNCH FACE,P47,test,GOLD_EXISTING_LEXICAL_OR_SENTENCE,139,139,1,0.9994924068450928,B03,2
asl_citizen:43684375228867767-PUNCH FACE,asl_citizen:43684375228867767-PUNCH FACE,P17,test,GOLD_EXISTING_LEXICAL_OR_SENTENCE,139,72,0,0.9606542587280273,B03,2
asl_citizen:9373474669536799-PUNCH FACE,asl_citizen:9373474669536799-PUNCH FACE,P42,test,GOLD_EXISTING_LEXICAL_OR_SENTENCE,139,139,1,0.9999934434890747,B03,2
asl_citizen:9035176099523927-PUNCH FACE,asl_citizen:9035176099523927-PUNCH FACE,P49,test,GOLD_EXISTING_LEXICAL_OR_SENTENCE,139,139,1,0.9816368222236633,B03,2
asl_citizen:788961127416397-PUNCH FACE,asl_citizen:788961127416397-PUNCH FACE,P17,test,GOLD_EXISTING_LEXICAL_OR_SENTENCE,139,139,1,0.9714906215667725,B03,2
asl_citizen:289598139494196-PUNCH FACE,asl_citizen:289598139494196-PUNCH FACE,P9,test,GOLD_EXISTING_LEXICAL_OR_SENTENCE,139,139,1,0.9998476505279541,B03,2
asl_citizen:1437527793229092-PUNCH FACE,asl_citizen:1437527793229092-PUNCH FACE,P22,test,GOLD_EXISTING_LEXICAL_OR_SENTENCE,139,139,1,0.9842442274093628,B03,2
asl_citizen:8434813746072627-PUZZLED,asl_citizen:8434813746072627-PUZZLED,P18,test,GOLD_EXISTING_LEXICAL_OR_SENTENCE,140,140,1,0.9999960660934448,B03,2
asl_citizen:13405881824185117-PUZZLED,asl_citizen:13405881824185117-PUZZLED,P35,test,GOLD_EXISTING_LEXICAL_OR_SENTENCE,140,140,1,0.7040454149246216,B03,2
asl_citizen:2706946530760075-PUZZLED,asl_citizen:2706946530760075-PUZZLED,P9,test,GOLD_EXISTING_LEXICAL_OR_SENTENCE,140,140,1,0.999998927116394,B03,2
asl_citizen:929892595638057-PUZZLED,asl_citizen:929892595638057-PUZZLED,P49,test,GOLD_EXISTING_LEXICAL_OR_SENTENCE,140,140,1,0.5910776853561401,B03,2
asl_citizen:01622503354860405-PUZZLED,asl_citizen:01622503354860405-PUZZLED,P22,test,GOLD_EXISTING_LEXICAL_OR_SENTENCE,140,7,0,0.9910955429077148,B03,2
asl_citizen:35449653931136615-PUZZLED,asl_citizen:35449653931136615-PUZZLED,P48,test,GOLD_EXISTING_LEXICAL_OR_SENTENCE,140,140,1,0.9999455213546753,B03,2
asl_citizen:20750854556741483-PUZZLED,asl_citizen:20750854556741483-PUZZLED,P6,test,GOLD_EXISTING_LEXICAL_OR_SENTENCE,140,140,1,0.9421074986457825,B03,2
asl_citizen:4250569199107541-PUZZLED,asl_citizen:4250569199107541-PUZZLED,P47,test,GOLD_EXISTING_LEXICAL_OR_SENTENCE,140,140,1,0.9999983310699463,B03,2
asl_citizen:3746881511755742-REGISTER,asl_citizen:3746881511755742-REGISTER,P6,test,GOLD_EXISTING_LEXICAL_OR_SENTENCE,141,10,0,0.983600914478302,B03,2
asl_citizen:9280989932515997-REGISTER,asl_citizen:9280989932515997-REGISTER,P17,test,GOLD_EXISTING_LEXICAL_OR_SENTENCE,141,10,0,0.9995156526565552,B03,2
asl_citizen:15214292760213022-REGISTER,asl_citizen:15214292760213022-REGISTER,P22,test,GOLD_EXISTING_LEXICAL_OR_SENTENCE,141,141,1,0.999997615814209,B03,2
asl_citizen:9639829625128289-REGISTER,asl_citizen:9639829625128289-REGISTER,P35,test,GOLD_EXISTING_LEXICAL_OR_SENTENCE,141,141,1,0.9992715716362,B03,2
asl_citizen:022475325018666226-REGISTER,asl_citizen:022475325018666226-REGISTER,P48,test,GOLD_EXISTING_LEXICAL_OR_SENTENCE,141,141,1,0.9993720650672913,B03,2
asl_citizen:09054295287350245-REGISTER,asl_citizen:09054295287350245-REGISTER,P9,test,GOLD_EXISTING_LEXICAL_OR_SENTENCE,141,10,0,0.976477324962616,B03,2
asl_citizen:40007957997035826-REGISTER,asl_citizen:40007957997035826-REGISTER,P47,test,GOLD_EXISTING_LEXICAL_OR_SENTENCE,141,141,1,0.9986780285835266,B03,2
asl_citizen:2045673627319149-REGISTER,asl_citizen:2045673627319149-REGISTER,P42,test,GOLD_EXISTING_LEXICAL_OR_SENTENCE,141,141,1,1.0,B03,2
asl_citizen:19466969481468022-RESTAURANT,asl_citizen:19466969481468022-RESTAURANT,P35,test,GOLD_EXISTING_LEXICAL_OR_SENTENCE,142,142,1,0.9998306035995483,B03,2
asl_citizen:698203699729971-RESTAURANT,asl_citizen:698203699729971-RESTAURANT,P42,test,GOLD_EXISTING_LEXICAL_OR_SENTENCE,142,142,1,0.9999996423721313,B03,2
asl_citizen:4752142917519069-RESTAURANT,asl_citizen:4752142917519069-RESTAURANT,P47,test,GOLD_EXISTING_LEXICAL_OR_SENTENCE,142,142,1,0.9992369413375854,B03,2
asl_citizen:8905841042232867-RESTAURANT,asl_citizen:8905841042232867-RESTAURANT,P17,test,GOLD_EXISTING_LEXICAL_OR_SENTENCE,142,142,1,0.9999997615814209,B03,2
asl_citizen:7401223768646483-RESTAURANT,asl_citizen:7401223768646483-RESTAURANT,P48,test,GOLD_EXISTING_LEXICAL_OR_SENTENCE,142,142,1,0.9990712404251099,B03,2
asl_citizen:9064104493829628-RESTAURANT,asl_citizen:9064104493829628-RESTAURANT,P22,test,GOLD_EXISTING_LEXICAL_OR_SENTENCE,142,142,1,0.9999997615814209,B03,2
asl_citizen:16947273607305258-RESTAURANT,asl_citizen:16947273607305258-RESTAURANT,P18,test,GOLD_EXISTING_LEXICAL_OR_SENTENCE,142,142,1,0.9999996423721313,B03,2
asl_citizen:7274767352225469-RESTAURANT,asl_citizen:7274767352225469-RESTAURANT,P9,test,GOLD_EXISTING_LEXICAL_OR_SENTENCE,142,142,1,0.999068558216095,B03,2
asl_citizen:9009140890474454-RHINO,asl_citizen:9009140890474454-RHINO,P35,test,GOLD_EXISTING_LEXICAL_OR_SENTENCE,143,143,1,1.0,B03,2
asl_citizen:7129765281724938-RHINO,asl_citizen:7129765281724938-RHINO,P47,test,GOLD_EXISTING_LEXICAL_OR_SENTENCE,143,52,0,0.7774803638458252,B03,2
asl_citizen:7257207241546646-RHINO,asl_citizen:7257207241546646-RHINO,P49,test,GOLD_EXISTING_LEXICAL_OR_SENTENCE,143,143,1,0.669546365737915,B03,2
asl_citizen:17037549589664192-RHINO,asl_citizen:17037549589664192-RHINO,P6,test,GOLD_EXISTING_LEXICAL_OR_SENTENCE,143,143,1,0.9999986886978149,B03,2
asl_citizen:18034471009038877-RHINO,asl_citizen:18034471009038877-RHINO,P22,test,GOLD_EXISTING_LEXICAL_OR_SENTENCE,143,143,1,1.0,B03,2
asl_citizen:5395780022051135-RHINO,asl_citizen:5395780022051135-RHINO,P17,test,GOLD_EXISTING_LEXICAL_OR_SENTENCE,143,143,1,0.9999995231628418,B03,2
asl_citizen:5823827078681079-RHINO,asl_citizen:5823827078681079-RHINO,P18,test,GOLD_EXISTING_LEXICAL_OR_SENTENCE,143,143,1,0.9993638396263123,B03,2
asl_citizen:36410534137340056-RHINO,asl_citizen:36410534137340056-RHINO,P9,test,GOLD_EXISTING_LEXICAL_OR_SENTENCE,143,143,1,0.9999985694885254,B03,2
asl_citizen:2519463938747688-RUSH,asl_citizen:2519463938747688-RUSH,P48,test,GOLD_EXISTING_LEXICAL_OR_SENTENCE,144,144,1,0.9993045330047607,B03,2
asl_citizen:027571437679423383-RUSH,asl_citizen:027571437679423383-RUSH,P47,test,GOLD_EXISTING_LEXICAL_OR_SENTENCE,144,144,1,0.9997435212135315,B03,2
asl_citizen:44731932993595436-RUSH,asl_citizen:44731932993595436-RUSH,P6,test,GOLD_EXISTING_LEXICAL_OR_SENTENCE,144,144,1,0.9999504089355469,B03,2
asl_citizen:6120864686400156-RUSH,asl_citizen:6120864686400156-RUSH,P18,test,GOLD_EXISTING_LEXICAL_OR_SENTENCE,144,144,1,0.9999994039535522,B03,2
asl_citizen:5986370403222989-RUSH,asl_citizen:5986370403222989-RUSH,P35,test,GOLD_EXISTING_LEXICAL_OR_SENTENCE,144,144,1,0.9999841451644897,B03,2
asl_citizen:5787596106951816-RUSH,asl_citizen:5787596106951816-RUSH,P9,test,GOLD_EXISTING_LEXICAL_OR_SENTENCE,144,144,1,0.9985969662666321,B03,2
asl_citizen:970627555717537-RUSH,asl_citizen:970627555717537-RUSH,P22,test,GOLD_EXISTING_LEXICAL_OR_SENTENCE,144,144,1,1.0,B03,2
asl_citizen:6885115889892539-RUSH,asl_citizen:6885115889892539-RUSH,P9,test,GOLD_EXISTING_LEXICAL_OR_SENTENCE,144,144,1,0.8950294256210327,B03,2
asl_citizen:5671220265034711-SAIL 2,asl_citizen:5671220265034711-SAIL 2,P49,test,GOLD_EXISTING_LEXICAL_OR_SENTENCE,145,145,1,0.9990420937538147,B03,2
asl_citizen:8298420400860262-SAIL 2,asl_citizen:8298420400860262-SAIL 2,P18,test,GOLD_EXISTING_LEXICAL_OR_SENTENCE,145,76,0,0.6269901394844055,B03,2
asl_citizen:8365337464131144-SAIL 2,asl_citizen:8365337464131144-SAIL 2,P17,test,GOLD_EXISTING_LEXICAL_OR_SENTENCE,145,145,1,0.9988131523132324,B03,2
asl_citizen:5493974082836584-SAIL 2,asl_citizen:5493974082836584-SAIL 2,P47,test,GOLD_EXISTING_LEXICAL_OR_SENTENCE,145,145,1,0.9863113760948181,B03,2
asl_citizen:25193493599062466-SAIL 2,asl_citizen:25193493599062466-SAIL 2,P6,test,GOLD_EXISTING_LEXICAL_OR_SENTENCE,145,109,0,0.9929065704345703,B03,2
asl_citizen:19910436412347976-SAIL 2,asl_citizen:19910436412347976-SAIL 2,P48,test,GOLD_EXISTING_LEXICAL_OR_SENTENCE,145,109,0,0.9999618530273438,B03,2
asl_citizen:998664525579968-SAIL 2,asl_citizen:998664525579968-SAIL 2,P35,test,GOLD_EXISTING_LEXICAL_OR_SENTENCE,145,145,1,0.9986321330070496,B03,2
asl_citizen:8532015518358596-SAIL 2,asl_citizen:8532015518358596-SAIL 2,P9,test,GOLD_EXISTING_LEXICAL_OR_SENTENCE,145,145,1,0.9986492991447449,B03,2
asl_citizen:07028305904568288-SALT,asl_citizen:07028305904568288-SALT,P48,test,GOLD_EXISTING_LEXICAL_OR_SENTENCE,146,146,1,0.9964717626571655,B03,2
asl_citizen:771924264423336-SALT,asl_citizen:771924264423336-SALT,P49,test,GOLD_EXISTING_LEXICAL_OR_SENTENCE,146,146,1,0.9807195067405701,B03,2
asl_citizen:25049365626104025-SALT,asl_citizen:25049365626104025-SALT,P35,test,GOLD_EXISTING_LEXICAL_OR_SENTENCE,146,146,1,0.8771705031394958,B03,2
asl_citizen:9639738269415754-SALT,asl_citizen:9639738269415754-SALT,P18,test,GOLD_EXISTING_LEXICAL_OR_SENTENCE,146,146,1,0.9605482220649719,B03,2
asl_citizen:3113285790937248-SALT,asl_citizen:3113285790937248-SALT,P35,test,GOLD_EXISTING_LEXICAL_OR_SENTENCE,146,146,1,1.0,B03,2
asl_citizen:7295850548537901-SALT,asl_citizen:7295850548537901-SALT,P6,test,GOLD_EXISTING_LEXICAL_OR_SENTENCE,146,146,1,0.9998722076416016,B03,2
asl_citizen:9017897696226882-SALT,asl_citizen:9017897696226882-SALT,P17,test,GOLD_EXISTING_LEXICAL_OR_SENTENCE,146,146,1,0.999416708946228,B03,2
asl_citizen:2728213318874628-SALT,asl_citizen:2728213318874628-SALT,P9,test,GOLD_EXISTING_LEXICAL_OR_SENTENCE,146,175,0,0.5764029622077942,B03,2
asl_citizen:249367169566167-SCOOP,asl_citizen:249367169566167-SCOOP,P49,test,GOLD_EXISTING_LEXICAL_OR_SENTENCE,147,147,1,0.9177770614624023,B03,2
asl_citizen:010766761857086804-SCOOP,asl_citizen:010766761857086804-SCOOP,P18,test,GOLD_EXISTING_LEXICAL_OR_SENTENCE,147,147,1,1.0,B03,2
asl_citizen:45688609350556075-SCOOP,asl_citizen:45688609350556075-SCOOP,P9,test,GOLD_EXISTING_LEXICAL_OR_SENTENCE,147,38,0,0.6698375940322876,B03,2
asl_citizen:777254747711311-SCOOP,asl_citizen:777254747711311-SCOOP,P15,test,GOLD_EXISTING_LEXICAL_OR_SENTENCE,147,147,1,0.9998412132263184,B03,2
asl_citizen:6154732147946227-SCOOP,asl_citizen:6154732147946227-SCOOP,P42,test,GOLD_EXISTING_LEXICAL_OR_SENTENCE,147,147,1,0.4804547429084778,B03,2
asl_citizen:19224516700730288-SCOOP,asl_citizen:19224516700730288-SCOOP,P49,test,GOLD_EXISTING_LEXICAL_OR_SENTENCE,147,147,1,1.0,B03,2
asl_citizen:24094649605232776-SCOOP,asl_citizen:24094649605232776-SCOOP,P22,test,GOLD_EXISTING_LEXICAL_OR_SENTENCE,147,147,1,0.997322142124176,B03,2
asl_citizen:9730091562410323-SCOOP,asl_citizen:9730091562410323-SCOOP,P47,test,GOLD_EXISTING_LEXICAL_OR_SENTENCE,147,147,1,0.9998047947883606,B03,2
asl_citizen:7600208365404493-SECRET,asl_citizen:7600208365404493-SECRET,P48,test,GOLD_EXISTING_LEXICAL_OR_SENTENCE,148,186,0,0.7809508442878723,B03,2
asl_citizen:3785222980509524-SECRET,asl_citizen:3785222980509524-SECRET,P17,test,GOLD_EXISTING_LEXICAL_OR_SENTENCE,148,148,1,0.9998220801353455,B03,2
asl_citizen:9331764379331171-SECRET,asl_citizen:9331764379331171-SECRET,P49,test,GOLD_EXISTING_LEXICAL_OR_SENTENCE,148,148,1,0.9995699524879456,B03,2
asl_citizen:30873653752757924-SECRET,asl_citizen:30873653752757924-SECRET,P47,test,GOLD_EXISTING_LEXICAL_OR_SENTENCE,148,148,1,0.9959128499031067,B03,2
asl_citizen:2158523027438073-SECRET,asl_citizen:2158523027438073-SECRET,P6,test,GOLD_EXISTING_LEXICAL_OR_SENTENCE,148,148,1,0.9998564720153809,B03,2
asl_citizen:49431623630020516-SECRET,asl_citizen:49431623630020516-SECRET,P15,test,GOLD_EXISTING_LEXICAL_OR_SENTENCE,148,148,1,0.8425031304359436,B03,2
asl_citizen:4961054386479491-SECRET,asl_citizen:4961054386479491-SECRET,P35,test,GOLD_EXISTING_LEXICAL_OR_SENTENCE,148,148,1,0.9994358420372009,B03,2
asl_citizen:9014133516703418-SECRET,asl_citizen:9014133516703418-SECRET,P22,test,GOLD_EXISTING_LEXICAL_OR_SENTENCE,148,148,1,0.999998927116394,B03,2
asl_citizen:44723797232487494-SEND,asl_citizen:44723797232487494-SEND,P48,test,GOLD_EXISTING_LEXICAL_OR_SENTENCE,149,194,0,0.44275790452957153,B03,2
asl_citizen:6630994156987291-SEND,asl_citizen:6630994156987291-SEND,P35,test,GOLD_EXISTING_LEXICAL_OR_SENTENCE,149,149,1,1.0,B03,2
asl_citizen:38411736040805344-SEND,asl_citizen:38411736040805344-SEND,P22,test,GOLD_EXISTING_LEXICAL_OR_SENTENCE,149,149,1,0.9998444318771362,B03,2
asl_citizen:8241709412018865-SEND,asl_citizen:8241709412018865-SEND,P9,test,GOLD_EXISTING_LEXICAL_OR_SENTENCE,149,149,1,0.3498794138431549,B03,2
asl_citizen:3098568377560049-SEND,asl_citizen:3098568377560049-SEND,P15,test,GOLD_EXISTING_LEXICAL_OR_SENTENCE,149,55,0,0.548122763633728,B03,2
asl_citizen:7615518031882893-SEND,asl_citizen:7615518031882893-SEND,P22,test,GOLD_EXISTING_LEXICAL_OR_SENTENCE,149,149,1,0.9390902519226074,B03,2
asl_citizen:13553502839177423-SEND,asl_citizen:13553502839177423-SEND,P6,test,GOLD_EXISTING_LEXICAL_OR_SENTENCE,149,149,1,0.9999998807907104,B03,2
asl_citizen:6990328291359291-SEND,asl_citizen:6990328291359291-SEND,P49,test,GOLD_EXISTING_LEXICAL_OR_SENTENCE,149,149,1,0.9483110904693604,B03,2
asl_citizen:5000931412799545-SHARPEN 1,asl_citizen:5000931412799545-SHARPEN 1,P17,test,GOLD_EXISTING_LEXICAL_OR_SENTENCE,150,188,0,0.963953971862793,B03,2
asl_citizen:8658051333761474-SHARPEN 1,asl_citizen:8658051333761474-SHARPEN 1,P22,test,GOLD_EXISTING_LEXICAL_OR_SENTENCE,150,150,1,0.9995618462562561,B03,2
asl_citizen:1902131450657536-SHARPEN 1,asl_citizen:1902131450657536-SHARPEN 1,P6,test,GOLD_EXISTING_LEXICAL_OR_SENTENCE,150,97,0,0.92511385679245,B03,2
asl_citizen:6806229526128476-SHARPEN 1,asl_citizen:6806229526128476-SHARPEN 1,P47,test,GOLD_EXISTING_LEXICAL_OR_SENTENCE,150,150,1,0.9979854822158813,B03,2
asl_citizen:043212209888262354-SHARPEN 1,asl_citizen:043212209888262354-SHARPEN 1,P18,test,GOLD_EXISTING_LEXICAL_OR_SENTENCE,150,150,1,0.9989487528800964,B03,2
asl_citizen:35281819133308834-SHARPEN 1,asl_citizen:35281819133308834-SHARPEN 1,P22,test,GOLD_EXISTING_LEXICAL_OR_SENTENCE,150,150,1,0.9991421699523926,B03,2
asl_citizen:39747253059028664-SHARPEN 1,asl_citizen:39747253059028664-SHARPEN 1,P18,test,GOLD_EXISTING_LEXICAL_OR_SENTENCE,150,150,1,0.9999809265136719,B03,2
asl_citizen:22242007163329114-SHARPEN 1,asl_citizen:22242007163329114-SHARPEN 1,P48,test,GOLD_EXISTING_LEXICAL_OR_SENTENCE,150,150,1,0.9996981620788574,B03,2
asl_citizen:03823432282019801-SHIELD,asl_citizen:03823432282019801-SHIELD,P15,test,GOLD_EXISTING_LEXICAL_OR_SENTENCE,151,151,1,0.9999393224716187,B03,2
asl_citizen:26093755733218793-SHIELD,asl_citizen:26093755733218793-SHIELD,P35,test,GOLD_EXISTING_LEXICAL_OR_SENTENCE,151,151,1,1.0,B03,2
asl_citizen:15801447607076358-SHIELD,asl_citizen:15801447607076358-SHIELD,P22,test,GOLD_EXISTING_LEXICAL_OR_SENTENCE,151,71,0,0.9998698234558105,B03,2
asl_citizen:03088268698265395-SHIELD,asl_citizen:03088268698265395-SHIELD,P17,test,GOLD_EXISTING_LEXICAL_OR_SENTENCE,151,139,0,0.9158393144607544,B03,2
asl_citizen:38571767317215255-SHIELD,asl_citizen:38571767317215255-SHIELD,P48,test,GOLD_EXISTING_LEXICAL_OR_SENTENCE,151,20,0,0.8020924925804138,B03,2
asl_citizen:8327106724654354-SHIELD,asl_citizen:8327106724654354-SHIELD,P6,test,GOLD_EXISTING_LEXICAL_OR_SENTENCE,151,139,0,0.7490319013595581,B03,2
asl_citizen:8733527987947034-SHIELD,asl_citizen:8733527987947034-SHIELD,P15,test,GOLD_EXISTING_LEXICAL_OR_SENTENCE,151,151,1,0.9999997615814209,B03,2
asl_citizen:5333785095117796-SHIELD,asl_citizen:5333785095117796-SHIELD,P9,test,GOLD_EXISTING_LEXICAL_OR_SENTENCE,151,151,1,0.9990519881248474,B03,2
asl_citizen:7383296308715495-SHOOT 2,asl_citizen:7383296308715495-SHOOT 2,P6,test,GOLD_EXISTING_LEXICAL_OR_SENTENCE,152,95,0,0.9970269799232483,B03,2
asl_citizen:6706757560789209-SHOOT 2,asl_citizen:6706757560789209-SHOOT 2,P15,test,GOLD_EXISTING_LEXICAL_OR_SENTENCE,152,152,1,0.9998562335968018,B03,2
asl_citizen:28706766177255094-SHOOT 2,asl_citizen:28706766177255094-SHOOT 2,P9,test,GOLD_EXISTING_LEXICAL_OR_SENTENCE,152,2,0,0.6989281177520752,B03,2
asl_citizen:8122363861858433-SHOOT 2,asl_citizen:8122363861858433-SHOOT 2,P35,test,GOLD_EXISTING_LEXICAL_OR_SENTENCE,152,21,0,0.6937786936759949,B03,2
asl_citizen:5209899942847593-SHOOT 2,asl_citizen:5209899942847593-SHOOT 2,P18,test,GOLD_EXISTING_LEXICAL_OR_SENTENCE,152,80,0,0.8411469459533691,B03,2
asl_citizen:6863152284621228-SHOOT 2,asl_citizen:6863152284621228-SHOOT 2,P18,test,GOLD_EXISTING_LEXICAL_OR_SENTENCE,152,80,0,0.5278305411338806,B03,2
asl_citizen:17120646870983025-SHOOT 2,asl_citizen:17120646870983025-SHOOT 2,P47,test,GOLD_EXISTING_LEXICAL_OR_SENTENCE,152,152,1,0.9999985694885254,B03,2
asl_citizen:3707478469019385-SHOOT 2,asl_citizen:3707478469019385-SHOOT 2,P6,test,GOLD_EXISTING_LEXICAL_OR_SENTENCE,152,152,1,0.8897777795791626,B03,2
asl_citizen:8897058305283605-SHOOTING,asl_citizen:8897058305283605-SHOOTING,P35,test,GOLD_EXISTING_LEXICAL_OR_SENTENCE,153,153,1,0.9999998807907104,B03,2
asl_citizen:5674275647230758-SHOOTING,asl_citizen:5674275647230758-SHOOTING,P9,test,GOLD_EXISTING_LEXICAL_OR_SENTENCE,153,153,1,0.9999988079071045,B03,2
asl_citizen:17384757904244874-SHOOTING,asl_citizen:17384757904244874-SHOOTING,P48,test,GOLD_EXISTING_LEXICAL_OR_SENTENCE,153,153,1,0.9920654892921448,B03,2
asl_citizen:2836475442072304-SHOOTING,asl_citizen:2836475442072304-SHOOTING,P17,test,GOLD_EXISTING_LEXICAL_OR_SENTENCE,153,153,1,0.9999992847442627,B03,2
asl_citizen:21501932222050724-SHOOTING,asl_citizen:21501932222050724-SHOOTING,P18,test,GOLD_EXISTING_LEXICAL_OR_SENTENCE,153,153,1,0.9999465942382812,B03,2
asl_citizen:6512142781084489-SHOOTING,asl_citizen:6512142781084489-SHOOTING,P42,test,GOLD_EXISTING_LEXICAL_OR_SENTENCE,153,153,1,0.9999998807907104,B03,2
asl_citizen:3753906652975558-SHOOTING,asl_citizen:3753906652975558-SHOOTING,P47,test,GOLD_EXISTING_LEXICAL_OR_SENTENCE,153,153,1,0.9996616840362549,B03,2
asl_citizen:40951976240363375-SHOOTING,asl_citizen:40951976240363375-SHOOTING,P49,test,GOLD_EXISTING_LEXICAL_OR_SENTENCE,153,153,1,0.9998918771743774,B03,2
asl_citizen:41679860029094606-SHOT,asl_citizen:41679860029094606-SHOT,P35,test,GOLD_EXISTING_LEXICAL_OR_SENTENCE,154,154,1,1.0,B03,2
asl_citizen:8240048277919259-SHOT,asl_citizen:8240048277919259-SHOT,P49,test,GOLD_EXISTING_LEXICAL_OR_SENTENCE,154,154,1,0.9994127750396729,B03,2
asl_citizen:10267126113165492-SHOT,asl_citizen:10267126113165492-SHOT,P48,test,GOLD_EXISTING_LEXICAL_OR_SENTENCE,154,154,1,0.8774390816688538,B03,2
asl_citizen:12253653686390042-SHOT,asl_citizen:12253653686390042-SHOT,P17,test,GOLD_EXISTING_LEXICAL_OR_SENTENCE,154,169,0,0.6889270544052124,B03,2
asl_citizen:32402486526671526-SHOT,asl_citizen:32402486526671526-SHOT,P9,test,GOLD_EXISTING_LEXICAL_OR_SENTENCE,154,154,1,0.9997739195823669,B03,2
asl_citizen:6205447470012193-SHOT,asl_citizen:6205447470012193-SHOT,P48,test,GOLD_EXISTING_LEXICAL_OR_SENTENCE,154,74,0,0.908923327922821,B03,2
asl_citizen:21634847585574835-SHOT,asl_citizen:21634847585574835-SHOT,P22,test,GOLD_EXISTING_LEXICAL_OR_SENTENCE,154,42,0,0.5738566517829895,B03,2
asl_citizen:7758439693732813-SHOT,asl_citizen:7758439693732813-SHOT,P42,test,GOLD_EXISTING_LEXICAL_OR_SENTENCE,154,154,1,0.9711721539497375,B03,2
asl_citizen:20643740951501166-SHUT OUT,asl_citizen:20643740951501166-SHUT OUT,P47,test,GOLD_EXISTING_LEXICAL_OR_SENTENCE,155,155,1,0.9989100694656372,B03,2
asl_citizen:9212036843990614-SHUT OUT,asl_citizen:9212036843990614-SHUT OUT,P49,test,GOLD_EXISTING_LEXICAL_OR_SENTENCE,155,155,1,0.9999997615814209,B03,2
asl_citizen:0636580316216-SHUT OUT,asl_citizen:0636580316216-SHUT OUT,P17,test,GOLD_EXISTING_LEXICAL_OR_SENTENCE,155,155,1,0.9999998807907104,B03,2
asl_citizen:2607120100781699-SHUT OUT,asl_citizen:2607120100781699-SHUT OUT,P47,test,GOLD_EXISTING_LEXICAL_OR_SENTENCE,155,155,1,0.9463016390800476,B03,2
asl_citizen:5960389506441459-SHUT OUT,asl_citizen:5960389506441459-SHUT OUT,P22,test,GOLD_EXISTING_LEXICAL_OR_SENTENCE,155,155,1,0.9999995231628418,B03,2
asl_citizen:7255202523785196-SHUT OUT,asl_citizen:7255202523785196-SHUT OUT,P6,test,GOLD_EXISTING_LEXICAL_OR_SENTENCE,155,155,1,0.9999998807907104,B03,2
asl_citizen:8427732173530238-SHUT OUT,asl_citizen:8427732173530238-SHUT OUT,P15,test,GOLD_EXISTING_LEXICAL_OR_SENTENCE,155,155,1,0.9992652535438538,B03,2
asl_citizen:21748206298301098-SHUT OUT,asl_citizen:21748206298301098-SHUT OUT,P18,test,GOLD_EXISTING_LEXICAL_OR_SENTENCE,155,155,1,0.9999872446060181,B03,2
asl_citizen:03582115602621383-SIDE,asl_citizen:03582115602621383-SIDE,P48,test,GOLD_EXISTING_LEXICAL_OR_SENTENCE,156,156,1,0.9992585778236389,B03,2
asl_citizen:584256881494418-SIDE,asl_citizen:584256881494418-SIDE,P47,test,GOLD_EXISTING_LEXICAL_OR_SENTENCE,156,156,1,0.9999717473983765,B03,2
asl_citizen:7479705292720449-SIDE,asl_citizen:7479705292720449-SIDE,P18,test,GOLD_EXISTING_LEXICAL_OR_SENTENCE,156,156,1,0.9998306035995483,B03,2
asl_citizen:5420612868708861-SIDE,asl_citizen:5420612868708861-SIDE,P17,test,GOLD_EXISTING_LEXICAL_OR_SENTENCE,156,156,1,0.6044390201568604,B03,2
asl_citizen:10459504068825787-SIDE,asl_citizen:10459504068825787-SIDE,P49,test,GOLD_EXISTING_LEXICAL_OR_SENTENCE,156,156,1,0.9464793801307678,B03,2
asl_citizen:7088118724781087-SIDE,asl_citizen:7088118724781087-SIDE,P22,test,GOLD_EXISTING_LEXICAL_OR_SENTENCE,156,156,1,1.0,B03,2
asl_citizen:03506330749112463-SIDE,asl_citizen:03506330749112463-SIDE,P15,test,GOLD_EXISTING_LEXICAL_OR_SENTENCE,156,10,0,0.946009635925293,B03,2
asl_citizen:1289041520425227-SIDE,asl_citizen:1289041520425227-SIDE,P6,test,GOLD_EXISTING_LEXICAL_OR_SENTENCE,156,156,1,0.9911261200904846,B03,2
asl_citizen:6795467330954337-SING,asl_citizen:6795467330954337-SING,P47,test,GOLD_EXISTING_LEXICAL_OR_SENTENCE,157,157,1,0.7581712007522583,B03,2
asl_citizen:5540773958748633-SING,asl_citizen:5540773958748633-SING,P15,test,GOLD_EXISTING_LEXICAL_OR_SENTENCE,157,157,1,0.9941774606704712,B03,2
asl_citizen:7243419395622124-SING,asl_citizen:7243419395622124-SING,P35,test,GOLD_EXISTING_LEXICAL_OR_SENTENCE,157,157,1,0.9962642788887024,B03,2
asl_citizen:8187593701354778-SING,asl_citizen:8187593701354778-SING,P42,test,GOLD_EXISTING_LEXICAL_OR_SENTENCE,157,157,1,1.0,B03,2
asl_citizen:7033685537226488-SING,asl_citizen:7033685537226488-SING,P18,test,GOLD_EXISTING_LEXICAL_OR_SENTENCE,157,157,1,0.9999996423721313,B03,2
asl_citizen:9266519727005482-SING,asl_citizen:9266519727005482-SING,P48,test,GOLD_EXISTING_LEXICAL_OR_SENTENCE,157,157,1,0.9998923540115356,B03,2
asl_citizen:5630457624804381-SING,asl_citizen:5630457624804381-SING,P15,test,GOLD_EXISTING_LEXICAL_OR_SENTENCE,157,157,1,0.9902607798576355,B03,2
asl_citizen:6731015977320463-SING,asl_citizen:6731015977320463-SING,P17,test,GOLD_EXISTING_LEXICAL_OR_SENTENCE,157,92,0,0.9392666220664978,B03,2
asl_citizen:6424503820995862-SKI-CA,asl_citizen:6424503820995862-SKI-CA,P18,test,GOLD_EXISTING_LEXICAL_OR_SENTENCE,158,158,1,0.9999961853027344,B03,2
asl_citizen:30739953296255673-SKI-CA,asl_citizen:30739953296255673-SKI-CA,P15,test,GOLD_EXISTING_LEXICAL_OR_SENTENCE,158,32,0,0.6385861039161682,B03,2
asl_citizen:0401922492754927-SKI-CA,asl_citizen:0401922492754927-SKI-CA,P49,test,GOLD_EXISTING_LEXICAL_OR_SENTENCE,158,158,1,0.9962221384048462,B03,2
asl_citizen:5295150070242614-SKI-CA,asl_citizen:5295150070242614-SKI-CA,P42,test,GOLD_EXISTING_LEXICAL_OR_SENTENCE,158,158,1,1.0,B03,2
asl_citizen:41850154065199363-SKI-CA,asl_citizen:41850154065199363-SKI-CA,P35,test,GOLD_EXISTING_LEXICAL_OR_SENTENCE,158,158,1,0.9999786615371704,B03,2
asl_citizen:5472213032730637-SKI-CA,asl_citizen:5472213032730637-SKI-CA,P9,test,GOLD_EXISTING_LEXICAL_OR_SENTENCE,158,158,1,0.9996527433395386,B03,2
asl_citizen:5395594489712972-SKI-CA,asl_citizen:5395594489712972-SKI-CA,P47,test,GOLD_EXISTING_LEXICAL_OR_SENTENCE,158,158,1,0.9999990463256836,B03,2
asl_citizen:390710289933893-SKI-CA,asl_citizen:390710289933893-SKI-CA,P47,test,GOLD_EXISTING_LEXICAL_OR_SENTENCE,158,158,1,0.999994158744812,B03,2
asl_citizen:34554624060560335-SLIP,asl_citizen:34554624060560335-SLIP,P6,test,GOLD_EXISTING_LEXICAL_OR_SENTENCE,159,159,1,0.22198337316513062,B03,2
asl_citizen:7104950036026689-SLIP,asl_citizen:7104950036026689-SLIP,P35,test,GOLD_EXISTING_LEXICAL_OR_SENTENCE,159,159,1,0.773676335811615,B03,2
asl_citizen:8395830500298627-SLIP,asl_citizen:8395830500298627-SLIP,P18,test,GOLD_EXISTING_LEXICAL_OR_SENTENCE,159,159,1,0.9999295473098755,B03,2
asl_citizen:8066638436237525-SLIP,asl_citizen:8066638436237525-SLIP,P9,test,GOLD_EXISTING_LEXICAL_OR_SENTENCE,159,159,1,0.9160572290420532,B03,2
asl_citizen:005125580808864827-SLIP,asl_citizen:005125580808864827-SLIP,P48,test,GOLD_EXISTING_LEXICAL_OR_SENTENCE,159,159,1,0.9970864653587341,B03,2
asl_citizen:30018462866258444-SLIP,asl_citizen:30018462866258444-SLIP,P49,test,GOLD_EXISTING_LEXICAL_OR_SENTENCE,159,113,0,0.38276591897010803,B03,2
asl_citizen:5468478715016525-SLIP,asl_citizen:5468478715016525-SLIP,P22,test,GOLD_EXISTING_LEXICAL_OR_SENTENCE,159,159,1,0.9069684147834778,B03,2
asl_citizen:7052830187776828-SLIP,asl_citizen:7052830187776828-SLIP,P6,test,GOLD_EXISTING_LEXICAL_OR_SENTENCE,159,60,0,0.8114440441131592,B03,2
asl_citizen:7416288853276949-SMELL MONEY,asl_citizen:7416288853276949-SMELL MONEY,P15,test,GOLD_EXISTING_LEXICAL_OR_SENTENCE,160,160,1,0.9977438449859619,B03,2
asl_citizen:034097320824441946-SMELL MONEY,asl_citizen:034097320824441946-SMELL MONEY,P42,test,GOLD_EXISTING_LEXICAL_OR_SENTENCE,160,160,1,0.9987102746963501,B03,2
asl_citizen:9237669407499061-SMELL MONEY,asl_citizen:9237669407499061-SMELL MONEY,P49,test,GOLD_EXISTING_LEXICAL_OR_SENTENCE,160,160,1,0.9989567995071411,B03,2
asl_citizen:8285775472419534-SMELL MONEY,asl_citizen:8285775472419534-SMELL MONEY,P48,test,GOLD_EXISTING_LEXICAL_OR_SENTENCE,160,160,1,0.9999922513961792,B03,2
asl_citizen:855539983404578-SMELL MONEY,asl_citizen:855539983404578-SMELL MONEY,P18,test,GOLD_EXISTING_LEXICAL_OR_SENTENCE,160,160,1,0.9999995231628418,B03,2
asl_citizen:3241300306459223-SMELL MONEY,asl_citizen:3241300306459223-SMELL MONEY,P22,test,GOLD_EXISTING_LEXICAL_OR_SENTENCE,160,160,1,0.9788041710853577,B03,2
asl_citizen:44292691668153217-SMELL MONEY,asl_citizen:44292691668153217-SMELL MONEY,P9,test,GOLD_EXISTING_LEXICAL_OR_SENTENCE,160,160,1,0.9994797110557556,B03,2
asl_citizen:6642717834613965-SMELL MONEY,asl_citizen:6642717834613965-SMELL MONEY,P17,test,GOLD_EXISTING_LEXICAL_OR_SENTENCE,160,160,1,0.9999967813491821,B03,2
asl_citizen:8035548352616286-SODA,asl_citizen:8035548352616286-SODA,P42,test,GOLD_EXISTING_LEXICAL_OR_SENTENCE,161,161,1,0.9998651742935181,B03,2
asl_citizen:46740013382390644-SODA,asl_citizen:46740013382390644-SODA,P49,test,GOLD_EXISTING_LEXICAL_OR_SENTENCE,161,161,1,0.9998432397842407,B03,2
asl_citizen:19478616623568867-SODA,asl_citizen:19478616623568867-SODA,P35,test,GOLD_EXISTING_LEXICAL_OR_SENTENCE,161,161,1,0.9999998807907104,B03,2
asl_citizen:664135263079644-SODA,asl_citizen:664135263079644-SODA,P47,test,GOLD_EXISTING_LEXICAL_OR_SENTENCE,161,161,1,0.9999465942382812,B03,2
asl_citizen:0042094656857616375-SODA,asl_citizen:0042094656857616375-SODA,P17,test,GOLD_EXISTING_LEXICAL_OR_SENTENCE,161,91,0,0.9996553659439087,B03,2
asl_citizen:4312724660062097-SODA,asl_citizen:4312724660062097-SODA,P48,test,GOLD_EXISTING_LEXICAL_OR_SENTENCE,161,161,1,0.9999995231628418,B03,2
asl_citizen:14672316800115537-SODA,asl_citizen:14672316800115537-SODA,P18,test,GOLD_EXISTING_LEXICAL_OR_SENTENCE,161,161,1,1.0,B03,2
asl_citizen:6867026413720294-SODA,asl_citizen:6867026413720294-SODA,P9,test,GOLD_EXISTING_LEXICAL_OR_SENTENCE,161,117,0,0.5512826442718506,B03,2
asl_citizen:31573107118682464-SOON 3,asl_citizen:31573107118682464-SOON 3,P48,test,GOLD_EXISTING_LEXICAL_OR_SENTENCE,162,173,0,0.8814318180084229,B03,2
asl_citizen:5786245403965293-SOON 3,asl_citizen:5786245403965293-SOON 3,P6,test,GOLD_EXISTING_LEXICAL_OR_SENTENCE,162,77,0,0.7017583250999451,B03,2
asl_citizen:17936877528480943-SOON 3,asl_citizen:17936877528480943-SOON 3,P15,test,GOLD_EXISTING_LEXICAL_OR_SENTENCE,162,162,1,0.9999980926513672,B03,2
asl_citizen:12409103675769195-SOON 3,asl_citizen:12409103675769195-SOON 3,P17,test,GOLD_EXISTING_LEXICAL_OR_SENTENCE,162,173,0,0.8278030753135681,B03,2
asl_citizen:023887665833127514-SOON 3,asl_citizen:023887665833127514-SOON 3,P49,test,GOLD_EXISTING_LEXICAL_OR_SENTENCE,162,162,1,0.9974632263183594,B03,2
asl_citizen:8851488150010913-SOON 3,asl_citizen:8851488150010913-SOON 3,P35,test,GOLD_EXISTING_LEXICAL_OR_SENTENCE,162,162,1,1.0,B03,2
asl_citizen:6708390328334637-SOON 3,asl_citizen:6708390328334637-SOON 3,P18,test,GOLD_EXISTING_LEXICAL_OR_SENTENCE,162,162,1,0.9999972581863403,B03,2
asl_citizen:9918401531973546-SOON 3,asl_citizen:9918401531973546-SOON 3,P47,test,GOLD_EXISTING_LEXICAL_OR_SENTENCE,162,162,1,0.999994158744812,B03,2
asl_citizen:4351487484632268-SOUTH,asl_citizen:4351487484632268-SOUTH,P6,test,GOLD_EXISTING_LEXICAL_OR_SENTENCE,163,163,1,0.9664685726165771,B03,2
asl_citizen:0859534901134309-SOUTH,asl_citizen:0859534901134309-SOUTH,P15,test,GOLD_EXISTING_LEXICAL_OR_SENTENCE,163,163,1,0.9999940395355225,B03,2
asl_citizen:22682820533714088-SOUTH,asl_citizen:22682820533714088-SOUTH,P48,test,GOLD_EXISTING_LEXICAL_OR_SENTENCE,163,163,1,0.9985529780387878,B03,2
asl_citizen:1145954363527617-SOUTH,asl_citizen:1145954363527617-SOUTH,P49,test,GOLD_EXISTING_LEXICAL_OR_SENTENCE,163,163,1,0.9460316300392151,B03,2
asl_citizen:22439965265352768-SOUTH,asl_citizen:22439965265352768-SOUTH,P17,test,GOLD_EXISTING_LEXICAL_OR_SENTENCE,163,163,1,0.7702871561050415,B03,2
asl_citizen:3470396748496698-SOUTH,asl_citizen:3470396748496698-SOUTH,P35,test,GOLD_EXISTING_LEXICAL_OR_SENTENCE,163,163,1,0.9999793767929077,B03,2
asl_citizen:6792183310777264-SOUTH,asl_citizen:6792183310777264-SOUTH,P18,test,GOLD_EXISTING_LEXICAL_OR_SENTENCE,163,163,1,0.9984812140464783,B03,2
asl_citizen:33397002745583126-SOUTH,asl_citizen:33397002745583126-SOUTH,P42,test,GOLD_EXISTING_LEXICAL_OR_SENTENCE,163,163,1,0.8564804792404175,B03,2
asl_citizen:8611130910053586-SQUARE,asl_citizen:8611130910053586-SQUARE,P48,test,GOLD_EXISTING_LEXICAL_OR_SENTENCE,164,164,1,0.9999986886978149,B03,2
asl_citizen:055551097884108946-SQUARE,asl_citizen:055551097884108946-SQUARE,P9,test,GOLD_EXISTING_LEXICAL_OR_SENTENCE,164,164,1,0.9999955892562866,B03,2
asl_citizen:07963564531915446-SQUARE,asl_citizen:07963564531915446-SQUARE,P42,test,GOLD_EXISTING_LEXICAL_OR_SENTENCE,164,68,0,0.9999957084655762,B03,2
asl_citizen:6885469145021257-SQUARE,asl_citizen:6885469145021257-SQUARE,P6,test,GOLD_EXISTING_LEXICAL_OR_SENTENCE,164,164,1,0.9999997615814209,B03,2
asl_citizen:05340482742741659-SQUARE,asl_citizen:05340482742741659-SQUARE,P47,test,GOLD_EXISTING_LEXICAL_OR_SENTENCE,164,164,1,0.9999849796295166,B03,2
asl_citizen:8922501063940509-SQUARE,asl_citizen:8922501063940509-SQUARE,P49,test,GOLD_EXISTING_LEXICAL_OR_SENTENCE,164,164,1,0.9999991655349731,B03,2
asl_citizen:2603256789477888-SQUARE,asl_citizen:2603256789477888-SQUARE,P15,test,GOLD_EXISTING_LEXICAL_OR_SENTENCE,164,164,1,1.0,B03,2
asl_citizen:03496082555320812-SQUARE,asl_citizen:03496082555320812-SQUARE,P17,test,GOLD_EXISTING_LEXICAL_OR_SENTENCE,164,164,1,0.9999992847442627,B03,2
asl_citizen:38189932991869613-STACK 2,asl_citizen:38189932991869613-STACK 2,P47,test,GOLD_EXISTING_LEXICAL_OR_SENTENCE,165,165,1,0.9999816417694092,B03,2
asl_citizen:030272042210044203-STACK 2,asl_citizen:030272042210044203-STACK 2,P6,test,GOLD_EXISTING_LEXICAL_OR_SENTENCE,165,165,1,0.999998927116394,B03,2
asl_citizen:5600833221251182-STACK 2,asl_citizen:5600833221251182-STACK 2,P18,test,GOLD_EXISTING_LEXICAL_OR_SENTENCE,165,165,1,0.9934485554695129,B03,2
asl_citizen:5213203400871151-STACK 2,asl_citizen:5213203400871151-STACK 2,P35,test,GOLD_EXISTING_LEXICAL_OR_SENTENCE,165,165,1,1.0,B03,2
asl_citizen:31805195481621107-STACK 2,asl_citizen:31805195481621107-STACK 2,P42,test,GOLD_EXISTING_LEXICAL_OR_SENTENCE,165,165,1,0.9999945163726807,B03,2
asl_citizen:27575147877714956-STACK 2,asl_citizen:27575147877714956-STACK 2,P9,test,GOLD_EXISTING_LEXICAL_OR_SENTENCE,165,50,0,0.6591494083404541,B03,2
asl_citizen:14844352021340468-STACK 2,asl_citizen:14844352021340468-STACK 2,P49,test,GOLD_EXISTING_LEXICAL_OR_SENTENCE,165,165,1,0.9999901056289673,B03,2
asl_citizen:08181607627626408-STACK 2,asl_citizen:08181607627626408-STACK 2,P17,test,GOLD_EXISTING_LEXICAL_OR_SENTENCE,165,165,1,0.8788883686065674,B03,2
asl_citizen:3889459167016627-STACK 3,asl_citizen:3889459167016627-STACK 3,P22,test,GOLD_EXISTING_LEXICAL_OR_SENTENCE,166,166,1,0.9824792146682739,B03,2
asl_citizen:3887300467708441-STACK 3,asl_citizen:3887300467708441-STACK 3,P18,test,GOLD_EXISTING_LEXICAL_OR_SENTENCE,166,166,1,0.9999086856842041,B03,2
asl_citizen:3472034658807368-STACK 3,asl_citizen:3472034658807368-STACK 3,P35,test,GOLD_EXISTING_LEXICAL_OR_SENTENCE,166,166,1,1.0,B03,2
asl_citizen:1895591280284934-STACK 3,asl_citizen:1895591280284934-STACK 3,P6,test,GOLD_EXISTING_LEXICAL_OR_SENTENCE,166,166,1,0.9999940395355225,B03,2
asl_citizen:6094801187069259-STACK 3,asl_citizen:6094801187069259-STACK 3,P48,test,GOLD_EXISTING_LEXICAL_OR_SENTENCE,166,166,1,0.9999997615814209,B03,2
asl_citizen:6752935513772733-STACK 3,asl_citizen:6752935513772733-STACK 3,P15,test,GOLD_EXISTING_LEXICAL_OR_SENTENCE,166,166,1,0.999998927116394,B03,2
asl_citizen:47467264505565-STACK 3,asl_citizen:47467264505565-STACK 3,P9,test,GOLD_EXISTING_LEXICAL_OR_SENTENCE,166,166,1,0.9999938011169434,B03,2
asl_citizen:9192927736176966-STACK 3,asl_citizen:9192927736176966-STACK 3,P49,test,GOLD_EXISTING_LEXICAL_OR_SENTENCE,166,166,1,0.999716579914093,B03,2
asl_citizen:565365748026234-STEAL,asl_citizen:565365748026234-STEAL,P22,test,GOLD_EXISTING_LEXICAL_OR_SENTENCE,167,167,1,0.9976771473884583,B03,2
asl_citizen:5860400106479933-STEAL,asl_citizen:5860400106479933-STEAL,P9,test,GOLD_EXISTING_LEXICAL_OR_SENTENCE,167,142,0,0.7882754802703857,B03,2
asl_citizen:8628515537642008-STEAL,asl_citizen:8628515537642008-STEAL,P47,test,GOLD_EXISTING_LEXICAL_OR_SENTENCE,167,167,1,0.9496503472328186,B03,2
asl_citizen:7375434062573705-STEAL,asl_citizen:7375434062573705-STEAL,P35,test,GOLD_EXISTING_LEXICAL_OR_SENTENCE,167,167,1,0.9999998807907104,B03,2
asl_citizen:7176283320259234-STEAL,asl_citizen:7176283320259234-STEAL,P49,test,GOLD_EXISTING_LEXICAL_OR_SENTENCE,167,72,0,0.9181470274925232,B03,2
asl_citizen:7286778234177558-STEAL,asl_citizen:7286778234177558-STEAL,P42,test,GOLD_EXISTING_LEXICAL_OR_SENTENCE,167,167,1,0.982396125793457,B03,2
asl_citizen:11084219176634225-STEAL,asl_citizen:11084219176634225-STEAL,P15,test,GOLD_EXISTING_LEXICAL_OR_SENTENCE,167,167,1,0.9996520280838013,B03,2
asl_citizen:610365939948702-STEAL,asl_citizen:610365939948702-STEAL,P18,test,GOLD_EXISTING_LEXICAL_OR_SENTENCE,167,167,1,0.8996588587760925,B03,2
asl_citizen:6766055184534256-STEAM,asl_citizen:6766055184534256-STEAM,P17,test,GOLD_EXISTING_LEXICAL_OR_SENTENCE,168,168,1,0.9959267973899841,B03,2
asl_citizen:6591821166435499-STEAM,asl_citizen:6591821166435499-STEAM,P47,test,GOLD_EXISTING_LEXICAL_OR_SENTENCE,168,168,1,0.9999818801879883,B03,2
asl_citizen:9578272207135259-STEAM,asl_citizen:9578272207135259-STEAM,P48,test,GOLD_EXISTING_LEXICAL_OR_SENTENCE,168,168,1,0.9985589385032654,B03,2
asl_citizen:4176479577425152-STEAM,asl_citizen:4176479577425152-STEAM,P22,test,GOLD_EXISTING_LEXICAL_OR_SENTENCE,168,15,0,0.408354252576828,B03,2
asl_citizen:6053165596357593-STEAM,asl_citizen:6053165596357593-STEAM,P15,test,GOLD_EXISTING_LEXICAL_OR_SENTENCE,168,168,1,0.7440026998519897,B03,2
asl_citizen:6871802916884833-STEAM,asl_citizen:6871802916884833-STEAM,P42,test,GOLD_EXISTING_LEXICAL_OR_SENTENCE,168,168,1,0.9986056685447693,B03,2
asl_citizen:7424875789105292-STEAM,asl_citizen:7424875789105292-STEAM,P18,test,GOLD_EXISTING_LEXICAL_OR_SENTENCE,168,168,1,0.9995315074920654,B03,2
asl_citizen:038676817890453075-STEAM,asl_citizen:038676817890453075-STEAM,P35,test,GOLD_EXISTING_LEXICAL_OR_SENTENCE,168,168,1,0.999962329864502,B03,2
asl_citizen:15670971950012635-STOPWATCH,asl_citizen:15670971950012635-STOPWATCH,P22,test,GOLD_EXISTING_LEXICAL_OR_SENTENCE,169,169,1,0.6379455924034119,B03,2
asl_citizen:7141199966648981-STOPWATCH,asl_citizen:7141199966648981-STOPWATCH,P48,test,GOLD_EXISTING_LEXICAL_OR_SENTENCE,169,169,1,0.9993738532066345,B03,2
asl_citizen:13093623534440368-STOPWATCH,asl_citizen:13093623534440368-STOPWATCH,P17,test,GOLD_EXISTING_LEXICAL_OR_SENTENCE,169,169,1,0.9999998807907104,B03,2
asl_citizen:8781826249799136-STOPWATCH,asl_citizen:8781826249799136-STOPWATCH,P18,test,GOLD_EXISTING_LEXICAL_OR_SENTENCE,169,169,1,0.9999904632568359,B03,2
asl_citizen:8112903497602761-STOPWATCH,asl_citizen:8112903497602761-STOPWATCH,P48,test,GOLD_EXISTING_LEXICAL_OR_SENTENCE,169,169,1,0.9998785257339478,B03,2
asl_citizen:0623311784572147-STOPWATCH,asl_citizen:0623311784572147-STOPWATCH,P15,test,GOLD_EXISTING_LEXICAL_OR_SENTENCE,169,169,1,0.9999995231628418,B03,2
asl_citizen:18566619289415098-STOPWATCH,asl_citizen:18566619289415098-STOPWATCH,P49,test,GOLD_EXISTING_LEXICAL_OR_SENTENCE,169,169,1,0.9999979734420776,B03,2
asl_citizen:18497316518740448-STOPWATCH,asl_citizen:18497316518740448-STOPWATCH,P47,test,GOLD_EXISTING_LEXICAL_OR_SENTENCE,169,169,1,0.9999854564666748,B03,2
asl_citizen:7641462023141801-STRANGLE,asl_citizen:7641462023141801-STRANGLE,P35,test,GOLD_EXISTING_LEXICAL_OR_SENTENCE,170,170,1,1.0,B03,2
asl_citizen:9553657073753186-STRANGLE,asl_citizen:9553657073753186-STRANGLE,P48,test,GOLD_EXISTING_LEXICAL_OR_SENTENCE,170,8,0,0.8739631772041321,B03,2
asl_citizen:011577331264505553-STRANGLE,asl_citizen:011577331264505553-STRANGLE,P49,test,GOLD_EXISTING_LEXICAL_OR_SENTENCE,170,170,1,0.9999979734420776,B03,2
asl_citizen:7493240096464915-STRANGLE,asl_citizen:7493240096464915-STRANGLE,P6,test,GOLD_EXISTING_LEXICAL_OR_SENTENCE,170,170,1,0.9999535083770752,B03,2
asl_citizen:8770266137685718-STRANGLE,asl_citizen:8770266137685718-STRANGLE,P47,test,GOLD_EXISTING_LEXICAL_OR_SENTENCE,170,60,0,0.6815381050109863,B03,2
asl_citizen:17024964278735033-STRANGLE,asl_citizen:17024964278735033-STRANGLE,P17,test,GOLD_EXISTING_LEXICAL_OR_SENTENCE,170,170,1,1.0,B03,2
asl_citizen:4058518267679887-STRANGLE,asl_citizen:4058518267679887-STRANGLE,P22,test,GOLD_EXISTING_LEXICAL_OR_SENTENCE,170,170,1,0.9999991655349731,B03,2
asl_citizen:5592882265114305-STRANGLE,asl_citizen:5592882265114305-STRANGLE,P15,test,GOLD_EXISTING_LEXICAL_OR_SENTENCE,170,170,1,0.9989737272262573,B03,2
asl_citizen:9053744659444944-STRAWBERRY 4,asl_citizen:9053744659444944-STRAWBERRY 4,P48,test,GOLD_EXISTING_LEXICAL_OR_SENTENCE,171,171,1,0.9964298605918884,B03,2
asl_citizen:7099719348748879-STRAWBERRY 4,asl_citizen:7099719348748879-STRAWBERRY 4,P17,test,GOLD_EXISTING_LEXICAL_OR_SENTENCE,171,171,1,0.9999359846115112,B03,2
asl_citizen:7946742352057601-STRAWBERRY 4,asl_citizen:7946742352057601-STRAWBERRY 4,P6,test,GOLD_EXISTING_LEXICAL_OR_SENTENCE,171,122,0,0.4852065443992615,B03,2
asl_citizen:07706836813548601-STRAWBERRY 4,asl_citizen:07706836813548601-STRAWBERRY 4,P49,test,GOLD_EXISTING_LEXICAL_OR_SENTENCE,171,171,1,0.9981069564819336,B03,2
asl_citizen:906449000590027-STRAWBERRY 4,asl_citizen:906449000590027-STRAWBERRY 4,P22,test,GOLD_EXISTING_LEXICAL_OR_SENTENCE,171,171,1,0.9999825954437256,B03,2
asl_citizen:845288025470246-STRAWBERRY 4,asl_citizen:845288025470246-STRAWBERRY 4,P18,test,GOLD_EXISTING_LEXICAL_OR_SENTENCE,171,171,1,0.9949986934661865,B03,2
asl_citizen:646506608906831-STRAWBERRY 4,asl_citizen:646506608906831-STRAWBERRY 4,P35,test,GOLD_EXISTING_LEXICAL_OR_SENTENCE,171,171,1,0.5619153380393982,B03,2
asl_citizen:6468716368550587-STRAWBERRY 4,asl_citizen:6468716368550587-STRAWBERRY 4,P49,test,GOLD_EXISTING_LEXICAL_OR_SENTENCE,171,171,1,0.999778687953949,B03,2
asl_citizen:16437664427761067-SUMMARIZE,asl_citizen:16437664427761067-SUMMARIZE,P22,test,GOLD_EXISTING_LEXICAL_OR_SENTENCE,172,172,1,0.9998137354850769,B03,2
asl_citizen:6468521263655589-SUMMARIZE,asl_citizen:6468521263655589-SUMMARIZE,P49,test,GOLD_EXISTING_LEXICAL_OR_SENTENCE,172,172,1,0.999936580657959,B03,2
asl_citizen:9010211121850995-SUMMARIZE,asl_citizen:9010211121850995-SUMMARIZE,P48,test,GOLD_EXISTING_LEXICAL_OR_SENTENCE,172,172,1,0.9876008033752441,B03,2
asl_citizen:1775611816837004-SUMMARIZE,asl_citizen:1775611816837004-SUMMARIZE,P15,test,GOLD_EXISTING_LEXICAL_OR_SENTENCE,172,172,1,0.9993329644203186,B03,2
asl_citizen:9098257785746164-SUMMARIZE,asl_citizen:9098257785746164-SUMMARIZE,P18,test,GOLD_EXISTING_LEXICAL_OR_SENTENCE,172,172,1,0.9999934434890747,B03,2
asl_citizen:8200795300615762-SUMMARIZE,asl_citizen:8200795300615762-SUMMARIZE,P47,test,GOLD_EXISTING_LEXICAL_OR_SENTENCE,172,172,1,0.9998774528503418,B03,2
asl_citizen:9618715434969116-SUMMARIZE,asl_citizen:9618715434969116-SUMMARIZE,P35,test,GOLD_EXISTING_LEXICAL_OR_SENTENCE,172,172,1,0.9888439178466797,B03,2
asl_citizen:5096600279765089-SUMMARIZE,asl_citizen:5096600279765089-SUMMARIZE,P9,test,GOLD_EXISTING_LEXICAL_OR_SENTENCE,172,172,1,0.7815848588943481,B03,2
asl_citizen:7785384085221538-SUNBATHE,asl_citizen:7785384085221538-SUNBATHE,P42,test,GOLD_EXISTING_LEXICAL_OR_SENTENCE,173,173,1,0.9999972581863403,B03,2
asl_citizen:4324287968040399-SUNBATHE,asl_citizen:4324287968040399-SUNBATHE,P49,test,GOLD_EXISTING_LEXICAL_OR_SENTENCE,173,173,1,0.9983116388320923,B03,2
asl_citizen:5268408466380696-SUNBATHE,asl_citizen:5268408466380696-SUNBATHE,P35,test,GOLD_EXISTING_LEXICAL_OR_SENTENCE,173,173,1,0.9999910593032837,B03,2
asl_citizen:9733288448859811-SUNBATHE,asl_citizen:9733288448859811-SUNBATHE,P6,test,GOLD_EXISTING_LEXICAL_OR_SENTENCE,173,173,1,0.9998894929885864,B03,2
asl_citizen:2826528622458522-SUNBATHE,asl_citizen:2826528622458522-SUNBATHE,P18,test,GOLD_EXISTING_LEXICAL_OR_SENTENCE,173,173,1,0.9999998807907104,B03,2
asl_citizen:659144148627137-SUNBATHE,asl_citizen:659144148627137-SUNBATHE,P9,test,GOLD_EXISTING_LEXICAL_OR_SENTENCE,173,173,1,1.0,B03,2
asl_citizen:8132569939785297-SUNBATHE,asl_citizen:8132569939785297-SUNBATHE,P15,test,GOLD_EXISTING_LEXICAL_OR_SENTENCE,173,173,1,0.9987829327583313,B03,2
asl_citizen:2171048480300084-SUNBATHE,asl_citizen:2171048480300084-SUNBATHE,P42,test,GOLD_EXISTING_LEXICAL_OR_SENTENCE,173,173,1,0.9999998807907104,B03,2
asl_citizen:27935284170940133-SUNSET,asl_citizen:27935284170940133-SUNSET,P18,test,GOLD_EXISTING_LEXICAL_OR_SENTENCE,174,174,1,0.9999998807907104,B03,2
asl_citizen:6825955480238659-SUNSET,asl_citizen:6825955480238659-SUNSET,P9,test,GOLD_EXISTING_LEXICAL_OR_SENTENCE,174,106,0,0.33542025089263916,B03,2
asl_citizen:5021095450592483-SUNSET,asl_citizen:5021095450592483-SUNSET,P49,test,GOLD_EXISTING_LEXICAL_OR_SENTENCE,174,174,1,1.0,B03,2
asl_citizen:9123383071713205-SUNSET,asl_citizen:9123383071713205-SUNSET,P15,test,GOLD_EXISTING_LEXICAL_OR_SENTENCE,174,174,1,0.9999997615814209,B03,2
asl_citizen:06506358982014171-SUNSET,asl_citizen:06506358982014171-SUNSET,P48,test,GOLD_EXISTING_LEXICAL_OR_SENTENCE,174,174,1,0.9999998807907104,B03,2
asl_citizen:7862843073865877-SUNSET,asl_citizen:7862843073865877-SUNSET,P22,test,GOLD_EXISTING_LEXICAL_OR_SENTENCE,174,174,1,0.5925773978233337,B03,2
asl_citizen:3461115164564659-SUNSET,asl_citizen:3461115164564659-SUNSET,P6,test,GOLD_EXISTING_LEXICAL_OR_SENTENCE,174,174,1,0.9521512985229492,B03,2
asl_citizen:8092501001075967-SUNSET,asl_citizen:8092501001075967-SUNSET,P17,test,GOLD_EXISTING_LEXICAL_OR_SENTENCE,174,174,1,0.9996463060379028,B03,2
asl_citizen:891336711433921-SWING,asl_citizen:891336711433921-SWING,P9,test,GOLD_EXISTING_LEXICAL_OR_SENTENCE,175,175,1,0.9999996423721313,B03,2
asl_citizen:9216441779532347-SWING,asl_citizen:9216441779532347-SWING,P49,test,GOLD_EXISTING_LEXICAL_OR_SENTENCE,175,175,1,0.8584738373756409,B03,2
asl_citizen:7953932354072486-SWING,asl_citizen:7953932354072486-SWING,P17,test,GOLD_EXISTING_LEXICAL_OR_SENTENCE,175,175,1,0.9462317228317261,B03,2
asl_citizen:19688601805642403-SWING,asl_citizen:19688601805642403-SWING,P6,test,GOLD_EXISTING_LEXICAL_OR_SENTENCE,175,175,1,0.8564285635948181,B03,2
asl_citizen:26742284873321864-SWING,asl_citizen:26742284873321864-SWING,P15,test,GOLD_EXISTING_LEXICAL_OR_SENTENCE,175,175,1,0.9556829333305359,B03,2
asl_citizen:10142627950544636-SWING,asl_citizen:10142627950544636-SWING,P48,test,GOLD_EXISTING_LEXICAL_OR_SENTENCE,175,175,1,0.9937567710876465,B03,2
asl_citizen:18925072514040986-SWING,asl_citizen:18925072514040986-SWING,P35,test,GOLD_EXISTING_LEXICAL_OR_SENTENCE,175,175,1,1.0,B03,2
asl_citizen:9971794176561564-SWING,asl_citizen:9971794176561564-SWING,P48,test,GOLD_EXISTING_LEXICAL_OR_SENTENCE,175,175,1,0.9575175046920776,B03,2
asl_citizen:9540082859729386-TABLET,asl_citizen:9540082859729386-TABLET,P22,test,GOLD_EXISTING_LEXICAL_OR_SENTENCE,176,176,1,0.9991188645362854,B03,2
asl_citizen:6837589196625506-TABLET,asl_citizen:6837589196625506-TABLET,P17,test,GOLD_EXISTING_LEXICAL_OR_SENTENCE,176,176,1,0.8209785223007202,B03,2
asl_citizen:33367097199818696-TABLET,asl_citizen:33367097199818696-TABLET,P9,test,GOLD_EXISTING_LEXICAL_OR_SENTENCE,176,3,0,0.9922397136688232,B03,2
asl_citizen:25939399503786387-TABLET,asl_citizen:25939399503786387-TABLET,P6,test,GOLD_EXISTING_LEXICAL_OR_SENTENCE,176,113,0,0.30462032556533813,B03,2
asl_citizen:9468436070886592-TABLET,asl_citizen:9468436070886592-TABLET,P49,test,GOLD_EXISTING_LEXICAL_OR_SENTENCE,176,176,1,0.9901472926139832,B03,2
asl_citizen:2571819895692886-TABLET,asl_citizen:2571819895692886-TABLET,P18,test,GOLD_EXISTING_LEXICAL_OR_SENTENCE,176,176,1,0.9779224395751953,B03,2
asl_citizen:6157701127439372-TABLET,asl_citizen:6157701127439372-TABLET,P42,test,GOLD_EXISTING_LEXICAL_OR_SENTENCE,176,157,0,0.4456612765789032,B03,2
asl_citizen:7760660783665272-TABLET,asl_citizen:7760660783665272-TABLET,P48,test,GOLD_EXISTING_LEXICAL_OR_SENTENCE,176,176,1,0.9633603692054749,B03,2
asl_citizen:3539307587055758-TALK,asl_citizen:3539307587055758-TALK,P9,test,GOLD_EXISTING_LEXICAL_OR_SENTENCE,177,177,1,0.9998036026954651,B03,2
asl_citizen:6297418641690293-TALK,asl_citizen:6297418641690293-TALK,P6,test,GOLD_EXISTING_LEXICAL_OR_SENTENCE,177,58,0,0.704541027545929,B03,2
asl_citizen:5491362491271357-TALK,asl_citizen:5491362491271357-TALK,P15,test,GOLD_EXISTING_LEXICAL_OR_SENTENCE,177,177,1,0.9999971389770508,B03,2
asl_citizen:24117064463804905-TALK,asl_citizen:24117064463804905-TALK,P42,test,GOLD_EXISTING_LEXICAL_OR_SENTENCE,177,177,1,0.9999020099639893,B03,2
asl_citizen:09884440955953999-TALK,asl_citizen:09884440955953999-TALK,P22,test,GOLD_EXISTING_LEXICAL_OR_SENTENCE,177,177,1,0.9743759036064148,B03,2
asl_citizen:29204473692320576-TALK,asl_citizen:29204473692320576-TALK,P47,test,GOLD_EXISTING_LEXICAL_OR_SENTENCE,177,177,1,0.9879064559936523,B03,2
asl_citizen:19204130312234513-TALK,asl_citizen:19204130312234513-TALK,P48,test,GOLD_EXISTING_LEXICAL_OR_SENTENCE,177,177,1,0.9936158657073975,B03,2
asl_citizen:7239292697268376-TALK,asl_citizen:7239292697268376-TALK,P9,test,GOLD_EXISTING_LEXICAL_OR_SENTENCE,177,177,1,0.9912550449371338,B03,2
asl_citizen:40998030560886-TALL 2,asl_citizen:40998030560886-TALL 2,P42,test,GOLD_EXISTING_LEXICAL_OR_SENTENCE,178,178,1,0.995259702205658,B03,2
asl_citizen:0837664095962023-TALL 2,asl_citizen:0837664095962023-TALL 2,P6,test,GOLD_EXISTING_LEXICAL_OR_SENTENCE,178,178,1,0.9640970230102539,B03,2
asl_citizen:5655754767247636-TALL 2,asl_citizen:5655754767247636-TALL 2,P35,test,GOLD_EXISTING_LEXICAL_OR_SENTENCE,178,178,1,0.9946634769439697,B03,2
asl_citizen:46493285393005324-TALL 2,asl_citizen:46493285393005324-TALL 2,P49,test,GOLD_EXISTING_LEXICAL_OR_SENTENCE,178,178,1,0.9999700784683228,B03,2
asl_citizen:5380247180636004-TALL 2,asl_citizen:5380247180636004-TALL 2,P42,test,GOLD_EXISTING_LEXICAL_OR_SENTENCE,178,178,1,0.9999988079071045,B03,2
asl_citizen:23239426425542065-TALL 2,asl_citizen:23239426425542065-TALL 2,P18,test,GOLD_EXISTING_LEXICAL_OR_SENTENCE,178,76,0,0.5031353235244751,B03,2
asl_citizen:8506327807309408-TALL 2,asl_citizen:8506327807309408-TALL 2,P9,test,GOLD_EXISTING_LEXICAL_OR_SENTENCE,178,43,0,0.9988835453987122,B03,2
asl_citizen:7198384708137529-TALL 2,asl_citizen:7198384708137529-TALL 2,P22,test,GOLD_EXISTING_LEXICAL_OR_SENTENCE,178,178,1,0.8583133816719055,B03,2
asl_citizen:3841038781632844-TEENAGER,asl_citizen:3841038781632844-TEENAGER,P48,test,GOLD_EXISTING_LEXICAL_OR_SENTENCE,179,179,1,0.9999899864196777,B03,2
asl_citizen:6852032624784132-TEENAGER,asl_citizen:6852032624784132-TEENAGER,P49,test,GOLD_EXISTING_LEXICAL_OR_SENTENCE,179,179,1,0.9999990463256836,B03,2
asl_citizen:6602261622676402-TEENAGER,asl_citizen:6602261622676402-TEENAGER,P35,test,GOLD_EXISTING_LEXICAL_OR_SENTENCE,179,179,1,0.9998928308486938,B03,2
asl_citizen:8435615186457843-TEENAGER,asl_citizen:8435615186457843-TEENAGER,P15,test,GOLD_EXISTING_LEXICAL_OR_SENTENCE,179,179,1,0.9645395278930664,B03,2
asl_citizen:16452235352261413-TEENAGER,asl_citizen:16452235352261413-TEENAGER,P6,test,GOLD_EXISTING_LEXICAL_OR_SENTENCE,179,179,1,0.9999980926513672,B03,2
asl_citizen:15748326978076665-TEENAGER,asl_citizen:15748326978076665-TEENAGER,P42,test,GOLD_EXISTING_LEXICAL_OR_SENTENCE,179,179,1,0.9999985694885254,B03,2
asl_citizen:5911017231962736-TEENAGER,asl_citizen:5911017231962736-TEENAGER,P47,test,GOLD_EXISTING_LEXICAL_OR_SENTENCE,179,179,1,0.5791476368904114,B03,2
asl_citizen:27453564984077805-TEENAGER,asl_citizen:27453564984077805-TEENAGER,P17,test,GOLD_EXISTING_LEXICAL_OR_SENTENCE,179,179,1,1.0,B03,2
asl_citizen:476191381405501-THINGS,asl_citizen:476191381405501-THINGS,P49,test,GOLD_EXISTING_LEXICAL_OR_SENTENCE,180,162,0,0.4661502242088318,B03,2
asl_citizen:16274037374177985-THINGS,asl_citizen:16274037374177985-THINGS,P35,test,GOLD_EXISTING_LEXICAL_OR_SENTENCE,180,180,1,0.999895453453064,B03,2
asl_citizen:3284551020399038-THINGS,asl_citizen:3284551020399038-THINGS,P35,test,GOLD_EXISTING_LEXICAL_OR_SENTENCE,180,180,1,0.9999986886978149,B03,2
asl_citizen:8262944416317639-THINGS,asl_citizen:8262944416317639-THINGS,P48,test,GOLD_EXISTING_LEXICAL_OR_SENTENCE,180,180,1,0.9967799782752991,B03,2
asl_citizen:9517126728502001-THINGS,asl_citizen:9517126728502001-THINGS,P9,test,GOLD_EXISTING_LEXICAL_OR_SENTENCE,180,180,1,0.9973873496055603,B03,2
asl_citizen:574012686048849-THINGS,asl_citizen:574012686048849-THINGS,P9,test,GOLD_EXISTING_LEXICAL_OR_SENTENCE,180,180,1,0.9999936819076538,B03,2
asl_citizen:8386051714886842-THINGS,asl_citizen:8386051714886842-THINGS,P47,test,GOLD_EXISTING_LEXICAL_OR_SENTENCE,180,180,1,1.0,B03,2
asl_citizen:417826314556792-THINGS,asl_citizen:417826314556792-THINGS,P6,test,GOLD_EXISTING_LEXICAL_OR_SENTENCE,180,180,1,0.9999959468841553,B03,2
asl_citizen:4891421858471512-THIRSTY,asl_citizen:4891421858471512-THIRSTY,P9,test,GOLD_EXISTING_LEXICAL_OR_SENTENCE,181,181,1,0.9994901418685913,B03,2
asl_citizen:9033123431693635-THIRSTY,asl_citizen:9033123431693635-THIRSTY,P49,test,GOLD_EXISTING_LEXICAL_OR_SENTENCE,181,181,1,0.9999954700469971,B03,2
asl_citizen:9822080726080076-THIRSTY,asl_citizen:9822080726080076-THIRSTY,P35,test,GOLD_EXISTING_LEXICAL_OR_SENTENCE,181,181,1,0.9999414682388306,B03,2
asl_citizen:6389127475790424-THIRSTY,asl_citizen:6389127475790424-THIRSTY,P47,test,GOLD_EXISTING_LEXICAL_OR_SENTENCE,181,181,1,0.9991747736930847,B03,2
asl_citizen:1348177330360374-THIRSTY,asl_citizen:1348177330360374-THIRSTY,P17,test,GOLD_EXISTING_LEXICAL_OR_SENTENCE,181,181,1,0.9932071566581726,B03,2
asl_citizen:5561232882497655-THIRSTY,asl_citizen:5561232882497655-THIRSTY,P6,test,GOLD_EXISTING_LEXICAL_OR_SENTENCE,181,181,1,0.9999279975891113,B03,2
asl_citizen:28821753424545804-THIRSTY,asl_citizen:28821753424545804-THIRSTY,P18,test,GOLD_EXISTING_LEXICAL_OR_SENTENCE,181,181,1,0.9999567270278931,B03,2
asl_citizen:012755114496634024-THIRSTY,asl_citizen:012755114496634024-THIRSTY,P49,test,GOLD_EXISTING_LEXICAL_OR_SENTENCE,181,181,1,0.9756765961647034,B03,2
asl_citizen:3652933102269593-THREE,asl_citizen:3652933102269593-THREE,P42,test,GOLD_EXISTING_LEXICAL_OR_SENTENCE,182,182,1,0.9999516010284424,B03,2
asl_citizen:5391945071870843-THREE,asl_citizen:5391945071870843-THREE,P48,test,GOLD_EXISTING_LEXICAL_OR_SENTENCE,182,182,1,1.0,B03,2
asl_citizen:2119034306255807-THREE,asl_citizen:2119034306255807-THREE,P35,test,GOLD_EXISTING_LEXICAL_OR_SENTENCE,182,182,1,0.9999995231628418,B03,2
asl_citizen:024827291322842227-THREE,asl_citizen:024827291322842227-THREE,P48,test,GOLD_EXISTING_LEXICAL_OR_SENTENCE,182,182,1,0.9999963045120239,B03,2
asl_citizen:5134737021726334-THREE,asl_citizen:5134737021726334-THREE,P49,test,GOLD_EXISTING_LEXICAL_OR_SENTENCE,182,182,1,0.9999942779541016,B03,2
asl_citizen:08174157238013158-THREE,asl_citizen:08174157238013158-THREE,P22,test,GOLD_EXISTING_LEXICAL_OR_SENTENCE,182,182,1,0.9999920129776001,B03,2
asl_citizen:8161476726173267-THREE,asl_citizen:8161476726173267-THREE,P6,test,GOLD_EXISTING_LEXICAL_OR_SENTENCE,182,182,1,1.0,B03,2
asl_citizen:9857350479542466-THREE,asl_citizen:9857350479542466-THREE,P15,test,GOLD_EXISTING_LEXICAL_OR_SENTENCE,182,182,1,0.9999979734420776,B03,2
asl_citizen:9850367559409725-THURSDAY,asl_citizen:9850367559409725-THURSDAY,P18,test,GOLD_EXISTING_LEXICAL_OR_SENTENCE,183,183,1,0.9999754428863525,B03,2
asl_citizen:4890416881667763-THURSDAY,asl_citizen:4890416881667763-THURSDAY,P47,test,GOLD_EXISTING_LEXICAL_OR_SENTENCE,183,183,1,0.9999426603317261,B03,2
asl_citizen:5871729923873938-THURSDAY,asl_citizen:5871729923873938-THURSDAY,P22,test,GOLD_EXISTING_LEXICAL_OR_SENTENCE,183,183,1,0.9999985694885254,B03,2
asl_citizen:6102100798298136-THURSDAY,asl_citizen:6102100798298136-THURSDAY,P49,test,GOLD_EXISTING_LEXICAL_OR_SENTENCE,183,183,1,0.9980586171150208,B03,2
asl_citizen:9200876618450688-THURSDAY,asl_citizen:9200876618450688-THURSDAY,P15,test,GOLD_EXISTING_LEXICAL_OR_SENTENCE,183,183,1,0.9999388456344604,B03,2
asl_citizen:16256523808991896-THURSDAY,asl_citizen:16256523808991896-THURSDAY,P42,test,GOLD_EXISTING_LEXICAL_OR_SENTENCE,183,183,1,0.9991154074668884,B03,2
asl_citizen:6969935261020788-THURSDAY,asl_citizen:6969935261020788-THURSDAY,P6,test,GOLD_EXISTING_LEXICAL_OR_SENTENCE,183,183,1,0.9999943971633911,B03,2
asl_citizen:28953962618372686-THURSDAY,asl_citizen:28953962618372686-THURSDAY,P17,test,GOLD_EXISTING_LEXICAL_OR_SENTENCE,183,183,1,0.9979374408721924,B03,2
asl_citizen:9393722583369333-TIE UP_1,asl_citizen:9393722583369333-TIE UP_1,P18,test,GOLD_EXISTING_LEXICAL_OR_SENTENCE,184,184,1,0.9265945553779602,B03,2
asl_citizen:9583244272122073-TIE UP_1,asl_citizen:9583244272122073-TIE UP_1,P22,test,GOLD_EXISTING_LEXICAL_OR_SENTENCE,184,184,1,0.9999332427978516,B03,2
asl_citizen:5192615975633734-TIE UP_1,asl_citizen:5192615975633734-TIE UP_1,P47,test,GOLD_EXISTING_LEXICAL_OR_SENTENCE,184,184,1,0.9899015426635742,B03,2
asl_citizen:3777756529429386-TIE UP_1,asl_citizen:3777756529429386-TIE UP_1,P48,test,GOLD_EXISTING_LEXICAL_OR_SENTENCE,184,184,1,0.9999955892562866,B03,2
asl_citizen:2026143207180635-TIE UP_1,asl_citizen:2026143207180635-TIE UP_1,P35,test,GOLD_EXISTING_LEXICAL_OR_SENTENCE,184,68,0,0.9999580383300781,B03,2
asl_citizen:714766270423653-TIE UP_1,asl_citizen:714766270423653-TIE UP_1,P42,test,GOLD_EXISTING_LEXICAL_OR_SENTENCE,184,184,1,0.9994839429855347,B03,2
asl_citizen:4474343843754307-TIE UP_1,asl_citizen:4474343843754307-TIE UP_1,P6,test,GOLD_EXISTING_LEXICAL_OR_SENTENCE,184,184,1,0.9999462366104126,B03,2
asl_citizen:049227810118646964-TIE UP_1,asl_citizen:049227810118646964-TIE UP_1,P15,test,GOLD_EXISTING_LEXICAL_OR_SENTENCE,184,184,1,0.9999984502792358,B03,2
asl_citizen:8582081133628761-TINY,asl_citizen:8582081133628761-TINY,P6,test,GOLD_EXISTING_LEXICAL_OR_SENTENCE,185,153,0,0.8459665775299072,B03,2
asl_citizen:10703906146469544-TINY,asl_citizen:10703906146469544-TINY,P22,test,GOLD_EXISTING_LEXICAL_OR_SENTENCE,185,185,1,0.9956141710281372,B03,2
asl_citizen:2732757606315379-TINY,asl_citizen:2732757606315379-TINY,P48,test,GOLD_EXISTING_LEXICAL_OR_SENTENCE,185,185,1,0.9995588660240173,B03,2
asl_citizen:5467382410629027-TINY,asl_citizen:5467382410629027-TINY,P18,test,GOLD_EXISTING_LEXICAL_OR_SENTENCE,185,185,1,0.9999998807907104,B03,2
asl_citizen:7835153573711628-TINY,asl_citizen:7835153573711628-TINY,P6,test,GOLD_EXISTING_LEXICAL_OR_SENTENCE,185,185,1,0.9995354413986206,B03,2
asl_citizen:7131247482749883-TINY,asl_citizen:7131247482749883-TINY,P42,test,GOLD_EXISTING_LEXICAL_OR_SENTENCE,185,185,1,1.0,B03,2
asl_citizen:4996965960691149-TINY,asl_citizen:4996965960691149-TINY,P15,test,GOLD_EXISTING_LEXICAL_OR_SENTENCE,185,185,1,0.9999997615814209,B03,2
asl_citizen:21030898208435467-TINY,asl_citizen:21030898208435467-TINY,P18,test,GOLD_EXISTING_LEXICAL_OR_SENTENCE,185,185,1,0.9998356103897095,B03,2
asl_citizen:7894459854982301-TOMORROW,asl_citizen:7894459854982301-TOMORROW,P18,test,GOLD_EXISTING_LEXICAL_OR_SENTENCE,186,186,1,0.9986667633056641,B03,2
asl_citizen:7888206684117145-TOMORROW,asl_citizen:7888206684117145-TOMORROW,P15,test,GOLD_EXISTING_LEXICAL_OR_SENTENCE,186,186,1,0.9931173324584961,B03,2
asl_citizen:6760301363332382-TOMORROW,asl_citizen:6760301363332382-TOMORROW,P35,test,GOLD_EXISTING_LEXICAL_OR_SENTENCE,186,186,1,0.9999741315841675,B03,2
asl_citizen:2180976995279913-TOMORROW,asl_citizen:2180976995279913-TOMORROW,P9,test,GOLD_EXISTING_LEXICAL_OR_SENTENCE,186,186,1,0.9999499320983887,B03,2
asl_citizen:17146907031431446-TOMORROW,asl_citizen:17146907031431446-TOMORROW,P17,test,GOLD_EXISTING_LEXICAL_OR_SENTENCE,186,186,1,0.9996777772903442,B03,2
asl_citizen:9807986685399508-TOMORROW,asl_citizen:9807986685399508-TOMORROW,P47,test,GOLD_EXISTING_LEXICAL_OR_SENTENCE,186,186,1,0.9989111423492432,B03,2
asl_citizen:217274752867896-TOMORROW,asl_citizen:217274752867896-TOMORROW,P6,test,GOLD_EXISTING_LEXICAL_OR_SENTENCE,186,186,1,0.8034030199050903,B03,2
asl_citizen:20613001181771762-TOMORROW,asl_citizen:20613001181771762-TOMORROW,P48,test,GOLD_EXISTING_LEXICAL_OR_SENTENCE,186,186,1,0.9992087483406067,B03,2
asl_citizen:8747935741523143-UDDER,asl_citizen:8747935741523143-UDDER,P48,test,GOLD_EXISTING_LEXICAL_OR_SENTENCE,187,187,1,0.9954981803894043,B03,2
asl_citizen:24543681285831953-UDDER,asl_citizen:24543681285831953-UDDER,P42,test,GOLD_EXISTING_LEXICAL_OR_SENTENCE,187,187,1,0.9997238516807556,B03,2
asl_citizen:018297144698995016-UDDER,asl_citizen:018297144698995016-UDDER,P22,test,GOLD_EXISTING_LEXICAL_OR_SENTENCE,187,172,0,0.5432282090187073,B03,2
asl_citizen:33615510067727095-UDDER,asl_citizen:33615510067727095-UDDER,P47,test,GOLD_EXISTING_LEXICAL_OR_SENTENCE,187,187,1,0.9998892545700073,B03,2
asl_citizen:931397073356518-UDDER,asl_citizen:931397073356518-UDDER,P15,test,GOLD_EXISTING_LEXICAL_OR_SENTENCE,187,100,0,0.8174538016319275,B03,2
asl_citizen:06394035628227313-UDDER,asl_citizen:06394035628227313-UDDER,P17,test,GOLD_EXISTING_LEXICAL_OR_SENTENCE,187,187,1,0.999593198299408,B03,2
asl_citizen:6674988896929304-UDDER,asl_citizen:6674988896929304-UDDER,P42,test,GOLD_EXISTING_LEXICAL_OR_SENTENCE,187,187,1,1.0,B03,2
asl_citizen:16617293192606675-UDDER,asl_citizen:16617293192606675-UDDER,P18,test,GOLD_EXISTING_LEXICAL_OR_SENTENCE,187,158,0,0.5228877663612366,B03,2
asl_citizen:8068422285701771-UMBRELLA,asl_citizen:8068422285701771-UMBRELLA,P6,test,GOLD_EXISTING_LEXICAL_OR_SENTENCE,188,197,0,0.9990220069885254,B03,2
asl_citizen:8920763966673622-UMBRELLA,asl_citizen:8920763966673622-UMBRELLA,P17,test,GOLD_EXISTING_LEXICAL_OR_SENTENCE,188,188,1,0.9292678833007812,B03,2
asl_citizen:7343580019907621-UMBRELLA,asl_citizen:7343580019907621-UMBRELLA,P9,test,GOLD_EXISTING_LEXICAL_OR_SENTENCE,188,48,0,0.49705296754837036,B03,2
asl_citizen:8664817888928291-UMBRELLA,asl_citizen:8664817888928291-UMBRELLA,P22,test,GOLD_EXISTING_LEXICAL_OR_SENTENCE,188,188,1,0.9999998807907104,B03,2
asl_citizen:7898925196390936-UMBRELLA,asl_citizen:7898925196390936-UMBRELLA,P35,test,GOLD_EXISTING_LEXICAL_OR_SENTENCE,188,188,1,0.9999988079071045,B03,2
asl_citizen:04748460657107523-UMBRELLA,asl_citizen:04748460657107523-UMBRELLA,P47,test,GOLD_EXISTING_LEXICAL_OR_SENTENCE,188,188,1,0.9997758269309998,B03,2
asl_citizen:6632437193350971-UMBRELLA,asl_citizen:6632437193350971-UMBRELLA,P18,test,GOLD_EXISTING_LEXICAL_OR_SENTENCE,188,188,1,0.9993958473205566,B03,2
asl_citizen:3412518906815425-UMBRELLA,asl_citizen:3412518906815425-UMBRELLA,P42,test,GOLD_EXISTING_LEXICAL_OR_SENTENCE,188,188,1,0.9998015761375427,B03,2
asl_citizen:0006330190300916083-WASH DISHES,asl_citizen:0006330190300916083-WASH DISHES,P49,test,GOLD_EXISTING_LEXICAL_OR_SENTENCE,189,189,1,0.9989829659461975,B03,2
asl_citizen:6318058656220054-WASH DISHES,asl_citizen:6318058656220054-WASH DISHES,P18,test,GOLD_EXISTING_LEXICAL_OR_SENTENCE,189,189,1,0.9999871253967285,B03,2
asl_citizen:44238266729683384-WASH DISHES,asl_citizen:44238266729683384-WASH DISHES,P42,test,GOLD_EXISTING_LEXICAL_OR_SENTENCE,189,189,1,0.9999450445175171,B03,2
asl_citizen:3111057512912141-WASH DISHES,asl_citizen:3111057512912141-WASH DISHES,P48,test,GOLD_EXISTING_LEXICAL_OR_SENTENCE,189,189,1,0.9999867677688599,B03,2
asl_citizen:39759657793845493-WASH DISHES,asl_citizen:39759657793845493-WASH DISHES,P9,test,GOLD_EXISTING_LEXICAL_OR_SENTENCE,189,28,0,0.7222235202789307,B03,2
asl_citizen:10743688625017245-WASH DISHES,asl_citizen:10743688625017245-WASH DISHES,P35,test,GOLD_EXISTING_LEXICAL_OR_SENTENCE,189,189,1,0.9999325275421143,B03,2
asl_citizen:014568138994724977-WASH DISHES,asl_citizen:014568138994724977-WASH DISHES,P15,test,GOLD_EXISTING_LEXICAL_OR_SENTENCE,189,189,1,0.8830402493476868,B03,2
asl_citizen:6763684162767629-WASH DISHES,asl_citizen:6763684162767629-WASH DISHES,P47,test,GOLD_EXISTING_LEXICAL_OR_SENTENCE,189,189,1,0.999995231628418,B03,2
asl_citizen:9742393555058024-WEAK,asl_citizen:9742393555058024-WEAK,P18,test,GOLD_EXISTING_LEXICAL_OR_SENTENCE,190,190,1,0.9987769722938538,B03,2
asl_citizen:5296047430710822-WEAK,asl_citizen:5296047430710822-WEAK,P18,test,GOLD_EXISTING_LEXICAL_OR_SENTENCE,190,190,1,0.6050856709480286,B03,2
asl_citizen:01014912198071638-WEAK,asl_citizen:01014912198071638-WEAK,P48,test,GOLD_EXISTING_LEXICAL_OR_SENTENCE,190,190,1,0.981917679309845,B03,2
asl_citizen:6566779628049222-WEAK,asl_citizen:6566779628049222-WEAK,P9,test,GOLD_EXISTING_LEXICAL_OR_SENTENCE,190,195,0,0.8371405005455017,B03,2
asl_citizen:07956373742817546-WEAK,asl_citizen:07956373742817546-WEAK,P17,test,GOLD_EXISTING_LEXICAL_OR_SENTENCE,190,131,0,0.9196897745132446,B03,2
asl_citizen:755471286197448-WEAK,asl_citizen:755471286197448-WEAK,P42,test,GOLD_EXISTING_LEXICAL_OR_SENTENCE,190,190,1,0.9995468258857727,B03,2
asl_citizen:7686765051975586-WEAK,asl_citizen:7686765051975586-WEAK,P6,test,GOLD_EXISTING_LEXICAL_OR_SENTENCE,190,18,0,0.973747968673706,B03,2
asl_citizen:5372406455360808-WEAK,asl_citizen:5372406455360808-WEAK,P49,test,GOLD_EXISTING_LEXICAL_OR_SENTENCE,190,4,0,0.5175184011459351,B03,2
asl_citizen:9939943673068379-WHEEL,asl_citizen:9939943673068379-WHEEL,P47,test,GOLD_EXISTING_LEXICAL_OR_SENTENCE,191,191,1,1.0,B03,2
asl_citizen:8999958850223064-WHEEL,asl_citizen:8999958850223064-WHEEL,P18,test,GOLD_EXISTING_LEXICAL_OR_SENTENCE,191,191,1,1.0,B03,2
asl_citizen:9795294817135527-WHEEL,asl_citizen:9795294817135527-WHEEL,P48,test,GOLD_EXISTING_LEXICAL_OR_SENTENCE,191,191,1,1.0,B03,2
asl_citizen:9614456518757373-WHEEL,asl_citizen:9614456518757373-WHEEL,P17,test,GOLD_EXISTING_LEXICAL_OR_SENTENCE,191,191,1,1.0,B03,2
asl_citizen:4147843029424443-WHEEL,asl_citizen:4147843029424443-WHEEL,P6,test,GOLD_EXISTING_LEXICAL_OR_SENTENCE,191,191,1,1.0,B03,2
asl_citizen:576828483636135-WHEEL,asl_citizen:576828483636135-WHEEL,P35,test,GOLD_EXISTING_LEXICAL_OR_SENTENCE,191,191,1,0.9259108901023865,B03,2
asl_citizen:3319502331073456-WHEEL,asl_citizen:3319502331073456-WHEEL,P15,test,GOLD_EXISTING_LEXICAL_OR_SENTENCE,191,191,1,0.9999780654907227,B03,2
asl_citizen:636540660893252-WHEEL,asl_citizen:636540660893252-WHEEL,P49,test,GOLD_EXISTING_LEXICAL_OR_SENTENCE,191,191,1,0.9999998807907104,B03,2
asl_citizen:887476484317782-WINE,asl_citizen:887476484317782-WINE,P17,test,GOLD_EXISTING_LEXICAL_OR_SENTENCE,192,192,1,0.9989818930625916,B03,2
asl_citizen:704506261599023-WINE,asl_citizen:704506261599023-WINE,P48,test,GOLD_EXISTING_LEXICAL_OR_SENTENCE,192,192,1,0.9993725419044495,B03,2
asl_citizen:2587305799160813-WINE,asl_citizen:2587305799160813-WINE,P42,test,GOLD_EXISTING_LEXICAL_OR_SENTENCE,192,192,1,1.0,B03,2
asl_citizen:7265120785580961-WINE,asl_citizen:7265120785580961-WINE,P49,test,GOLD_EXISTING_LEXICAL_OR_SENTENCE,192,192,1,0.9936374425888062,B03,2
asl_citizen:5374074524886607-WINE,asl_citizen:5374074524886607-WINE,P49,test,GOLD_EXISTING_LEXICAL_OR_SENTENCE,192,58,0,0.4654858410358429,B03,2
asl_citizen:755254932868199-WINE,asl_citizen:755254932868199-WINE,P22,test,GOLD_EXISTING_LEXICAL_OR_SENTENCE,192,192,1,1.0,B03,2
asl_citizen:8567611014085075-WINE,asl_citizen:8567611014085075-WINE,P35,test,GOLD_EXISTING_LEXICAL_OR_SENTENCE,192,192,1,1.0,B03,2
asl_citizen:547368719804554-WINE,asl_citizen:547368719804554-WINE,P9,test,GOLD_EXISTING_LEXICAL_OR_SENTENCE,192,192,1,0.9999997615814209,B03,2
asl_citizen:6855019384418222-WOMAN,asl_citizen:6855019384418222-WOMAN,P49,test,GOLD_EXISTING_LEXICAL_OR_SENTENCE,193,198,0,0.9190627932548523,B03,2
asl_citizen:5874584211477107-WOMAN,asl_citizen:5874584211477107-WOMAN,P47,test,GOLD_EXISTING_LEXICAL_OR_SENTENCE,193,193,1,0.9987371563911438,B03,2
asl_citizen:15475602014471002-WOMAN,asl_citizen:15475602014471002-WOMAN,P18,test,GOLD_EXISTING_LEXICAL_OR_SENTENCE,193,193,1,0.9137630462646484,B03,2
asl_citizen:6425925223370912-WOMAN,asl_citizen:6425925223370912-WOMAN,P35,test,GOLD_EXISTING_LEXICAL_OR_SENTENCE,193,193,1,0.5909237265586853,B03,2
asl_citizen:9414769082542918-WOMAN,asl_citizen:9414769082542918-WOMAN,P15,test,GOLD_EXISTING_LEXICAL_OR_SENTENCE,193,177,0,0.993894636631012,B03,2
asl_citizen:5955809588514023-WOMAN,asl_citizen:5955809588514023-WOMAN,P47,test,GOLD_EXISTING_LEXICAL_OR_SENTENCE,193,193,1,0.965989887714386,B03,2
asl_citizen:07128613198470624-WOMAN,asl_citizen:07128613198470624-WOMAN,P18,test,GOLD_EXISTING_LEXICAL_OR_SENTENCE,193,193,1,0.9999059438705444,B03,2
asl_citizen:41751768001215694-WOMAN,asl_citizen:41751768001215694-WOMAN,P6,test,GOLD_EXISTING_LEXICAL_OR_SENTENCE,193,121,0,0.9698334336280823,B03,2
asl_citizen:03945007591252714-WOW,asl_citizen:03945007591252714-WOW,P15,test,GOLD_EXISTING_LEXICAL_OR_SENTENCE,194,177,0,0.9071531891822815,B03,2
asl_citizen:42320422183529693-WOW,asl_citizen:42320422183529693-WOW,P17,test,GOLD_EXISTING_LEXICAL_OR_SENTENCE,194,194,1,0.7052348256111145,B03,2
asl_citizen:665862690743207-WOW,asl_citizen:665862690743207-WOW,P35,test,GOLD_EXISTING_LEXICAL_OR_SENTENCE,194,194,1,1.0,B03,2
asl_citizen:9690538715878685-WOW,asl_citizen:9690538715878685-WOW,P9,test,GOLD_EXISTING_LEXICAL_OR_SENTENCE,194,194,1,0.9999998807907104,B03,2
asl_citizen:6053421818563727-WOW,asl_citizen:6053421818563727-WOW,P47,test,GOLD_EXISTING_LEXICAL_OR_SENTENCE,194,194,1,0.9998311996459961,B03,2
asl_citizen:5744417518874771-WOW,asl_citizen:5744417518874771-WOW,P18,test,GOLD_EXISTING_LEXICAL_OR_SENTENCE,194,194,1,0.9999905824661255,B03,2
asl_citizen:04482146862387171-WOW,asl_citizen:04482146862387171-WOW,P48,test,GOLD_EXISTING_LEXICAL_OR_SENTENCE,194,194,1,0.9996033310890198,B03,2
asl_citizen:19002120726939387-WOW,asl_citizen:19002120726939387-WOW,P22,test,GOLD_EXISTING_LEXICAL_OR_SENTENCE,194,194,1,1.0,B03,2
asl_citizen:9779859732299716-WRISTWATCH,asl_citizen:9779859732299716-WRISTWATCH,P48,test,GOLD_EXISTING_LEXICAL_OR_SENTENCE,195,6,0,0.7511967420578003,B03,2
asl_citizen:8207812477575451-WRISTWATCH,asl_citizen:8207812477575451-WRISTWATCH,P15,test,GOLD_EXISTING_LEXICAL_OR_SENTENCE,195,51,0,0.9999442100524902,B03,2
asl_citizen:630240205784057-WRISTWATCH,asl_citizen:630240205784057-WRISTWATCH,P9,test,GOLD_EXISTING_LEXICAL_OR_SENTENCE,195,31,0,0.5155200362205505,B03,2
asl_citizen:17995917917470172-WRISTWATCH,asl_citizen:17995917917470172-WRISTWATCH,P35,test,GOLD_EXISTING_LEXICAL_OR_SENTENCE,195,195,1,0.978942334651947,B03,2
asl_citizen:7814690543239826-WRISTWATCH,asl_citizen:7814690543239826-WRISTWATCH,P49,test,GOLD_EXISTING_LEXICAL_OR_SENTENCE,195,195,1,0.9848108291625977,B03,2
asl_citizen:6675475386923464-WRISTWATCH,asl_citizen:6675475386923464-WRISTWATCH,P6,test,GOLD_EXISTING_LEXICAL_OR_SENTENCE,195,6,0,0.8189568519592285,B03,2
asl_citizen:465661876417766-WRISTWATCH,asl_citizen:465661876417766-WRISTWATCH,P47,test,GOLD_EXISTING_LEXICAL_OR_SENTENCE,195,195,1,0.9997361302375793,B03,2
asl_citizen:026570931268709908-WRISTWATCH,asl_citizen:026570931268709908-WRISTWATCH,P17,test,GOLD_EXISTING_LEXICAL_OR_SENTENCE,195,25,0,0.8920138478279114,B03,2
asl_citizen:7337335913981982-YAWN 4,asl_citizen:7337335913981982-YAWN 4,P47,test,GOLD_EXISTING_LEXICAL_OR_SENTENCE,196,196,1,0.9999459981918335,B03,2
asl_citizen:3754179661960846-YAWN 4,asl_citizen:3754179661960846-YAWN 4,P9,test,GOLD_EXISTING_LEXICAL_OR_SENTENCE,196,196,1,1.0,B03,2
asl_citizen:4971006561882043-YAWN 4,asl_citizen:4971006561882043-YAWN 4,P42,test,GOLD_EXISTING_LEXICAL_OR_SENTENCE,196,196,1,1.0,B03,2
asl_citizen:4797015473524757-YAWN 4,asl_citizen:4797015473524757-YAWN 4,P48,test,GOLD_EXISTING_LEXICAL_OR_SENTENCE,196,196,1,0.9998072981834412,B03,2
asl_citizen:18542409573081642-YAWN 4,asl_citizen:18542409573081642-YAWN 4,P17,test,GOLD_EXISTING_LEXICAL_OR_SENTENCE,196,196,1,0.9999979734420776,B03,2
asl_citizen:18719007765173634-YAWN 4,asl_citizen:18719007765173634-YAWN 4,P22,test,GOLD_EXISTING_LEXICAL_OR_SENTENCE,196,196,1,1.0,B03,2
asl_citizen:48676189387398416-YAWN 4,asl_citizen:48676189387398416-YAWN 4,P18,test,GOLD_EXISTING_LEXICAL_OR_SENTENCE,196,196,1,0.9999992847442627,B03,2
asl_citizen:49859099958281616-YAWN 4,asl_citizen:49859099958281616-YAWN 4,P15,test,GOLD_EXISTING_LEXICAL_OR_SENTENCE,196,196,1,0.9998923540115356,B03,2
asl_citizen:08090451600558746-YEAR,asl_citizen:08090451600558746-YEAR,P9,test,GOLD_EXISTING_LEXICAL_OR_SENTENCE,197,197,1,0.5866844058036804,B03,2
asl_citizen:2330293199408191-YEAR,asl_citizen:2330293199408191-YEAR,P17,test,GOLD_EXISTING_LEXICAL_OR_SENTENCE,197,197,1,0.9999344348907471,B03,2
asl_citizen:2724933845029811-YEAR,asl_citizen:2724933845029811-YEAR,P35,test,GOLD_EXISTING_LEXICAL_OR_SENTENCE,197,197,1,0.9996745586395264,B03,2
asl_citizen:5420082138524283-YEAR,asl_citizen:5420082138524283-YEAR,P9,test,GOLD_EXISTING_LEXICAL_OR_SENTENCE,197,197,1,0.9967761635780334,B03,2
asl_citizen:3413515011784971-YEAR,asl_citizen:3413515011784971-YEAR,P18,test,GOLD_EXISTING_LEXICAL_OR_SENTENCE,197,197,1,0.9999885559082031,B03,2
asl_citizen:013886274329008907-YEAR,asl_citizen:013886274329008907-YEAR,P47,test,GOLD_EXISTING_LEXICAL_OR_SENTENCE,197,197,1,0.9999847412109375,B03,2
asl_citizen:756097656914722-YEAR,asl_citizen:756097656914722-YEAR,P42,test,GOLD_EXISTING_LEXICAL_OR_SENTENCE,197,197,1,0.9625294804573059,B03,2
asl_citizen:5991757826723607-YEAR,asl_citizen:5991757826723607-YEAR,P48,test,GOLD_EXISTING_LEXICAL_OR_SENTENCE,197,197,1,0.9999722242355347,B03,2
asl_citizen:28361232762737765-YOYO,asl_citizen:28361232762737765-YOYO,P47,test,GOLD_EXISTING_LEXICAL_OR_SENTENCE,198,198,1,0.9999803304672241,B03,2
asl_citizen:45146213031734517-YOYO,asl_citizen:45146213031734517-YOYO,P47,test,GOLD_EXISTING_LEXICAL_OR_SENTENCE,198,198,1,0.9999780654907227,B03,2
asl_citizen:11914875605500996-YOYO,asl_citizen:11914875605500996-YOYO,P9,test,GOLD_EXISTING_LEXICAL_OR_SENTENCE,198,198,1,0.9999980926513672,B03,2
asl_citizen:3440409218762699-YOYO,asl_citizen:3440409218762699-YOYO,P35,test,GOLD_EXISTING_LEXICAL_OR_SENTENCE,198,198,1,0.9897109866142273,B03,2
asl_citizen:5156306252274956-YOYO,asl_citizen:5156306252274956-YOYO,P22,test,GOLD_EXISTING_LEXICAL_OR_SENTENCE,198,198,1,0.9999997615814209,B03,2
asl_citizen:9915818826533946-YOYO,asl_citizen:9915818826533946-YOYO,P49,test,GOLD_EXISTING_LEXICAL_OR_SENTENCE,198,198,1,0.9999994039535522,B03,2
asl_citizen:43594714917873434-YOYO,asl_citizen:43594714917873434-YOYO,P17,test,GOLD_EXISTING_LEXICAL_OR_SENTENCE,198,198,1,0.9585039615631104,B03,2
asl_citizen:4973716085033886-YOYO,asl_citizen:4973716085033886-YOYO,P48,test,GOLD_EXISTING_LEXICAL_OR_SENTENCE,198,198,1,0.9999938011169434,B03,2
asl_citizen:18681573078207636-ZIPPER,asl_citizen:18681573078207636-ZIPPER,P9,test,GOLD_EXISTING_LEXICAL_OR_SENTENCE,199,181,0,0.32169821858406067,B03,2
asl_citizen:8788811832101551-ZIPPER,asl_citizen:8788811832101551-ZIPPER,P47,test,GOLD_EXISTING_LEXICAL_OR_SENTENCE,199,199,1,0.9858629107475281,B03,2
asl_citizen:11865494552434197-ZIPPER,asl_citizen:11865494552434197-ZIPPER,P18,test,GOLD_EXISTING_LEXICAL_OR_SENTENCE,199,199,1,0.998584508895874,B03,2
asl_citizen:0980294359113636-ZIPPER,asl_citizen:0980294359113636-ZIPPER,P17,test,GOLD_EXISTING_LEXICAL_OR_SENTENCE,199,177,0,0.607463002204895,B03,2
asl_citizen:024041678740859274-ZIPPER,asl_citizen:024041678740859274-ZIPPER,P49,test,GOLD_EXISTING_LEXICAL_OR_SENTENCE,199,199,1,0.9999896287918091,B03,2
asl_citizen:39444334899161193-ZIPPER,asl_citizen:39444334899161193-ZIPPER,P22,test,GOLD_EXISTING_LEXICAL_OR_SENTENCE,199,199,1,0.9999988079071045,B03,2
asl_citizen:02496791690037914-ZIPPER,asl_citizen:02496791690037914-ZIPPER,P35,test,GOLD_EXISTING_LEXICAL_OR_SENTENCE,199,199,1,0.9994807839393616,B03,2
asl_citizen:7258187008264652-ZIPPER,asl_citizen:7258187008264652-ZIPPER,P42,test,GOLD_EXISTING_LEXICAL_OR_SENTENCE,199,199,1,0.9999140501022339,B03,2
