sample_id,recording_group,signer_id,split,gold_status,gold,prediction,correct,score,baseline,seed
asl_citizen:45980993280809357-ABBREVIATE,asl_citizen:45980993280809357-ABBREVIATE,P15,test,GOLD_EXISTING_LEXICAL_OR_SENTENCE,0,0,1,0.6973015666007996,B02,0
asl_citizen:5283589351044176-ABBREVIATE,asl_citizen:5283589351044176-ABBREVIATE,P9,test,GOLD_EXISTING_LEXICAL_OR_SENTENCE,0,45,0,0.5025070309638977,B02,0
asl_citizen:9778015109909495-ABBREVIATE,asl_citizen:9778015109909495-ABBREVIATE,P42,test,GOLD_EXISTING_LEXICAL_OR_SENTENCE,0,107,0,0.18819952011108398,B02,0
asl_citizen:3126916427345261-ABBREVIATE,asl_citizen:3126916427345261-ABBREVIATE,P48,test,GOLD_EXISTING_LEXICAL_OR_SENTENCE,0,0,1,0.7600700259208679,B02,0
asl_citizen:4243943671256212-ABBREVIATE,asl_citizen:4243943671256212-ABBREVIATE,P22,test,GOLD_EXISTING_LEXICAL_OR_SENTENCE,0,0,1,0.28037339448928833,B02,0
asl_citizen:46439447576422177-ABBREVIATE,asl_citizen:46439447576422177-ABBREVIATE,P47,test,GOLD_EXISTING_LEXICAL_OR_SENTENCE,0,0,1,0.9847843647003174,B02,0
asl_citizen:20970863889599456-ABBREVIATE,asl_citizen:20970863889599456-ABBREVIATE,P18,test,GOLD_EXISTING_LEXICAL_OR_SENTENCE,0,0,1,0.9773529767990112,B02,0
asl_citizen:48018767140953345-ABBREVIATE,asl_citizen:48018767140953345-ABBREVIATE,P35,test,GOLD_EXISTING_LEXICAL_OR_SENTENCE,0,0,1,0.9717366695404053,B02,0
asl_citizen:6814197298390192-ACCOUNTANT,asl_citizen:6814197298390192-ACCOUNTANT,P35,test,GOLD_EXISTING_LEXICAL_OR_SENTENCE,1,1,1,0.9981739521026611,B02,0
asl_citizen:826841392956869-ACCOUNTANT,asl_citizen:826841392956869-ACCOUNTANT,P47,test,GOLD_EXISTING_LEXICAL_OR_SENTENCE,1,1,1,0.9693090319633484,B02,0
asl_citizen:8430446432208341-ACCOUNTANT,asl_citizen:8430446432208341-ACCOUNTANT,P6,test,GOLD_EXISTING_LEXICAL_OR_SENTENCE,1,159,0,0.2835579514503479,B02,0
asl_citizen:661972801331969-ACCOUNTANT,asl_citizen:661972801331969-ACCOUNTANT,P35,test,GOLD_EXISTING_LEXICAL_OR_SENTENCE,1,1,1,0.9869970083236694,B02,0
asl_citizen:4936764223876715-ACCOUNTANT,asl_citizen:4936764223876715-ACCOUNTANT,P17,test,GOLD_EXISTING_LEXICAL_OR_SENTENCE,1,40,0,0.3756253123283386,B02,0
asl_citizen:572407310565471-ACCOUNTANT,asl_citizen:572407310565471-ACCOUNTANT,P18,test,GOLD_EXISTING_LEXICAL_OR_SENTENCE,1,1,1,0.9866993427276611,B02,0
asl_citizen:1500289916043709-ACCOUNTANT,asl_citizen:1500289916043709-ACCOUNTANT,P22,test,GOLD_EXISTING_LEXICAL_OR_SENTENCE,1,1,1,0.7780079245567322,B02,0
asl_citizen:4367002172710075-ACCOUNTANT,asl_citizen:4367002172710075-ACCOUNTANT,P9,test,GOLD_EXISTING_LEXICAL_OR_SENTENCE,1,159,0,0.319501668214798,B02,0
asl_citizen:29921705550419175-ADVANTAGE,asl_citizen:29921705550419175-ADVANTAGE,P6,test,GOLD_EXISTING_LEXICAL_OR_SENTENCE,2,126,0,0.6207257509231567,B02,0
asl_citizen:4874146950243392-ADVANTAGE,asl_citizen:4874146950243392-ADVANTAGE,P49,test,GOLD_EXISTING_LEXICAL_OR_SENTENCE,2,2,1,0.9586772322654724,B02,0
asl_citizen:2842246784524669-ADVANTAGE,asl_citizen:2842246784524669-ADVANTAGE,P22,test,GOLD_EXISTING_LEXICAL_OR_SENTENCE,2,95,0,0.684889018535614,B02,0
asl_citizen:8025096374663689-ADVANTAGE,asl_citizen:8025096374663689-ADVANTAGE,P42,test,GOLD_EXISTING_LEXICAL_OR_SENTENCE,2,2,1,0.9031767249107361,B02,0
asl_citizen:9693306524089746-ADVANTAGE,asl_citizen:9693306524089746-ADVANTAGE,P9,test,GOLD_EXISTING_LEXICAL_OR_SENTENCE,2,95,0,0.5137389898300171,B02,0
asl_citizen:8415508443939812-ADVANTAGE,asl_citizen:8415508443939812-ADVANTAGE,P18,test,GOLD_EXISTING_LEXICAL_OR_SENTENCE,2,2,1,0.8850002884864807,B02,0
asl_citizen:7914674915609925-ADVANTAGE,asl_citizen:7914674915609925-ADVANTAGE,P17,test,GOLD_EXISTING_LEXICAL_OR_SENTENCE,2,95,0,0.4778338372707367,B02,0
asl_citizen:7414933199770992-ADVANTAGE,asl_citizen:7414933199770992-ADVANTAGE,P47,test,GOLD_EXISTING_LEXICAL_OR_SENTENCE,2,2,1,0.9296308159828186,B02,0
asl_citizen:23777351543576053-AGAIN,asl_citizen:23777351543576053-AGAIN,P48,test,GOLD_EXISTING_LEXICAL_OR_SENTENCE,3,3,1,0.9423912167549133,B02,0
asl_citizen:40995728871512394-AGAIN,asl_citizen:40995728871512394-AGAIN,P42,test,GOLD_EXISTING_LEXICAL_OR_SENTENCE,3,3,1,0.9934675097465515,B02,0
asl_citizen:6271715526397399-AGAIN,asl_citizen:6271715526397399-AGAIN,P17,test,GOLD_EXISTING_LEXICAL_OR_SENTENCE,3,3,1,0.5900828242301941,B02,0
asl_citizen:916944292262917-AGAIN,asl_citizen:916944292262917-AGAIN,P22,test,GOLD_EXISTING_LEXICAL_OR_SENTENCE,3,3,1,0.3007735311985016,B02,0
asl_citizen:16798754221947831-AGAIN,asl_citizen:16798754221947831-AGAIN,P15,test,GOLD_EXISTING_LEXICAL_OR_SENTENCE,3,3,1,0.9914174675941467,B02,0
asl_citizen:023787576451673953-AGAIN,asl_citizen:023787576451673953-AGAIN,P49,test,GOLD_EXISTING_LEXICAL_OR_SENTENCE,3,3,1,0.9530627727508545,B02,0
asl_citizen:9059301553642072-AGAIN,asl_citizen:9059301553642072-AGAIN,P9,test,GOLD_EXISTING_LEXICAL_OR_SENTENCE,3,180,0,0.4774453043937683,B02,0
asl_citizen:11794226320729084-AGAIN,asl_citizen:11794226320729084-AGAIN,P18,test,GOLD_EXISTING_LEXICAL_OR_SENTENCE,3,3,1,0.9871681928634644,B02,0
asl_citizen:5699019995816961-ALL,asl_citizen:5699019995816961-ALL,P48,test,GOLD_EXISTING_LEXICAL_OR_SENTENCE,4,4,1,0.21159064769744873,B02,0
asl_citizen:8790279150116067-ALL,asl_citizen:8790279150116067-ALL,P15,test,GOLD_EXISTING_LEXICAL_OR_SENTENCE,4,4,1,0.9527149796485901,B02,0
asl_citizen:14271576596096258-ALL,asl_citizen:14271576596096258-ALL,P47,test,GOLD_EXISTING_LEXICAL_OR_SENTENCE,4,4,1,0.56504225730896,B02,0
asl_citizen:6345921613868126-ALL,asl_citizen:6345921613868126-ALL,P17,test,GOLD_EXISTING_LEXICAL_OR_SENTENCE,4,89,0,0.6762515306472778,B02,0
asl_citizen:40507215869597446-ALL,asl_citizen:40507215869597446-ALL,P35,test,GOLD_EXISTING_LEXICAL_OR_SENTENCE,4,4,1,0.9430914521217346,B02,0
asl_citizen:05901009748897512-ALL,asl_citizen:05901009748897512-ALL,P42,test,GOLD_EXISTING_LEXICAL_OR_SENTENCE,4,4,1,0.9829740524291992,B02,0
asl_citizen:926861907005698-ALL,asl_citizen:926861907005698-ALL,P22,test,GOLD_EXISTING_LEXICAL_OR_SENTENCE,4,126,0,0.492034912109375,B02,0
asl_citizen:8622188011930683-ALL,asl_citizen:8622188011930683-ALL,P6,test,GOLD_EXISTING_LEXICAL_OR_SENTENCE,4,157,0,0.4596005380153656,B02,0
asl_citizen:09342170613573075-APRIL,asl_citizen:09342170613573075-APRIL,P48,test,GOLD_EXISTING_LEXICAL_OR_SENTENCE,5,5,1,0.9875935912132263,B02,0
asl_citizen:48699657059171453-APRIL,asl_citizen:48699657059171453-APRIL,P47,test,GOLD_EXISTING_LEXICAL_OR_SENTENCE,5,5,1,0.987379789352417,B02,0
asl_citizen:4056232817127601-APRIL,asl_citizen:4056232817127601-APRIL,P9,test,GOLD_EXISTING_LEXICAL_OR_SENTENCE,5,5,1,0.9973099231719971,B02,0
asl_citizen:3710366030253349-APRIL,asl_citizen:3710366030253349-APRIL,P6,test,GOLD_EXISTING_LEXICAL_OR_SENTENCE,5,5,1,0.6193854808807373,B02,0
asl_citizen:6119197197708666-APRIL,asl_citizen:6119197197708666-APRIL,P35,test,GOLD_EXISTING_LEXICAL_OR_SENTENCE,5,196,0,0.4127916395664215,B02,0
asl_citizen:29403411159180814-APRIL,asl_citizen:29403411159180814-APRIL,P49,test,GOLD_EXISTING_LEXICAL_OR_SENTENCE,5,5,1,0.9285786747932434,B02,0
asl_citizen:45498123525694534-APRIL,asl_citizen:45498123525694534-APRIL,P22,test,GOLD_EXISTING_LEXICAL_OR_SENTENCE,5,5,1,0.6095023155212402,B02,0
asl_citizen:037040307113561655-APRIL,asl_citizen:037040307113561655-APRIL,P42,test,GOLD_EXISTING_LEXICAL_OR_SENTENCE,5,5,1,0.9961004257202148,B02,0
asl_citizen:3498673920766573-ARREST 3,asl_citizen:3498673920766573-ARREST 3,P18,test,GOLD_EXISTING_LEXICAL_OR_SENTENCE,6,6,1,0.984409511089325,B02,0
asl_citizen:33663367792029497-ARREST 3,asl_citizen:33663367792029497-ARREST 3,P35,test,GOLD_EXISTING_LEXICAL_OR_SENTENCE,6,6,1,0.9994500279426575,B02,0
asl_citizen:9515099463796044-ARREST 3,asl_citizen:9515099463796044-ARREST 3,P9,test,GOLD_EXISTING_LEXICAL_OR_SENTENCE,6,6,1,0.9267869591712952,B02,0
asl_citizen:6472255600745414-ARREST 3,asl_citizen:6472255600745414-ARREST 3,P15,test,GOLD_EXISTING_LEXICAL_OR_SENTENCE,6,6,1,0.9971285462379456,B02,0
asl_citizen:2986243666527464-ARREST 3,asl_citizen:2986243666527464-ARREST 3,P48,test,GOLD_EXISTING_LEXICAL_OR_SENTENCE,6,6,1,0.9437000155448914,B02,0
asl_citizen:4623483856020305-ARREST 3,asl_citizen:4623483856020305-ARREST 3,P49,test,GOLD_EXISTING_LEXICAL_OR_SENTENCE,6,6,1,0.9686293601989746,B02,0
asl_citizen:8664370020897636-ARREST 3,asl_citizen:8664370020897636-ARREST 3,P47,test,GOLD_EXISTING_LEXICAL_OR_SENTENCE,6,6,1,0.7162759304046631,B02,0
asl_citizen:41761667366739585-ARREST 3,asl_citizen:41761667366739585-ARREST 3,P42,test,GOLD_EXISTING_LEXICAL_OR_SENTENCE,6,6,1,0.9277967810630798,B02,0
asl_citizen:17597114212490883-ASK,asl_citizen:17597114212490883-ASK,P42,test,GOLD_EXISTING_LEXICAL_OR_SENTENCE,7,7,1,0.9904580116271973,B02,0
asl_citizen:6754054426478515-ASK,asl_citizen:6754054426478515-ASK,P47,test,GOLD_EXISTING_LEXICAL_OR_SENTENCE,7,7,1,0.9742869734764099,B02,0
asl_citizen:375964197411883-ASK,asl_citizen:375964197411883-ASK,P6,test,GOLD_EXISTING_LEXICAL_OR_SENTENCE,7,7,1,0.8287504315376282,B02,0
asl_citizen:8926729576160704-ASK,asl_citizen:8926729576160704-ASK,P18,test,GOLD_EXISTING_LEXICAL_OR_SENTENCE,7,7,1,0.9933823347091675,B02,0
asl_citizen:5976950094284144-ASK,asl_citizen:5976950094284144-ASK,P17,test,GOLD_EXISTING_LEXICAL_OR_SENTENCE,7,7,1,0.6330744028091431,B02,0
asl_citizen:7989597695584512-ASK,asl_citizen:7989597695584512-ASK,P15,test,GOLD_EXISTING_LEXICAL_OR_SENTENCE,7,7,1,0.3706457018852234,B02,0
asl_citizen:5187180924403598-ASK,asl_citizen:5187180924403598-ASK,P35,test,GOLD_EXISTING_LEXICAL_OR_SENTENCE,7,7,1,0.9786593317985535,B02,0
asl_citizen:32589649401310283-ASK,asl_citizen:32589649401310283-ASK,P49,test,GOLD_EXISTING_LEXICAL_OR_SENTENCE,7,7,1,0.8659564852714539,B02,0
asl_citizen:4344488363060912-BALL,asl_citizen:4344488363060912-BALL,P17,test,GOLD_EXISTING_LEXICAL_OR_SENTENCE,8,8,1,0.9873320460319519,B02,0
asl_citizen:6633450467674022-BALL,asl_citizen:6633450467674022-BALL,P17,test,GOLD_EXISTING_LEXICAL_OR_SENTENCE,8,8,1,0.9948849081993103,B02,0
asl_citizen:1598405566222576-BALL,asl_citizen:1598405566222576-BALL,P9,test,GOLD_EXISTING_LEXICAL_OR_SENTENCE,8,8,1,0.993945300579071,B02,0
asl_citizen:2543941341529852-BALL,asl_citizen:2543941341529852-BALL,P22,test,GOLD_EXISTING_LEXICAL_OR_SENTENCE,8,8,1,0.9531738758087158,B02,0
asl_citizen:5124593672960627-BALL,asl_citizen:5124593672960627-BALL,P15,test,GOLD_EXISTING_LEXICAL_OR_SENTENCE,8,8,1,0.856144368648529,B02,0
asl_citizen:2899102483752909-BALL,asl_citizen:2899102483752909-BALL,P6,test,GOLD_EXISTING_LEXICAL_OR_SENTENCE,8,8,1,0.9275751113891602,B02,0
asl_citizen:23746635240974534-BALL,asl_citizen:23746635240974534-BALL,P35,test,GOLD_EXISTING_LEXICAL_OR_SENTENCE,8,8,1,0.994457483291626,B02,0
asl_citizen:5977427146335326-BALL,asl_citizen:5977427146335326-BALL,P42,test,GOLD_EXISTING_LEXICAL_OR_SENTENCE,8,8,1,0.9980757236480713,B02,0
asl_citizen:549196424730944-BANK,asl_citizen:549196424730944-BANK,P9,test,GOLD_EXISTING_LEXICAL_OR_SENTENCE,9,9,1,0.7939542531967163,B02,0
asl_citizen:2582906950708326-BANK,asl_citizen:2582906950708326-BANK,P15,test,GOLD_EXISTING_LEXICAL_OR_SENTENCE,9,9,1,0.8569270372390747,B02,0
asl_citizen:005459098435778076-BANK,asl_citizen:005459098435778076-BANK,P22,test,GOLD_EXISTING_LEXICAL_OR_SENTENCE,9,9,1,0.9887240529060364,B02,0
asl_citizen:8326105348503952-BANK,asl_citizen:8326105348503952-BANK,P17,test,GOLD_EXISTING_LEXICAL_OR_SENTENCE,9,9,1,0.9514511823654175,B02,0
asl_citizen:8532462591349732-BANK,asl_citizen:8532462591349732-BANK,P47,test,GOLD_EXISTING_LEXICAL_OR_SENTENCE,9,9,1,0.9619260430335999,B02,0
asl_citizen:44271644851478054-BANK,asl_citizen:44271644851478054-BANK,P42,test,GOLD_EXISTING_LEXICAL_OR_SENTENCE,9,9,1,0.931230366230011,B02,0
asl_citizen:5778886468255948-BANK,asl_citizen:5778886468255948-BANK,P49,test,GOLD_EXISTING_LEXICAL_OR_SENTENCE,9,9,1,0.6549836993217468,B02,0
asl_citizen:6766382204103578-BANK,asl_citizen:6766382204103578-BANK,P6,test,GOLD_EXISTING_LEXICAL_OR_SENTENCE,9,56,0,0.31139105558395386,B02,0
asl_citizen:8606689824558562-BEDROOM,asl_citizen:8606689824558562-BEDROOM,P42,test,GOLD_EXISTING_LEXICAL_OR_SENTENCE,10,10,1,0.3304605185985565,B02,0
asl_citizen:717955427433185-BEDROOM,asl_citizen:717955427433185-BEDROOM,P49,test,GOLD_EXISTING_LEXICAL_OR_SENTENCE,10,10,1,0.9749668836593628,B02,0
asl_citizen:9355466119753539-BEDROOM,asl_citizen:9355466119753539-BEDROOM,P15,test,GOLD_EXISTING_LEXICAL_OR_SENTENCE,10,10,1,0.9896700978279114,B02,0
asl_citizen:9483880207030069-BEDROOM,asl_citizen:9483880207030069-BEDROOM,P47,test,GOLD_EXISTING_LEXICAL_OR_SENTENCE,10,10,1,0.9039580821990967,B02,0
asl_citizen:4909580955968704-BEDROOM,asl_citizen:4909580955968704-BEDROOM,P6,test,GOLD_EXISTING_LEXICAL_OR_SENTENCE,10,10,1,0.9442067742347717,B02,0
asl_citizen:16201647939654906-BEDROOM,asl_citizen:16201647939654906-BEDROOM,P17,test,GOLD_EXISTING_LEXICAL_OR_SENTENCE,10,10,1,0.9872482419013977,B02,0
asl_citizen:6398357285466825-BEDROOM,asl_citizen:6398357285466825-BEDROOM,P9,test,GOLD_EXISTING_LEXICAL_OR_SENTENCE,10,10,1,0.995908260345459,B02,0
asl_citizen:532633297898772-BEDROOM,asl_citizen:532633297898772-BEDROOM,P22,test,GOLD_EXISTING_LEXICAL_OR_SENTENCE,10,115,0,0.18717478215694427,B02,0
asl_citizen:621774538662446-BITE,asl_citizen:621774538662446-BITE,P49,test,GOLD_EXISTING_LEXICAL_OR_SENTENCE,11,196,0,0.6908299922943115,B02,0
asl_citizen:5847209256499839-BITE,asl_citizen:5847209256499839-BITE,P35,test,GOLD_EXISTING_LEXICAL_OR_SENTENCE,11,11,1,0.4254504442214966,B02,0
asl_citizen:6414342540777798-BITE,asl_citizen:6414342540777798-BITE,P42,test,GOLD_EXISTING_LEXICAL_OR_SENTENCE,11,11,1,0.9824250340461731,B02,0
asl_citizen:7602627316216253-BITE,asl_citizen:7602627316216253-BITE,P9,test,GOLD_EXISTING_LEXICAL_OR_SENTENCE,11,182,0,0.25758489966392517,B02,0
asl_citizen:9492151554510415-BITE,asl_citizen:9492151554510415-BITE,P48,test,GOLD_EXISTING_LEXICAL_OR_SENTENCE,11,182,0,0.6314952969551086,B02,0
asl_citizen:07934406900594504-BITE,asl_citizen:07934406900594504-BITE,P35,test,GOLD_EXISTING_LEXICAL_OR_SENTENCE,11,18,0,0.7151473760604858,B02,0
asl_citizen:6369165146385125-BITE,asl_citizen:6369165146385125-BITE,P17,test,GOLD_EXISTING_LEXICAL_OR_SENTENCE,11,11,1,0.7497007250785828,B02,0
asl_citizen:47018728424793843-BITE,asl_citizen:47018728424793843-BITE,P47,test,GOLD_EXISTING_LEXICAL_OR_SENTENCE,11,11,1,0.4588061571121216,B02,0
asl_citizen:7275098259327448-BLOW CANDLE_2,asl_citizen:7275098259327448-BLOW CANDLE_2,P47,test,GOLD_EXISTING_LEXICAL_OR_SENTENCE,12,12,1,0.9957135915756226,B02,0
asl_citizen:21665994553057621-BLOW CANDLE_2,asl_citizen:21665994553057621-BLOW CANDLE_2,P6,test,GOLD_EXISTING_LEXICAL_OR_SENTENCE,12,99,0,0.58125239610672,B02,0
asl_citizen:8925073101084446-BLOW CANDLE_2,asl_citizen:8925073101084446-BLOW CANDLE_2,P42,test,GOLD_EXISTING_LEXICAL_OR_SENTENCE,12,99,0,0.45644110441207886,B02,0
asl_citizen:15681826924584508-BLOW CANDLE_2,asl_citizen:15681826924584508-BLOW CANDLE_2,P17,test,GOLD_EXISTING_LEXICAL_OR_SENTENCE,12,42,0,0.5729362964630127,B02,0
asl_citizen:8379347582469792-BLOW CANDLE_2,asl_citizen:8379347582469792-BLOW CANDLE_2,P49,test,GOLD_EXISTING_LEXICAL_OR_SENTENCE,12,99,0,0.9600382447242737,B02,0
asl_citizen:412725439462448-BLOW CANDLE_2,asl_citizen:412725439462448-BLOW CANDLE_2,P48,test,GOLD_EXISTING_LEXICAL_OR_SENTENCE,12,12,1,0.8230298161506653,B02,0
asl_citizen:517320186641052-BLOW CANDLE_2,asl_citizen:517320186641052-BLOW CANDLE_2,P22,test,GOLD_EXISTING_LEXICAL_OR_SENTENCE,12,99,0,0.5198865532875061,B02,0
asl_citizen:3745596366786186-BLOW CANDLE_2,asl_citizen:3745596366786186-BLOW CANDLE_2,P18,test,GOLD_EXISTING_LEXICAL_OR_SENTENCE,12,12,1,0.9661756753921509,B02,0
asl_citizen:27276752894820944-BOIL,asl_citizen:27276752894820944-BOIL,P49,test,GOLD_EXISTING_LEXICAL_OR_SENTENCE,13,13,1,0.9986739158630371,B02,0
asl_citizen:6595287135146255-BOIL,asl_citizen:6595287135146255-BOIL,P42,test,GOLD_EXISTING_LEXICAL_OR_SENTENCE,13,13,1,0.9991809725761414,B02,0
asl_citizen:32058532627535197-BOIL,asl_citizen:32058532627535197-BOIL,P18,test,GOLD_EXISTING_LEXICAL_OR_SENTENCE,13,13,1,0.9992204904556274,B02,0
asl_citizen:9352965810590708-BOIL,asl_citizen:9352965810590708-BOIL,P22,test,GOLD_EXISTING_LEXICAL_OR_SENTENCE,13,13,1,0.9562755823135376,B02,0
asl_citizen:0570319703381732-BOIL,asl_citizen:0570319703381732-BOIL,P6,test,GOLD_EXISTING_LEXICAL_OR_SENTENCE,13,13,1,0.994418740272522,B02,0
asl_citizen:7130889839565913-BOIL,asl_citizen:7130889839565913-BOIL,P48,test,GOLD_EXISTING_LEXICAL_OR_SENTENCE,13,13,1,0.9705054759979248,B02,0
asl_citizen:39544595991627407-BOIL,asl_citizen:39544595991627407-BOIL,P15,test,GOLD_EXISTING_LEXICAL_OR_SENTENCE,13,13,1,0.9825664758682251,B02,0
asl_citizen:5531572245815393-BOIL,asl_citizen:5531572245815393-BOIL,P22,test,GOLD_EXISTING_LEXICAL_OR_SENTENCE,13,13,1,0.9986609220504761,B02,0
asl_citizen:22677466456199014-BOOTS,asl_citizen:22677466456199014-BOOTS,P15,test,GOLD_EXISTING_LEXICAL_OR_SENTENCE,14,14,1,0.9931628704071045,B02,0
asl_citizen:5026615446569762-BOOTS,asl_citizen:5026615446569762-BOOTS,P47,test,GOLD_EXISTING_LEXICAL_OR_SENTENCE,14,14,1,0.9820724129676819,B02,0
asl_citizen:13674032513972945-BOOTS,asl_citizen:13674032513972945-BOOTS,P35,test,GOLD_EXISTING_LEXICAL_OR_SENTENCE,14,14,1,0.9800400733947754,B02,0
asl_citizen:14162532662557892-BOOTS,asl_citizen:14162532662557892-BOOTS,P6,test,GOLD_EXISTING_LEXICAL_OR_SENTENCE,14,14,1,0.9752520322799683,B02,0
asl_citizen:7125113979541049-BOOTS,asl_citizen:7125113979541049-BOOTS,P17,test,GOLD_EXISTING_LEXICAL_OR_SENTENCE,14,14,1,0.9800642132759094,B02,0
asl_citizen:8721584672154532-BOOTS,asl_citizen:8721584672154532-BOOTS,P17,test,GOLD_EXISTING_LEXICAL_OR_SENTENCE,14,14,1,0.9906575679779053,B02,0
asl_citizen:5579135289958872-BOOTS,asl_citizen:5579135289958872-BOOTS,P42,test,GOLD_EXISTING_LEXICAL_OR_SENTENCE,14,14,1,0.9543197751045227,B02,0
asl_citizen:8746981102018425-BOOTS,asl_citizen:8746981102018425-BOOTS,P49,test,GOLD_EXISTING_LEXICAL_OR_SENTENCE,14,14,1,0.9528238773345947,B02,0
asl_citizen:6359605839912268-BUBBLES,asl_citizen:6359605839912268-BUBBLES,P22,test,GOLD_EXISTING_LEXICAL_OR_SENTENCE,15,15,1,0.9712149500846863,B02,0
asl_citizen:191722109193168-BUBBLES,asl_citizen:191722109193168-BUBBLES,P17,test,GOLD_EXISTING_LEXICAL_OR_SENTENCE,15,15,1,0.9787755012512207,B02,0
asl_citizen:9298123349761758-BUBBLES,asl_citizen:9298123349761758-BUBBLES,P47,test,GOLD_EXISTING_LEXICAL_OR_SENTENCE,15,15,1,0.945342481136322,B02,0
asl_citizen:8152528515041348-BUBBLES,asl_citizen:8152528515041348-BUBBLES,P9,test,GOLD_EXISTING_LEXICAL_OR_SENTENCE,15,110,0,0.46211978793144226,B02,0
asl_citizen:4477753410256695-BUBBLES,asl_citizen:4477753410256695-BUBBLES,P15,test,GOLD_EXISTING_LEXICAL_OR_SENTENCE,15,76,0,0.7298949956893921,B02,0
asl_citizen:8958372029817201-BUBBLES,asl_citizen:8958372029817201-BUBBLES,P35,test,GOLD_EXISTING_LEXICAL_OR_SENTENCE,15,15,1,0.784950315952301,B02,0
asl_citizen:25284167549462677-BUBBLES,asl_citizen:25284167549462677-BUBBLES,P6,test,GOLD_EXISTING_LEXICAL_OR_SENTENCE,15,15,1,0.9487147331237793,B02,0
asl_citizen:3549418566401099-BUBBLES,asl_citizen:3549418566401099-BUBBLES,P18,test,GOLD_EXISTING_LEXICAL_OR_SENTENCE,15,15,1,0.9350188970565796,B02,0
asl_citizen:820084302221151-BULL,asl_citizen:820084302221151-BULL,P48,test,GOLD_EXISTING_LEXICAL_OR_SENTENCE,16,16,1,0.9769168496131897,B02,0
asl_citizen:049246275493112224-BULL,asl_citizen:049246275493112224-BULL,P6,test,GOLD_EXISTING_LEXICAL_OR_SENTENCE,16,16,1,0.9873873591423035,B02,0
asl_citizen:26332991609482725-BULL,asl_citizen:26332991609482725-BULL,P18,test,GOLD_EXISTING_LEXICAL_OR_SENTENCE,16,143,0,0.5294585227966309,B02,0
asl_citizen:23899693527664345-BULL,asl_citizen:23899693527664345-BULL,P17,test,GOLD_EXISTING_LEXICAL_OR_SENTENCE,16,16,1,0.9932059049606323,B02,0
asl_citizen:08065373633074802-BULL,asl_citizen:08065373633074802-BULL,P49,test,GOLD_EXISTING_LEXICAL_OR_SENTENCE,16,16,1,0.835200309753418,B02,0
asl_citizen:6502992831454479-BULL,asl_citizen:6502992831454479-BULL,P9,test,GOLD_EXISTING_LEXICAL_OR_SENTENCE,16,16,1,0.9819279909133911,B02,0
asl_citizen:17011086869772996-BULL,asl_citizen:17011086869772996-BULL,P47,test,GOLD_EXISTING_LEXICAL_OR_SENTENCE,16,16,1,0.9821403622627258,B02,0
asl_citizen:7843795518321164-BULL,asl_citizen:7843795518321164-BULL,P22,test,GOLD_EXISTING_LEXICAL_OR_SENTENCE,16,16,1,0.9951000809669495,B02,0
asl_citizen:10079985187781215-BUN,asl_citizen:10079985187781215-BUN,P48,test,GOLD_EXISTING_LEXICAL_OR_SENTENCE,17,173,0,0.7026422023773193,B02,0
asl_citizen:7141846353753423-BUN,asl_citizen:7141846353753423-BUN,P47,test,GOLD_EXISTING_LEXICAL_OR_SENTENCE,17,17,1,0.9976043105125427,B02,0
asl_citizen:31657641095611466-BUN,asl_citizen:31657641095611466-BUN,P42,test,GOLD_EXISTING_LEXICAL_OR_SENTENCE,17,17,1,0.9986024498939514,B02,0
asl_citizen:058398931617168914-BUN,asl_citizen:058398931617168914-BUN,P17,test,GOLD_EXISTING_LEXICAL_OR_SENTENCE,17,173,0,0.48487403988838196,B02,0
asl_citizen:63133167165681-BUN,asl_citizen:63133167165681-BUN,P9,test,GOLD_EXISTING_LEXICAL_OR_SENTENCE,17,17,1,0.9946056008338928,B02,0
asl_citizen:1614966703172378-BUN,asl_citizen:1614966703172378-BUN,P18,test,GOLD_EXISTING_LEXICAL_OR_SENTENCE,17,17,1,0.9994274377822876,B02,0
asl_citizen:21042629354295284-BUN,asl_citizen:21042629354295284-BUN,P6,test,GOLD_EXISTING_LEXICAL_OR_SENTENCE,17,122,0,0.44210004806518555,B02,0
asl_citizen:7380062868964739-BUN,asl_citizen:7380062868964739-BUN,P15,test,GOLD_EXISTING_LEXICAL_OR_SENTENCE,17,17,1,0.9219850301742554,B02,0
asl_citizen:30913421926998064-CAKE,asl_citizen:30913421926998064-CAKE,P48,test,GOLD_EXISTING_LEXICAL_OR_SENTENCE,18,18,1,0.9262389540672302,B02,0
asl_citizen:6233032187329319-CAKE,asl_citizen:6233032187329319-CAKE,P9,test,GOLD_EXISTING_LEXICAL_OR_SENTENCE,18,18,1,0.8056297898292542,B02,0
asl_citizen:9928980956844513-CAKE,asl_citizen:9928980956844513-CAKE,P17,test,GOLD_EXISTING_LEXICAL_OR_SENTENCE,18,18,1,0.5322434902191162,B02,0
asl_citizen:5271006014534543-CAKE,asl_citizen:5271006014534543-CAKE,P22,test,GOLD_EXISTING_LEXICAL_OR_SENTENCE,18,18,1,0.8653894662857056,B02,0
asl_citizen:9315782717362171-CAKE,asl_citizen:9315782717362171-CAKE,P15,test,GOLD_EXISTING_LEXICAL_OR_SENTENCE,18,18,1,0.883551836013794,B02,0
asl_citizen:5109724328307228-CAKE,asl_citizen:5109724328307228-CAKE,P35,test,GOLD_EXISTING_LEXICAL_OR_SENTENCE,18,18,1,0.9908649325370789,B02,0
asl_citizen:6765137668516614-CAKE,asl_citizen:6765137668516614-CAKE,P18,test,GOLD_EXISTING_LEXICAL_OR_SENTENCE,18,18,1,0.5114796161651611,B02,0
asl_citizen:11618946787608664-CAKE,asl_citizen:11618946787608664-CAKE,P47,test,GOLD_EXISTING_LEXICAL_OR_SENTENCE,18,35,0,0.4663236141204834,B02,0
asl_citizen:8326083675883345-CAPE,asl_citizen:8326083675883345-CAPE,P35,test,GOLD_EXISTING_LEXICAL_OR_SENTENCE,19,19,1,0.9725443124771118,B02,0
asl_citizen:5584968787559905-CAPE,asl_citizen:5584968787559905-CAPE,P47,test,GOLD_EXISTING_LEXICAL_OR_SENTENCE,19,19,1,0.9657310247421265,B02,0
asl_citizen:8614129742651941-CAPE,asl_citizen:8614129742651941-CAPE,P18,test,GOLD_EXISTING_LEXICAL_OR_SENTENCE,19,19,1,0.9880209565162659,B02,0
asl_citizen:1522839054008891-CAPE,asl_citizen:1522839054008891-CAPE,P22,test,GOLD_EXISTING_LEXICAL_OR_SENTENCE,19,19,1,0.999428927898407,B02,0
asl_citizen:4322211934472928-CAPE,asl_citizen:4322211934472928-CAPE,P48,test,GOLD_EXISTING_LEXICAL_OR_SENTENCE,19,19,1,0.8113840818405151,B02,0
asl_citizen:7492155827826377-CAPE,asl_citizen:7492155827826377-CAPE,P9,test,GOLD_EXISTING_LEXICAL_OR_SENTENCE,19,19,1,0.8882603049278259,B02,0
asl_citizen:9050983696160242-CAPE,asl_citizen:9050983696160242-CAPE,P6,test,GOLD_EXISTING_LEXICAL_OR_SENTENCE,19,19,1,0.9908419847488403,B02,0
asl_citizen:14326985061875686-CAPE,asl_citizen:14326985061875686-CAPE,P42,test,GOLD_EXISTING_LEXICAL_OR_SENTENCE,19,19,1,0.9457747936248779,B02,0
asl_citizen:7904901627638738-CARROT 2,asl_citizen:7904901627638738-CARROT 2,P47,test,GOLD_EXISTING_LEXICAL_OR_SENTENCE,20,20,1,0.5940661430358887,B02,0
asl_citizen:08534086019845089-CARROT 2,asl_citizen:08534086019845089-CARROT 2,P22,test,GOLD_EXISTING_LEXICAL_OR_SENTENCE,20,179,0,0.8964835405349731,B02,0
asl_citizen:6098674383569929-CARROT 2,asl_citizen:6098674383569929-CARROT 2,P9,test,GOLD_EXISTING_LEXICAL_OR_SENTENCE,20,20,1,0.5205606818199158,B02,0
asl_citizen:413362145586478-CARROT 2,asl_citizen:413362145586478-CARROT 2,P48,test,GOLD_EXISTING_LEXICAL_OR_SENTENCE,20,20,1,0.5464399456977844,B02,0
asl_citizen:44493173697993127-CARROT 2,asl_citizen:44493173697993127-CARROT 2,P42,test,GOLD_EXISTING_LEXICAL_OR_SENTENCE,20,20,1,0.47356826066970825,B02,0
asl_citizen:012139717157638064-CARROT 2,asl_citizen:012139717157638064-CARROT 2,P18,test,GOLD_EXISTING_LEXICAL_OR_SENTENCE,20,20,1,0.610501229763031,B02,0
asl_citizen:05649193343091641-CARROT 2,asl_citizen:05649193343091641-CARROT 2,P15,test,GOLD_EXISTING_LEXICAL_OR_SENTENCE,20,20,1,0.9781635403633118,B02,0
asl_citizen:7760637104521355-CARROT 2,asl_citizen:7760637104521355-CARROT 2,P17,test,GOLD_EXISTING_LEXICAL_OR_SENTENCE,20,20,1,0.8348974585533142,B02,0
asl_citizen:3609986388063575-CAUSE,asl_citizen:3609986388063575-CAUSE,P35,test,GOLD_EXISTING_LEXICAL_OR_SENTENCE,21,21,1,0.8825199604034424,B02,0
asl_citizen:45036742781960815-CAUSE,asl_citizen:45036742781960815-CAUSE,P9,test,GOLD_EXISTING_LEXICAL_OR_SENTENCE,21,21,1,0.9110739827156067,B02,0
asl_citizen:041791626910966384-CAUSE,asl_citizen:041791626910966384-CAUSE,P17,test,GOLD_EXISTING_LEXICAL_OR_SENTENCE,21,172,0,0.6403971910476685,B02,0
asl_citizen:24377942882474857-CAUSE,asl_citizen:24377942882474857-CAUSE,P15,test,GOLD_EXISTING_LEXICAL_OR_SENTENCE,21,21,1,0.8794912099838257,B02,0
asl_citizen:9781132259160135-CAUSE,asl_citizen:9781132259160135-CAUSE,P18,test,GOLD_EXISTING_LEXICAL_OR_SENTENCE,21,21,1,0.9686341285705566,B02,0
asl_citizen:6281144612368519-CAUSE,asl_citizen:6281144612368519-CAUSE,P22,test,GOLD_EXISTING_LEXICAL_OR_SENTENCE,21,21,1,0.9055020213127136,B02,0
asl_citizen:5758854895959542-CAUSE,asl_citizen:5758854895959542-CAUSE,P42,test,GOLD_EXISTING_LEXICAL_OR_SENTENCE,21,21,1,0.8421888947486877,B02,0
asl_citizen:5578433871272797-CAUSE,asl_citizen:5578433871272797-CAUSE,P48,test,GOLD_EXISTING_LEXICAL_OR_SENTENCE,21,21,1,0.8068751692771912,B02,0
asl_citizen:27209873325437006-CEREAL,asl_citizen:27209873325437006-CEREAL,P35,test,GOLD_EXISTING_LEXICAL_OR_SENTENCE,22,22,1,0.9963890314102173,B02,0
asl_citizen:4249025771898469-CEREAL,asl_citizen:4249025771898469-CEREAL,P49,test,GOLD_EXISTING_LEXICAL_OR_SENTENCE,22,22,1,0.4773194193840027,B02,0
asl_citizen:17525686363330384-CEREAL,asl_citizen:17525686363330384-CEREAL,P42,test,GOLD_EXISTING_LEXICAL_OR_SENTENCE,22,22,1,0.6446889042854309,B02,0
asl_citizen:3011734609522634-CEREAL,asl_citizen:3011734609522634-CEREAL,P48,test,GOLD_EXISTING_LEXICAL_OR_SENTENCE,22,22,1,0.6185836791992188,B02,0
asl_citizen:263137447131514-CEREAL,asl_citizen:263137447131514-CEREAL,P18,test,GOLD_EXISTING_LEXICAL_OR_SENTENCE,22,24,0,0.546469509601593,B02,0
asl_citizen:08365513789167056-CEREAL,asl_citizen:08365513789167056-CEREAL,P15,test,GOLD_EXISTING_LEXICAL_OR_SENTENCE,22,4,0,0.4074585735797882,B02,0
asl_citizen:35176136543803715-CEREAL,asl_citizen:35176136543803715-CEREAL,P17,test,GOLD_EXISTING_LEXICAL_OR_SENTENCE,22,22,1,0.6690175533294678,B02,0
asl_citizen:25617566016520144-CEREAL,asl_citizen:25617566016520144-CEREAL,P22,test,GOLD_EXISTING_LEXICAL_OR_SENTENCE,22,49,0,0.3980890214443207,B02,0
asl_citizen:24402194664298138-CERTIFICATE,asl_citizen:24402194664298138-CERTIFICATE,P35,test,GOLD_EXISTING_LEXICAL_OR_SENTENCE,23,23,1,0.9979571104049683,B02,0
asl_citizen:8130283725011924-CERTIFICATE,asl_citizen:8130283725011924-CERTIFICATE,P35,test,GOLD_EXISTING_LEXICAL_OR_SENTENCE,23,23,1,0.9993434548377991,B02,0
asl_citizen:43612684917597-CERTIFICATE,asl_citizen:43612684917597-CERTIFICATE,P15,test,GOLD_EXISTING_LEXICAL_OR_SENTENCE,23,177,0,0.32828959822654724,B02,0
asl_citizen:5270656415335608-CERTIFICATE,asl_citizen:5270656415335608-CERTIFICATE,P47,test,GOLD_EXISTING_LEXICAL_OR_SENTENCE,23,23,1,0.803576648235321,B02,0
asl_citizen:4655100403774468-CERTIFICATE,asl_citizen:4655100403774468-CERTIFICATE,P17,test,GOLD_EXISTING_LEXICAL_OR_SENTENCE,23,23,1,0.9984437823295593,B02,0
asl_citizen:003308486619603368-CERTIFICATE,asl_citizen:003308486619603368-CERTIFICATE,P22,test,GOLD_EXISTING_LEXICAL_OR_SENTENCE,23,23,1,0.9942810535430908,B02,0
asl_citizen:19544164515033535-CERTIFICATE,asl_citizen:19544164515033535-CERTIFICATE,P48,test,GOLD_EXISTING_LEXICAL_OR_SENTENCE,23,23,1,0.9653491377830505,B02,0
asl_citizen:24476780704972878-CERTIFICATE,asl_citizen:24476780704972878-CERTIFICATE,P49,test,GOLD_EXISTING_LEXICAL_OR_SENTENCE,23,23,1,0.5512856841087341,B02,0
asl_citizen:5274212110709813-CHEEK,asl_citizen:5274212110709813-CHEEK,P17,test,GOLD_EXISTING_LEXICAL_OR_SENTENCE,24,184,0,0.4401913285255432,B02,0
asl_citizen:1276420379859602-CHEEK,asl_citizen:1276420379859602-CHEEK,P18,test,GOLD_EXISTING_LEXICAL_OR_SENTENCE,24,24,1,0.5045182704925537,B02,0
asl_citizen:6417613431345404-CHEEK,asl_citizen:6417613431345404-CHEEK,P48,test,GOLD_EXISTING_LEXICAL_OR_SENTENCE,24,24,1,0.797927737236023,B02,0
asl_citizen:871492835507548-CHEEK,asl_citizen:871492835507548-CHEEK,P49,test,GOLD_EXISTING_LEXICAL_OR_SENTENCE,24,24,1,0.8819252848625183,B02,0
asl_citizen:4387438322401891-CHEEK,asl_citizen:4387438322401891-CHEEK,P47,test,GOLD_EXISTING_LEXICAL_OR_SENTENCE,24,24,1,0.8610363602638245,B02,0
asl_citizen:9654296103105799-CHEEK,asl_citizen:9654296103105799-CHEEK,P35,test,GOLD_EXISTING_LEXICAL_OR_SENTENCE,24,24,1,0.9634634256362915,B02,0
asl_citizen:028495375833406555-CHEEK,asl_citizen:028495375833406555-CHEEK,P15,test,GOLD_EXISTING_LEXICAL_OR_SENTENCE,24,24,1,0.6944546699523926,B02,0
asl_citizen:5240585169048262-CHEEK,asl_citizen:5240585169048262-CHEEK,P9,test,GOLD_EXISTING_LEXICAL_OR_SENTENCE,24,24,1,0.31663987040519714,B02,0
asl_citizen:7902958071330217-CHEESE GRATER,asl_citizen:7902958071330217-CHEESE GRATER,P17,test,GOLD_EXISTING_LEXICAL_OR_SENTENCE,25,151,0,0.9599804878234863,B02,0
asl_citizen:2820444224020271-CHEESE GRATER,asl_citizen:2820444224020271-CHEESE GRATER,P49,test,GOLD_EXISTING_LEXICAL_OR_SENTENCE,25,25,1,0.9869983792304993,B02,0
asl_citizen:35781885230783694-CHEESE GRATER,asl_citizen:35781885230783694-CHEESE GRATER,P9,test,GOLD_EXISTING_LEXICAL_OR_SENTENCE,25,199,0,0.7888537049293518,B02,0
asl_citizen:04125584598262866-CHEESE GRATER,asl_citizen:04125584598262866-CHEESE GRATER,P47,test,GOLD_EXISTING_LEXICAL_OR_SENTENCE,25,25,1,0.8703926801681519,B02,0
asl_citizen:910107238080224-CHEESE GRATER,asl_citizen:910107238080224-CHEESE GRATER,P22,test,GOLD_EXISTING_LEXICAL_OR_SENTENCE,25,25,1,0.6921064853668213,B02,0
asl_citizen:6130841323450544-CHEESE GRATER,asl_citizen:6130841323450544-CHEESE GRATER,P48,test,GOLD_EXISTING_LEXICAL_OR_SENTENCE,25,87,0,0.47176456451416016,B02,0
asl_citizen:2631942203458184-CHEESE GRATER,asl_citizen:2631942203458184-CHEESE GRATER,P18,test,GOLD_EXISTING_LEXICAL_OR_SENTENCE,25,25,1,0.9988447427749634,B02,0
asl_citizen:23887793850909178-CHEESE GRATER,asl_citizen:23887793850909178-CHEESE GRATER,P42,test,GOLD_EXISTING_LEXICAL_OR_SENTENCE,25,25,1,0.9678899049758911,B02,0
asl_citizen:016520259998072273-CHEW 1,asl_citizen:016520259998072273-CHEW 1,P18,test,GOLD_EXISTING_LEXICAL_OR_SENTENCE,26,26,1,0.9757869243621826,B02,0
asl_citizen:40707551490420535-CHEW 1,asl_citizen:40707551490420535-CHEW 1,P42,test,GOLD_EXISTING_LEXICAL_OR_SENTENCE,26,26,1,0.9738546013832092,B02,0
asl_citizen:9384132099938827-CHEW 1,asl_citizen:9384132099938827-CHEW 1,P49,test,GOLD_EXISTING_LEXICAL_OR_SENTENCE,26,26,1,0.7940090298652649,B02,0
asl_citizen:44092597435079806-CHEW 1,asl_citizen:44092597435079806-CHEW 1,P22,test,GOLD_EXISTING_LEXICAL_OR_SENTENCE,26,189,0,0.22992277145385742,B02,0
asl_citizen:8590654228637811-CHEW 1,asl_citizen:8590654228637811-CHEW 1,P6,test,GOLD_EXISTING_LEXICAL_OR_SENTENCE,26,132,0,0.5825865864753723,B02,0
asl_citizen:2906103734534655-CHEW 1,asl_citizen:2906103734534655-CHEW 1,P17,test,GOLD_EXISTING_LEXICAL_OR_SENTENCE,26,26,1,0.7393403053283691,B02,0
asl_citizen:24341288821381601-CHEW 1,asl_citizen:24341288821381601-CHEW 1,P47,test,GOLD_EXISTING_LEXICAL_OR_SENTENCE,26,26,1,0.700537919998169,B02,0
asl_citizen:42954035938307666-CHEW 1,asl_citizen:42954035938307666-CHEW 1,P35,test,GOLD_EXISTING_LEXICAL_OR_SENTENCE,26,26,1,0.9954380393028259,B02,0
asl_citizen:8179782143151055-CHURN,asl_citizen:8179782143151055-CHURN,P18,test,GOLD_EXISTING_LEXICAL_OR_SENTENCE,27,27,1,0.9565415382385254,B02,0
asl_citizen:8120566066273938-CHURN,asl_citizen:8120566066273938-CHURN,P47,test,GOLD_EXISTING_LEXICAL_OR_SENTENCE,27,188,0,0.9247692823410034,B02,0
asl_citizen:22536400773023613-CHURN,asl_citizen:22536400773023613-CHURN,P42,test,GOLD_EXISTING_LEXICAL_OR_SENTENCE,27,27,1,0.7880532741546631,B02,0
asl_citizen:9803817792251945-CHURN,asl_citizen:9803817792251945-CHURN,P22,test,GOLD_EXISTING_LEXICAL_OR_SENTENCE,27,27,1,0.5580031275749207,B02,0
asl_citizen:1561063158166085-CHURN,asl_citizen:1561063158166085-CHURN,P35,test,GOLD_EXISTING_LEXICAL_OR_SENTENCE,27,27,1,0.9304744005203247,B02,0
asl_citizen:8304274678676038-CHURN,asl_citizen:8304274678676038-CHURN,P49,test,GOLD_EXISTING_LEXICAL_OR_SENTENCE,27,27,1,0.7593525648117065,B02,0
asl_citizen:8921137456348354-CHURN,asl_citizen:8921137456348354-CHURN,P48,test,GOLD_EXISTING_LEXICAL_OR_SENTENCE,27,188,0,0.6169623732566833,B02,0
asl_citizen:8509655945525334-CHURN,asl_citizen:8509655945525334-CHURN,P15,test,GOLD_EXISTING_LEXICAL_OR_SENTENCE,27,27,1,0.888192892074585,B02,0
asl_citizen:517945828072724-CIRCUSWHEEL,asl_citizen:517945828072724-CIRCUSWHEEL,P15,test,GOLD_EXISTING_LEXICAL_OR_SENTENCE,28,28,1,0.8894208073616028,B02,0
asl_citizen:23200266231570033-CIRCUSWHEEL,asl_citizen:23200266231570033-CIRCUSWHEEL,P35,test,GOLD_EXISTING_LEXICAL_OR_SENTENCE,28,28,1,0.6772677302360535,B02,0
asl_citizen:6542981676540034-CIRCUSWHEEL,asl_citizen:6542981676540034-CIRCUSWHEEL,P47,test,GOLD_EXISTING_LEXICAL_OR_SENTENCE,28,28,1,0.8815593123435974,B02,0
asl_citizen:5982656946251841-CIRCUSWHEEL,asl_citizen:5982656946251841-CIRCUSWHEEL,P48,test,GOLD_EXISTING_LEXICAL_OR_SENTENCE,28,28,1,0.5240435600280762,B02,0
asl_citizen:7771489268934204-CIRCUSWHEEL,asl_citizen:7771489268934204-CIRCUSWHEEL,P49,test,GOLD_EXISTING_LEXICAL_OR_SENTENCE,28,28,1,0.9354220628738403,B02,0
asl_citizen:4888565597437038-CIRCUSWHEEL,asl_citizen:4888565597437038-CIRCUSWHEEL,P15,test,GOLD_EXISTING_LEXICAL_OR_SENTENCE,28,28,1,0.9851992130279541,B02,0
asl_citizen:33880288807202885-CIRCUSWHEEL,asl_citizen:33880288807202885-CIRCUSWHEEL,P9,test,GOLD_EXISTING_LEXICAL_OR_SENTENCE,28,28,1,0.9953189492225647,B02,0
asl_citizen:905060739104464-CIRCUSWHEEL,asl_citizen:905060739104464-CIRCUSWHEEL,P22,test,GOLD_EXISTING_LEXICAL_OR_SENTENCE,28,28,1,0.8546372056007385,B02,0
asl_citizen:695427596361849-CLAUSE,asl_citizen:695427596361849-CLAUSE,P22,test,GOLD_EXISTING_LEXICAL_OR_SENTENCE,29,29,1,0.9992245435714722,B02,0
asl_citizen:13534997307596663-CLAUSE,asl_citizen:13534997307596663-CLAUSE,P47,test,GOLD_EXISTING_LEXICAL_OR_SENTENCE,29,29,1,0.9955018162727356,B02,0
asl_citizen:30308179649612454-CLAUSE,asl_citizen:30308179649612454-CLAUSE,P17,test,GOLD_EXISTING_LEXICAL_OR_SENTENCE,29,29,1,0.9979689717292786,B02,0
asl_citizen:9555906568597852-CLAUSE,asl_citizen:9555906568597852-CLAUSE,P15,test,GOLD_EXISTING_LEXICAL_OR_SENTENCE,29,29,1,0.9848023056983948,B02,0
asl_citizen:2829337445416813-CLAUSE,asl_citizen:2829337445416813-CLAUSE,P6,test,GOLD_EXISTING_LEXICAL_OR_SENTENCE,29,29,1,0.8764482736587524,B02,0
asl_citizen:1767124542091516-CLAUSE,asl_citizen:1767124542091516-CLAUSE,P49,test,GOLD_EXISTING_LEXICAL_OR_SENTENCE,29,29,1,0.9992758631706238,B02,0
asl_citizen:6920193169990707-CLAUSE,asl_citizen:6920193169990707-CLAUSE,P6,test,GOLD_EXISTING_LEXICAL_OR_SENTENCE,29,29,1,0.9761886596679688,B02,0
asl_citizen:9437580287721425-CLAUSE,asl_citizen:9437580287721425-CLAUSE,P48,test,GOLD_EXISTING_LEXICAL_OR_SENTENCE,29,29,1,0.9723882675170898,B02,0
asl_citizen:35522148352517346-CLOUD 4,asl_citizen:35522148352517346-CLOUD 4,P15,test,GOLD_EXISTING_LEXICAL_OR_SENTENCE,30,30,1,0.9330334663391113,B02,0
asl_citizen:841856614542758-CLOUD 4,asl_citizen:841856614542758-CLOUD 4,P49,test,GOLD_EXISTING_LEXICAL_OR_SENTENCE,30,30,1,0.9304947853088379,B02,0
asl_citizen:04191446918346475-CLOUD 4,asl_citizen:04191446918346475-CLOUD 4,P22,test,GOLD_EXISTING_LEXICAL_OR_SENTENCE,30,30,1,0.9988237023353577,B02,0
asl_citizen:3764304277142856-CLOUD 4,asl_citizen:3764304277142856-CLOUD 4,P18,test,GOLD_EXISTING_LEXICAL_OR_SENTENCE,30,30,1,0.9833084344863892,B02,0
asl_citizen:17285969818214442-CLOUD 4,asl_citizen:17285969818214442-CLOUD 4,P9,test,GOLD_EXISTING_LEXICAL_OR_SENTENCE,30,30,1,0.8713428974151611,B02,0
asl_citizen:1046401228542222-CLOUD 4,asl_citizen:1046401228542222-CLOUD 4,P6,test,GOLD_EXISTING_LEXICAL_OR_SENTENCE,30,30,1,0.7362549304962158,B02,0
asl_citizen:28820089218315137-CLOUD 4,asl_citizen:28820089218315137-CLOUD 4,P15,test,GOLD_EXISTING_LEXICAL_OR_SENTENCE,30,30,1,0.9805811643600464,B02,0
asl_citizen:10972365731203082-CLOUD 4,asl_citizen:10972365731203082-CLOUD 4,P17,test,GOLD_EXISTING_LEXICAL_OR_SENTENCE,30,30,1,0.9458930492401123,B02,0
asl_citizen:8546055141402078-COINS,asl_citizen:8546055141402078-COINS,P42,test,GOLD_EXISTING_LEXICAL_OR_SENTENCE,31,31,1,0.8161467909812927,B02,0
asl_citizen:1717721401808805-COINS,asl_citizen:1717721401808805-COINS,P49,test,GOLD_EXISTING_LEXICAL_OR_SENTENCE,31,31,1,0.9772473573684692,B02,0
asl_citizen:3397704842602376-COINS,asl_citizen:3397704842602376-COINS,P48,test,GOLD_EXISTING_LEXICAL_OR_SENTENCE,31,86,0,0.14836764335632324,B02,0
asl_citizen:10188876196683094-COINS,asl_citizen:10188876196683094-COINS,P9,test,GOLD_EXISTING_LEXICAL_OR_SENTENCE,31,57,0,0.34151124954223633,B02,0
asl_citizen:347217905865262-COINS,asl_citizen:347217905865262-COINS,P49,test,GOLD_EXISTING_LEXICAL_OR_SENTENCE,31,31,1,0.9709477424621582,B02,0
asl_citizen:7809728710828288-COINS,asl_citizen:7809728710828288-COINS,P15,test,GOLD_EXISTING_LEXICAL_OR_SENTENCE,31,31,1,0.9750480055809021,B02,0
asl_citizen:7316629916824233-COINS,asl_citizen:7316629916824233-COINS,P6,test,GOLD_EXISTING_LEXICAL_OR_SENTENCE,31,31,1,0.2978435754776001,B02,0
asl_citizen:7070564983067709-COINS,asl_citizen:7070564983067709-COINS,P35,test,GOLD_EXISTING_LEXICAL_OR_SENTENCE,31,31,1,0.9684945940971375,B02,0
asl_citizen:43465593353899346-COME HERE,asl_citizen:43465593353899346-COME HERE,P6,test,GOLD_EXISTING_LEXICAL_OR_SENTENCE,32,53,0,0.5372883081436157,B02,0
asl_citizen:6762488178921731-COME HERE,asl_citizen:6762488178921731-COME HERE,P6,test,GOLD_EXISTING_LEXICAL_OR_SENTENCE,32,53,0,0.9739407300949097,B02,0
asl_citizen:6742546281006112-COME HERE,asl_citizen:6742546281006112-COME HERE,P48,test,GOLD_EXISTING_LEXICAL_OR_SENTENCE,32,53,0,0.6121901273727417,B02,0
asl_citizen:7586512560063088-COME HERE,asl_citizen:7586512560063088-COME HERE,P42,test,GOLD_EXISTING_LEXICAL_OR_SENTENCE,32,32,1,0.9261080622673035,B02,0
asl_citizen:8399316048555681-COME HERE,asl_citizen:8399316048555681-COME HERE,P49,test,GOLD_EXISTING_LEXICAL_OR_SENTENCE,32,53,0,0.5264449715614319,B02,0
asl_citizen:5896522962536301-COME HERE,asl_citizen:5896522962536301-COME HERE,P22,test,GOLD_EXISTING_LEXICAL_OR_SENTENCE,32,123,0,0.9310867190361023,B02,0
asl_citizen:36676421453236063-COME HERE,asl_citizen:36676421453236063-COME HERE,P18,test,GOLD_EXISTING_LEXICAL_OR_SENTENCE,32,32,1,0.8566484451293945,B02,0
asl_citizen:2986413960093939-COME HERE,asl_citizen:2986413960093939-COME HERE,P9,test,GOLD_EXISTING_LEXICAL_OR_SENTENCE,32,53,0,0.4491903781890869,B02,0
asl_citizen:9529780784044839-COMFORTABLE,asl_citizen:9529780784044839-COMFORTABLE,P15,test,GOLD_EXISTING_LEXICAL_OR_SENTENCE,33,33,1,0.6263149380683899,B02,0
asl_citizen:7888264321260077-COMFORTABLE,asl_citizen:7888264321260077-COMFORTABLE,P42,test,GOLD_EXISTING_LEXICAL_OR_SENTENCE,33,33,1,0.9963763356208801,B02,0
asl_citizen:05311656717579627-COMFORTABLE,asl_citizen:05311656717579627-COMFORTABLE,P9,test,GOLD_EXISTING_LEXICAL_OR_SENTENCE,33,33,1,0.36173373460769653,B02,0
asl_citizen:6338334832078081-COMFORTABLE,asl_citizen:6338334832078081-COMFORTABLE,P17,test,GOLD_EXISTING_LEXICAL_OR_SENTENCE,33,33,1,0.6476477384567261,B02,0
asl_citizen:21551632716516034-COMFORTABLE,asl_citizen:21551632716516034-COMFORTABLE,P22,test,GOLD_EXISTING_LEXICAL_OR_SENTENCE,33,33,1,0.8641533851623535,B02,0
asl_citizen:9443362606305203-COMFORTABLE,asl_citizen:9443362606305203-COMFORTABLE,P6,test,GOLD_EXISTING_LEXICAL_OR_SENTENCE,33,33,1,0.8963949084281921,B02,0
asl_citizen:9627037454056087-COMFORTABLE,asl_citizen:9627037454056087-COMFORTABLE,P47,test,GOLD_EXISTING_LEXICAL_OR_SENTENCE,33,33,1,0.5961031317710876,B02,0
asl_citizen:3422942530472397-COMFORTABLE,asl_citizen:3422942530472397-COMFORTABLE,P49,test,GOLD_EXISTING_LEXICAL_OR_SENTENCE,33,33,1,0.8614541292190552,B02,0
asl_citizen:7454997844279365-CONVINCE,asl_citizen:7454997844279365-CONVINCE,P49,test,GOLD_EXISTING_LEXICAL_OR_SENTENCE,34,34,1,0.9982126951217651,B02,0
asl_citizen:025213524562938794-CONVINCE,asl_citizen:025213524562938794-CONVINCE,P18,test,GOLD_EXISTING_LEXICAL_OR_SENTENCE,34,34,1,0.9745109677314758,B02,0
asl_citizen:7697607890624658-CONVINCE,asl_citizen:7697607890624658-CONVINCE,P17,test,GOLD_EXISTING_LEXICAL_OR_SENTENCE,34,82,0,0.804510235786438,B02,0
asl_citizen:8984605495912987-CONVINCE,asl_citizen:8984605495912987-CONVINCE,P15,test,GOLD_EXISTING_LEXICAL_OR_SENTENCE,34,34,1,0.9558236002922058,B02,0
asl_citizen:8410058823000932-CONVINCE,asl_citizen:8410058823000932-CONVINCE,P18,test,GOLD_EXISTING_LEXICAL_OR_SENTENCE,34,34,1,0.997090220451355,B02,0
asl_citizen:47532772286976366-CONVINCE,asl_citizen:47532772286976366-CONVINCE,P6,test,GOLD_EXISTING_LEXICAL_OR_SENTENCE,34,93,0,0.8193275928497314,B02,0
asl_citizen:9435214601469297-CONVINCE,asl_citizen:9435214601469297-CONVINCE,P47,test,GOLD_EXISTING_LEXICAL_OR_SENTENCE,34,34,1,0.9180306792259216,B02,0
asl_citizen:9547739378800184-CONVINCE,asl_citizen:9547739378800184-CONVINCE,P9,test,GOLD_EXISTING_LEXICAL_OR_SENTENCE,34,93,0,0.37992289662361145,B02,0
asl_citizen:05791738577676808-COOKIE,asl_citizen:05791738577676808-COOKIE,P35,test,GOLD_EXISTING_LEXICAL_OR_SENTENCE,35,18,0,0.9845433831214905,B02,0
asl_citizen:5696598052261024-COOKIE,asl_citizen:5696598052261024-COOKIE,P49,test,GOLD_EXISTING_LEXICAL_OR_SENTENCE,35,35,1,0.6370356678962708,B02,0
asl_citizen:4211909682375219-COOKIE,asl_citizen:4211909682375219-COOKIE,P6,test,GOLD_EXISTING_LEXICAL_OR_SENTENCE,35,170,0,0.16931502521038055,B02,0
asl_citizen:6727106667328284-COOKIE,asl_citizen:6727106667328284-COOKIE,P9,test,GOLD_EXISTING_LEXICAL_OR_SENTENCE,35,18,0,0.2562620937824249,B02,0
asl_citizen:9945760945131519-COOKIE,asl_citizen:9945760945131519-COOKIE,P17,test,GOLD_EXISTING_LEXICAL_OR_SENTENCE,35,8,0,0.8777743577957153,B02,0
asl_citizen:4423494271155266-COOKIE,asl_citizen:4423494271155266-COOKIE,P47,test,GOLD_EXISTING_LEXICAL_OR_SENTENCE,35,18,0,0.5380263328552246,B02,0
asl_citizen:8616693559712005-COOKIE,asl_citizen:8616693559712005-COOKIE,P42,test,GOLD_EXISTING_LEXICAL_OR_SENTENCE,35,18,0,0.9605510830879211,B02,0
asl_citizen:36045951028564516-COOKIE,asl_citizen:36045951028564516-COOKIE,P48,test,GOLD_EXISTING_LEXICAL_OR_SENTENCE,35,35,1,0.25633004307746887,B02,0
asl_citizen:546916865186261-CORN 3,asl_citizen:546916865186261-CORN 3,P6,test,GOLD_EXISTING_LEXICAL_OR_SENTENCE,36,36,1,0.9954534769058228,B02,0
asl_citizen:7653146961920794-CORN 3,asl_citizen:7653146961920794-CORN 3,P15,test,GOLD_EXISTING_LEXICAL_OR_SENTENCE,36,22,0,0.8042904734611511,B02,0
asl_citizen:9061028348105911-CORN 3,asl_citizen:9061028348105911-CORN 3,P22,test,GOLD_EXISTING_LEXICAL_OR_SENTENCE,36,100,0,0.5168210864067078,B02,0
asl_citizen:7132337589347257-CORN 3,asl_citizen:7132337589347257-CORN 3,P47,test,GOLD_EXISTING_LEXICAL_OR_SENTENCE,36,36,1,0.9622616171836853,B02,0
asl_citizen:2551820935400537-CORN 3,asl_citizen:2551820935400537-CORN 3,P18,test,GOLD_EXISTING_LEXICAL_OR_SENTENCE,36,36,1,0.8023625612258911,B02,0
asl_citizen:35226222530776363-CORN 3,asl_citizen:35226222530776363-CORN 3,P48,test,GOLD_EXISTING_LEXICAL_OR_SENTENCE,36,36,1,0.5742590427398682,B02,0
asl_citizen:4152492198860762-CORN 3,asl_citizen:4152492198860762-CORN 3,P9,test,GOLD_EXISTING_LEXICAL_OR_SENTENCE,36,36,1,0.6512977480888367,B02,0
asl_citizen:9598865051280174-CORN 3,asl_citizen:9598865051280174-CORN 3,P35,test,GOLD_EXISTING_LEXICAL_OR_SENTENCE,36,36,1,0.9993188381195068,B02,0
asl_citizen:41178562520918804-CROSS 2,asl_citizen:41178562520918804-CROSS 2,P18,test,GOLD_EXISTING_LEXICAL_OR_SENTENCE,37,37,1,0.9975123405456543,B02,0
asl_citizen:35494017369148145-CROSS 2,asl_citizen:35494017369148145-CROSS 2,P15,test,GOLD_EXISTING_LEXICAL_OR_SENTENCE,37,37,1,0.975878894329071,B02,0
asl_citizen:1921329002496006-CROSS 2,asl_citizen:1921329002496006-CROSS 2,P48,test,GOLD_EXISTING_LEXICAL_OR_SENTENCE,37,37,1,0.9295521974563599,B02,0
asl_citizen:850080984855919-CROSS 2,asl_citizen:850080984855919-CROSS 2,P17,test,GOLD_EXISTING_LEXICAL_OR_SENTENCE,37,58,0,0.3338606357574463,B02,0
asl_citizen:2514447760767491-CROSS 2,asl_citizen:2514447760767491-CROSS 2,P9,test,GOLD_EXISTING_LEXICAL_OR_SENTENCE,37,89,0,0.7503801584243774,B02,0
asl_citizen:27273684048017666-CROSS 2,asl_citizen:27273684048017666-CROSS 2,P35,test,GOLD_EXISTING_LEXICAL_OR_SENTENCE,37,37,1,0.900964081287384,B02,0
asl_citizen:13789873303622358-CROSS 2,asl_citizen:13789873303622358-CROSS 2,P22,test,GOLD_EXISTING_LEXICAL_OR_SENTENCE,37,37,1,0.9254880547523499,B02,0
asl_citizen:36638486317021024-CROSS 2,asl_citizen:36638486317021024-CROSS 2,P6,test,GOLD_EXISTING_LEXICAL_OR_SENTENCE,37,89,0,0.3581998646259308,B02,0
asl_citizen:7740012758634425-CURTSEY 2,asl_citizen:7740012758634425-CURTSEY 2,P22,test,GOLD_EXISTING_LEXICAL_OR_SENTENCE,38,38,1,0.5195714235305786,B02,0
asl_citizen:4016075530679275-CURTSEY 2,asl_citizen:4016075530679275-CURTSEY 2,P48,test,GOLD_EXISTING_LEXICAL_OR_SENTENCE,38,38,1,0.7488386631011963,B02,0
asl_citizen:08697549130833249-CURTSEY 2,asl_citizen:08697549130833249-CURTSEY 2,P17,test,GOLD_EXISTING_LEXICAL_OR_SENTENCE,38,195,0,0.3842090368270874,B02,0
asl_citizen:4058272327458856-CURTSEY 2,asl_citizen:4058272327458856-CURTSEY 2,P42,test,GOLD_EXISTING_LEXICAL_OR_SENTENCE,38,38,1,0.9314531087875366,B02,0
asl_citizen:9600475696810875-CURTSEY 2,asl_citizen:9600475696810875-CURTSEY 2,P6,test,GOLD_EXISTING_LEXICAL_OR_SENTENCE,38,18,0,0.16783560812473297,B02,0
asl_citizen:6409124360469198-CURTSEY 2,asl_citizen:6409124360469198-CURTSEY 2,P18,test,GOLD_EXISTING_LEXICAL_OR_SENTENCE,38,38,1,0.9265748262405396,B02,0
asl_citizen:131636294054444-CURTSEY 2,asl_citizen:131636294054444-CURTSEY 2,P35,test,GOLD_EXISTING_LEXICAL_OR_SENTENCE,38,38,1,0.9911463856697083,B02,0
asl_citizen:08564626037791156-CURTSEY 2,asl_citizen:08564626037791156-CURTSEY 2,P47,test,GOLD_EXISTING_LEXICAL_OR_SENTENCE,38,38,1,0.9865359663963318,B02,0
asl_citizen:4298430360542438-CURTSEY 1,asl_citizen:4298430360542438-CURTSEY 1,P42,test,GOLD_EXISTING_LEXICAL_OR_SENTENCE,39,39,1,0.9983243346214294,B02,0
asl_citizen:12471897096667339-CURTSEY 1,asl_citizen:12471897096667339-CURTSEY 1,P22,test,GOLD_EXISTING_LEXICAL_OR_SENTENCE,39,105,0,0.9797784090042114,B02,0
asl_citizen:041546918969012525-CURTSEY 1,asl_citizen:041546918969012525-CURTSEY 1,P9,test,GOLD_EXISTING_LEXICAL_OR_SENTENCE,39,39,1,0.9993378520011902,B02,0
asl_citizen:44035142435498287-CURTSEY 1,asl_citizen:44035142435498287-CURTSEY 1,P49,test,GOLD_EXISTING_LEXICAL_OR_SENTENCE,39,39,1,0.9912315011024475,B02,0
asl_citizen:7557149689846145-CURTSEY 1,asl_citizen:7557149689846145-CURTSEY 1,P42,test,GOLD_EXISTING_LEXICAL_OR_SENTENCE,39,39,1,0.9999204874038696,B02,0
asl_citizen:656628674642048-CURTSEY 1,asl_citizen:656628674642048-CURTSEY 1,P6,test,GOLD_EXISTING_LEXICAL_OR_SENTENCE,39,39,1,0.9981163740158081,B02,0
asl_citizen:9575004908513354-CURTSEY 1,asl_citizen:9575004908513354-CURTSEY 1,P18,test,GOLD_EXISTING_LEXICAL_OR_SENTENCE,39,39,1,0.9998728036880493,B02,0
asl_citizen:9420725128931253-CURTSEY 1,asl_citizen:9420725128931253-CURTSEY 1,P48,test,GOLD_EXISTING_LEXICAL_OR_SENTENCE,39,105,0,0.5666123628616333,B02,0
asl_citizen:7764407168011447-DANCER,asl_citizen:7764407168011447-DANCER,P17,test,GOLD_EXISTING_LEXICAL_OR_SENTENCE,40,40,1,0.2361588031053543,B02,0
asl_citizen:4373824274522664-DANCER,asl_citizen:4373824274522664-DANCER,P18,test,GOLD_EXISTING_LEXICAL_OR_SENTENCE,40,40,1,0.9953504800796509,B02,0
asl_citizen:20813440712519538-DANCER,asl_citizen:20813440712519538-DANCER,P48,test,GOLD_EXISTING_LEXICAL_OR_SENTENCE,40,40,1,0.9378140568733215,B02,0
asl_citizen:29792791854014156-DANCER,asl_citizen:29792791854014156-DANCER,P22,test,GOLD_EXISTING_LEXICAL_OR_SENTENCE,40,40,1,0.8046872019767761,B02,0
asl_citizen:3492710761221747-DANCER,asl_citizen:3492710761221747-DANCER,P6,test,GOLD_EXISTING_LEXICAL_OR_SENTENCE,40,40,1,0.644107460975647,B02,0
asl_citizen:5766434484176026-DANCER,asl_citizen:5766434484176026-DANCER,P9,test,GOLD_EXISTING_LEXICAL_OR_SENTENCE,40,40,1,0.6262691020965576,B02,0
asl_citizen:7835871024785799-DANCER,asl_citizen:7835871024785799-DANCER,P15,test,GOLD_EXISTING_LEXICAL_OR_SENTENCE,40,40,1,0.9927985668182373,B02,0
asl_citizen:1703737248609971-DANCER,asl_citizen:1703737248609971-DANCER,P42,test,GOLD_EXISTING_LEXICAL_OR_SENTENCE,40,40,1,0.5112504959106445,B02,0
asl_citizen:08726146864495243-DENTIST,asl_citizen:08726146864495243-DENTIST,P48,test,GOLD_EXISTING_LEXICAL_OR_SENTENCE,41,41,1,0.9519081711769104,B02,0
asl_citizen:5019797191499862-DENTIST,asl_citizen:5019797191499862-DENTIST,P22,test,GOLD_EXISTING_LEXICAL_OR_SENTENCE,41,41,1,0.9917069673538208,B02,0
asl_citizen:24625771680497088-DENTIST,asl_citizen:24625771680497088-DENTIST,P15,test,GOLD_EXISTING_LEXICAL_OR_SENTENCE,41,41,1,0.7193301916122437,B02,0
asl_citizen:059903520041906466-DENTIST,asl_citizen:059903520041906466-DENTIST,P9,test,GOLD_EXISTING_LEXICAL_OR_SENTENCE,41,53,0,0.7413418292999268,B02,0
asl_citizen:0963890365490514-DENTIST,asl_citizen:0963890365490514-DENTIST,P6,test,GOLD_EXISTING_LEXICAL_OR_SENTENCE,41,41,1,0.9915383458137512,B02,0
asl_citizen:2904251953296175-DENTIST,asl_citizen:2904251953296175-DENTIST,P42,test,GOLD_EXISTING_LEXICAL_OR_SENTENCE,41,41,1,0.9917964935302734,B02,0
asl_citizen:5681304528842461-DENTIST,asl_citizen:5681304528842461-DENTIST,P42,test,GOLD_EXISTING_LEXICAL_OR_SENTENCE,41,41,1,0.9992796778678894,B02,0
asl_citizen:8599984313952511-DENTIST,asl_citizen:8599984313952511-DENTIST,P18,test,GOLD_EXISTING_LEXICAL_OR_SENTENCE,41,41,1,0.9971207976341248,B02,0
asl_citizen:48570714821161354-DIFFERENT SITUATION,asl_citizen:48570714821161354-DIFFERENT SITUATION,P17,test,GOLD_EXISTING_LEXICAL_OR_SENTENCE,42,42,1,0.5795421004295349,B02,0
asl_citizen:8962616345166248-DIFFERENT SITUATION,asl_citizen:8962616345166248-DIFFERENT SITUATION,P9,test,GOLD_EXISTING_LEXICAL_OR_SENTENCE,42,42,1,0.9497548341751099,B02,0
asl_citizen:4317325524432325-DIFFERENT SITUATION,asl_citizen:4317325524432325-DIFFERENT SITUATION,P35,test,GOLD_EXISTING_LEXICAL_OR_SENTENCE,42,42,1,0.7186560034751892,B02,0
asl_citizen:7875066246194335-DIFFERENT SITUATION,asl_citizen:7875066246194335-DIFFERENT SITUATION,P48,test,GOLD_EXISTING_LEXICAL_OR_SENTENCE,42,74,0,0.5075359344482422,B02,0
asl_citizen:5405853507718759-DIFFERENT SITUATION,asl_citizen:5405853507718759-DIFFERENT SITUATION,P22,test,GOLD_EXISTING_LEXICAL_OR_SENTENCE,42,42,1,0.5242499709129333,B02,0
asl_citizen:7140193660319123-DIFFERENT SITUATION,asl_citizen:7140193660319123-DIFFERENT SITUATION,P49,test,GOLD_EXISTING_LEXICAL_OR_SENTENCE,42,42,1,0.5583663582801819,B02,0
asl_citizen:13521464986162113-DIFFERENT SITUATION,asl_citizen:13521464986162113-DIFFERENT SITUATION,P6,test,GOLD_EXISTING_LEXICAL_OR_SENTENCE,42,42,1,0.9047307968139648,B02,0
asl_citizen:6675272277821382-DIFFERENT SITUATION,asl_citizen:6675272277821382-DIFFERENT SITUATION,P42,test,GOLD_EXISTING_LEXICAL_OR_SENTENCE,42,42,1,0.6317976117134094,B02,0
asl_citizen:8224849241610261-DINOSAUR,asl_citizen:8224849241610261-DINOSAUR,P6,test,GOLD_EXISTING_LEXICAL_OR_SENTENCE,43,43,1,0.710206925868988,B02,0
asl_citizen:24033943465091467-DINOSAUR,asl_citizen:24033943465091467-DINOSAUR,P15,test,GOLD_EXISTING_LEXICAL_OR_SENTENCE,43,43,1,0.9779577851295471,B02,0
asl_citizen:7470823700840046-DINOSAUR,asl_citizen:7470823700840046-DINOSAUR,P48,test,GOLD_EXISTING_LEXICAL_OR_SENTENCE,43,43,1,0.6752689480781555,B02,0
asl_citizen:40509855695085895-DINOSAUR,asl_citizen:40509855695085895-DINOSAUR,P22,test,GOLD_EXISTING_LEXICAL_OR_SENTENCE,43,43,1,0.9993579983711243,B02,0
asl_citizen:9136238581664009-DINOSAUR,asl_citizen:9136238581664009-DINOSAUR,P35,test,GOLD_EXISTING_LEXICAL_OR_SENTENCE,43,43,1,0.9990715980529785,B02,0
asl_citizen:6247730414714647-DINOSAUR,asl_citizen:6247730414714647-DINOSAUR,P49,test,GOLD_EXISTING_LEXICAL_OR_SENTENCE,43,43,1,0.9939403533935547,B02,0
asl_citizen:5290344293429206-DINOSAUR,asl_citizen:5290344293429206-DINOSAUR,P17,test,GOLD_EXISTING_LEXICAL_OR_SENTENCE,43,43,1,0.7222490906715393,B02,0
asl_citizen:28960805716887217-DINOSAUR,asl_citizen:28960805716887217-DINOSAUR,P42,test,GOLD_EXISTING_LEXICAL_OR_SENTENCE,43,43,1,0.8876923322677612,B02,0
asl_citizen:8440854457144005-DONT NEED,asl_citizen:8440854457144005-DONT NEED,P9,test,GOLD_EXISTING_LEXICAL_OR_SENTENCE,44,49,0,0.5373564958572388,B02,0
asl_citizen:9419016560970019-DONT NEED,asl_citizen:9419016560970019-DONT NEED,P22,test,GOLD_EXISTING_LEXICAL_OR_SENTENCE,44,140,0,0.21144013106822968,B02,0
asl_citizen:1553945684887208-DONT NEED,asl_citizen:1553945684887208-DONT NEED,P49,test,GOLD_EXISTING_LEXICAL_OR_SENTENCE,44,44,1,0.7213301658630371,B02,0
asl_citizen:10365778744170284-DONT NEED,asl_citizen:10365778744170284-DONT NEED,P35,test,GOLD_EXISTING_LEXICAL_OR_SENTENCE,44,44,1,0.6664415001869202,B02,0
asl_citizen:24272059297973403-DONT NEED,asl_citizen:24272059297973403-DONT NEED,P6,test,GOLD_EXISTING_LEXICAL_OR_SENTENCE,44,42,0,0.46229737997055054,B02,0
asl_citizen:5041697196223054-DONT NEED,asl_citizen:5041697196223054-DONT NEED,P17,test,GOLD_EXISTING_LEXICAL_OR_SENTENCE,44,44,1,0.2620965540409088,B02,0
asl_citizen:524777456764691-DONT NEED,asl_citizen:524777456764691-DONT NEED,P15,test,GOLD_EXISTING_LEXICAL_OR_SENTENCE,44,44,1,0.946347713470459,B02,0
asl_citizen:019122337627372588-DONT NEED,asl_citizen:019122337627372588-DONT NEED,P18,test,GOLD_EXISTING_LEXICAL_OR_SENTENCE,44,44,1,0.95100998878479,B02,0
asl_citizen:14794439442498897-DONUT,asl_citizen:14794439442498897-DONUT,P48,test,GOLD_EXISTING_LEXICAL_OR_SENTENCE,45,45,1,0.6405032277107239,B02,0
asl_citizen:8847191760973006-DONUT,asl_citizen:8847191760973006-DONUT,P49,test,GOLD_EXISTING_LEXICAL_OR_SENTENCE,45,45,1,0.5820895433425903,B02,0
asl_citizen:7886002222537167-DONUT,asl_citizen:7886002222537167-DONUT,P35,test,GOLD_EXISTING_LEXICAL_OR_SENTENCE,45,45,1,0.9893891215324402,B02,0
asl_citizen:18287285058424363-DONUT,asl_citizen:18287285058424363-DONUT,P15,test,GOLD_EXISTING_LEXICAL_OR_SENTENCE,45,86,0,0.24514557421207428,B02,0
asl_citizen:8935673196518124-DONUT,asl_citizen:8935673196518124-DONUT,P42,test,GOLD_EXISTING_LEXICAL_OR_SENTENCE,45,45,1,0.99832683801651,B02,0
asl_citizen:1953229262690248-DONUT,asl_citizen:1953229262690248-DONUT,P9,test,GOLD_EXISTING_LEXICAL_OR_SENTENCE,45,45,1,0.9946923851966858,B02,0
asl_citizen:5190684951541689-DONUT,asl_citizen:5190684951541689-DONUT,P47,test,GOLD_EXISTING_LEXICAL_OR_SENTENCE,45,45,1,0.8911245465278625,B02,0
asl_citizen:34421005968261076-DONUT,asl_citizen:34421005968261076-DONUT,P22,test,GOLD_EXISTING_LEXICAL_OR_SENTENCE,45,144,0,0.40969178080558777,B02,0
asl_citizen:8969483703544663-DREADLOCKS,asl_citizen:8969483703544663-DREADLOCKS,P18,test,GOLD_EXISTING_LEXICAL_OR_SENTENCE,46,46,1,0.9291272759437561,B02,0
asl_citizen:8475332639331787-DREADLOCKS,asl_citizen:8475332639331787-DREADLOCKS,P17,test,GOLD_EXISTING_LEXICAL_OR_SENTENCE,46,46,1,0.9759330153465271,B02,0
asl_citizen:9964208748810202-DREADLOCKS,asl_citizen:9964208748810202-DREADLOCKS,P22,test,GOLD_EXISTING_LEXICAL_OR_SENTENCE,46,46,1,0.9991399049758911,B02,0
asl_citizen:6677742542220313-DREADLOCKS,asl_citizen:6677742542220313-DREADLOCKS,P49,test,GOLD_EXISTING_LEXICAL_OR_SENTENCE,46,46,1,0.8110107183456421,B02,0
asl_citizen:14083566476396148-DREADLOCKS,asl_citizen:14083566476396148-DREADLOCKS,P18,test,GOLD_EXISTING_LEXICAL_OR_SENTENCE,46,46,1,0.8559664487838745,B02,0
asl_citizen:6462102009921986-DREADLOCKS,asl_citizen:6462102009921986-DREADLOCKS,P9,test,GOLD_EXISTING_LEXICAL_OR_SENTENCE,46,46,1,0.9584974646568298,B02,0
asl_citizen:8768896099459327-DREADLOCKS,asl_citizen:8768896099459327-DREADLOCKS,P48,test,GOLD_EXISTING_LEXICAL_OR_SENTENCE,46,46,1,0.9901015758514404,B02,0
asl_citizen:4971665444961535-DREADLOCKS,asl_citizen:4971665444961535-DREADLOCKS,P42,test,GOLD_EXISTING_LEXICAL_OR_SENTENCE,46,46,1,0.9989054203033447,B02,0
asl_citizen:7014946316095072-DRESSER,asl_citizen:7014946316095072-DRESSER,P6,test,GOLD_EXISTING_LEXICAL_OR_SENTENCE,47,47,1,0.9028306007385254,B02,0
asl_citizen:9405563000067301-DRESSER,asl_citizen:9405563000067301-DRESSER,P15,test,GOLD_EXISTING_LEXICAL_OR_SENTENCE,47,47,1,0.8590643405914307,B02,0
asl_citizen:8824524207032118-DRESSER,asl_citizen:8824524207032118-DRESSER,P35,test,GOLD_EXISTING_LEXICAL_OR_SENTENCE,47,47,1,0.9502279758453369,B02,0
asl_citizen:06584008318442769-DRESSER,asl_citizen:06584008318442769-DRESSER,P47,test,GOLD_EXISTING_LEXICAL_OR_SENTENCE,47,47,1,0.9816608428955078,B02,0
asl_citizen:6139319501468969-DRESSER,asl_citizen:6139319501468969-DRESSER,P49,test,GOLD_EXISTING_LEXICAL_OR_SENTENCE,47,47,1,0.8981989622116089,B02,0
asl_citizen:3408798620807487-DRESSER,asl_citizen:3408798620807487-DRESSER,P42,test,GOLD_EXISTING_LEXICAL_OR_SENTENCE,47,158,0,0.9967141151428223,B02,0
asl_citizen:7518151106010977-DRESSER,asl_citizen:7518151106010977-DRESSER,P18,test,GOLD_EXISTING_LEXICAL_OR_SENTENCE,47,47,1,0.9923297762870789,B02,0
asl_citizen:6895143079423383-DRESSER,asl_citizen:6895143079423383-DRESSER,P48,test,GOLD_EXISTING_LEXICAL_OR_SENTENCE,47,47,1,0.8158755302429199,B02,0
asl_citizen:9415209992076334-DRUM,asl_citizen:9415209992076334-DRUM,P6,test,GOLD_EXISTING_LEXICAL_OR_SENTENCE,48,48,1,0.9937676191329956,B02,0
asl_citizen:07588569202112305-DRUM,asl_citizen:07588569202112305-DRUM,P42,test,GOLD_EXISTING_LEXICAL_OR_SENTENCE,48,48,1,0.9773901104927063,B02,0
asl_citizen:8071657517283295-DRUM,asl_citizen:8071657517283295-DRUM,P18,test,GOLD_EXISTING_LEXICAL_OR_SENTENCE,48,48,1,0.9986489415168762,B02,0
asl_citizen:09060364193085024-DRUM,asl_citizen:09060364193085024-DRUM,P15,test,GOLD_EXISTING_LEXICAL_OR_SENTENCE,48,48,1,0.9510173201560974,B02,0
asl_citizen:6450812439798763-DRUM,asl_citizen:6450812439798763-DRUM,P48,test,GOLD_EXISTING_LEXICAL_OR_SENTENCE,48,48,1,0.9832431674003601,B02,0
asl_citizen:5875294253699073-DRUM,asl_citizen:5875294253699073-DRUM,P48,test,GOLD_EXISTING_LEXICAL_OR_SENTENCE,48,48,1,0.9579521417617798,B02,0
asl_citizen:41421331187326427-DRUM,asl_citizen:41421331187326427-DRUM,P17,test,GOLD_EXISTING_LEXICAL_OR_SENTENCE,48,48,1,0.8562982678413391,B02,0
asl_citizen:20462672928804748-DRUM,asl_citizen:20462672928804748-DRUM,P47,test,GOLD_EXISTING_LEXICAL_OR_SENTENCE,48,48,1,0.9690903425216675,B02,0
asl_citizen:534679563275158-DRYER,asl_citizen:534679563275158-DRYER,P18,test,GOLD_EXISTING_LEXICAL_OR_SENTENCE,49,49,1,0.7646815180778503,B02,0
asl_citizen:47384714847457543-DRYER,asl_citizen:47384714847457543-DRYER,P9,test,GOLD_EXISTING_LEXICAL_OR_SENTENCE,49,39,0,0.8101031184196472,B02,0
asl_citizen:42836141582183584-DRYER,asl_citizen:42836141582183584-DRYER,P35,test,GOLD_EXISTING_LEXICAL_OR_SENTENCE,49,49,1,0.9549980163574219,B02,0
asl_citizen:11826627794464328-DRYER,asl_citizen:11826627794464328-DRYER,P42,test,GOLD_EXISTING_LEXICAL_OR_SENTENCE,49,49,1,0.819819986820221,B02,0
asl_citizen:17863050096155098-DRYER,asl_citizen:17863050096155098-DRYER,P48,test,GOLD_EXISTING_LEXICAL_OR_SENTENCE,49,49,1,0.46844884753227234,B02,0
asl_citizen:21691361704041068-DRYER,asl_citizen:21691361704041068-DRYER,P15,test,GOLD_EXISTING_LEXICAL_OR_SENTENCE,49,49,1,0.9207867980003357,B02,0
asl_citizen:011488380804917542-DRYER,asl_citizen:011488380804917542-DRYER,P22,test,GOLD_EXISTING_LEXICAL_OR_SENTENCE,49,49,1,0.9285732507705688,B02,0
asl_citizen:6164673859688161-DRYER,asl_citizen:6164673859688161-DRYER,P49,test,GOLD_EXISTING_LEXICAL_OR_SENTENCE,49,49,1,0.2968083620071411,B02,0
asl_citizen:9293623251960783-DUCK 2,asl_citizen:9293623251960783-DUCK 2,P18,test,GOLD_EXISTING_LEXICAL_OR_SENTENCE,50,50,1,0.9861810803413391,B02,0
asl_citizen:34259005286492283-DUCK 2,asl_citizen:34259005286492283-DUCK 2,P9,test,GOLD_EXISTING_LEXICAL_OR_SENTENCE,50,50,1,0.9947163462638855,B02,0
asl_citizen:16623696034388358-DUCK 2,asl_citizen:16623696034388358-DUCK 2,P48,test,GOLD_EXISTING_LEXICAL_OR_SENTENCE,50,50,1,0.9202051758766174,B02,0
asl_citizen:6258894718452575-DUCK 2,asl_citizen:6258894718452575-DUCK 2,P15,test,GOLD_EXISTING_LEXICAL_OR_SENTENCE,50,50,1,0.5536409616470337,B02,0
asl_citizen:31240500007069394-DUCK 2,asl_citizen:31240500007069394-DUCK 2,P22,test,GOLD_EXISTING_LEXICAL_OR_SENTENCE,50,50,1,0.9708499908447266,B02,0
asl_citizen:6168597708632786-DUCK 2,asl_citizen:6168597708632786-DUCK 2,P47,test,GOLD_EXISTING_LEXICAL_OR_SENTENCE,50,50,1,0.9415991306304932,B02,0
asl_citizen:9545054248282718-DUCK 2,asl_citizen:9545054248282718-DUCK 2,P35,test,GOLD_EXISTING_LEXICAL_OR_SENTENCE,50,50,1,0.9951153993606567,B02,0
asl_citizen:9830704733653335-DUCK 2,asl_citizen:9830704733653335-DUCK 2,P49,test,GOLD_EXISTING_LEXICAL_OR_SENTENCE,50,50,1,0.8480473756790161,B02,0
asl_citizen:7185317708350305-EARTH,asl_citizen:7185317708350305-EARTH,P49,test,GOLD_EXISTING_LEXICAL_OR_SENTENCE,51,166,0,0.5307517051696777,B02,0
asl_citizen:21586706235470188-EARTH,asl_citizen:21586706235470188-EARTH,P15,test,GOLD_EXISTING_LEXICAL_OR_SENTENCE,51,51,1,0.998284637928009,B02,0
asl_citizen:571332153238566-EARTH,asl_citizen:571332153238566-EARTH,P42,test,GOLD_EXISTING_LEXICAL_OR_SENTENCE,51,51,1,0.8029996156692505,B02,0
asl_citizen:09494923096084729-EARTH,asl_citizen:09494923096084729-EARTH,P9,test,GOLD_EXISTING_LEXICAL_OR_SENTENCE,51,190,0,0.3736468553543091,B02,0
asl_citizen:2156021914016497-EARTH,asl_citizen:2156021914016497-EARTH,P17,test,GOLD_EXISTING_LEXICAL_OR_SENTENCE,51,54,0,0.4947742223739624,B02,0
asl_citizen:10992747810592252-EARTH,asl_citizen:10992747810592252-EARTH,P18,test,GOLD_EXISTING_LEXICAL_OR_SENTENCE,51,51,1,0.9338898062705994,B02,0
asl_citizen:6616272734675506-EARTH,asl_citizen:6616272734675506-EARTH,P17,test,GOLD_EXISTING_LEXICAL_OR_SENTENCE,51,6,0,0.4583585262298584,B02,0
asl_citizen:10068658998354385-EARTH,asl_citizen:10068658998354385-EARTH,P6,test,GOLD_EXISTING_LEXICAL_OR_SENTENCE,51,6,0,0.462688684463501,B02,0
asl_citizen:3051883673355753-EGO,asl_citizen:3051883673355753-EGO,P17,test,GOLD_EXISTING_LEXICAL_OR_SENTENCE,52,143,0,0.9828824996948242,B02,0
asl_citizen:895907512177432-EGO,asl_citizen:895907512177432-EGO,P35,test,GOLD_EXISTING_LEXICAL_OR_SENTENCE,52,52,1,0.995864748954773,B02,0
asl_citizen:9762997659456683-EGO,asl_citizen:9762997659456683-EGO,P18,test,GOLD_EXISTING_LEXICAL_OR_SENTENCE,52,24,0,0.3112053871154785,B02,0
asl_citizen:897462003292989-EGO,asl_citizen:897462003292989-EGO,P48,test,GOLD_EXISTING_LEXICAL_OR_SENTENCE,52,143,0,0.9163855314254761,B02,0
asl_citizen:640906104558836-EGO,asl_citizen:640906104558836-EGO,P9,test,GOLD_EXISTING_LEXICAL_OR_SENTENCE,52,52,1,0.8449192643165588,B02,0
asl_citizen:4313618179082721-EGO,asl_citizen:4313618179082721-EGO,P22,test,GOLD_EXISTING_LEXICAL_OR_SENTENCE,52,52,1,0.9013769030570984,B02,0
asl_citizen:6880505874364926-EGO,asl_citizen:6880505874364926-EGO,P15,test,GOLD_EXISTING_LEXICAL_OR_SENTENCE,52,52,1,0.8542321920394897,B02,0
asl_citizen:19965146429539837-EGO,asl_citizen:19965146429539837-EGO,P47,test,GOLD_EXISTING_LEXICAL_OR_SENTENCE,52,52,1,0.9882857799530029,B02,0
asl_citizen:1520648884549911-ELEVEN,asl_citizen:1520648884549911-ELEVEN,P42,test,GOLD_EXISTING_LEXICAL_OR_SENTENCE,53,53,1,0.9878952503204346,B02,0
asl_citizen:27462200189883235-ELEVEN,asl_citizen:27462200189883235-ELEVEN,P47,test,GOLD_EXISTING_LEXICAL_OR_SENTENCE,53,53,1,0.7532870769500732,B02,0
asl_citizen:2531498398025418-ELEVEN,asl_citizen:2531498398025418-ELEVEN,P9,test,GOLD_EXISTING_LEXICAL_OR_SENTENCE,53,53,1,0.8164936304092407,B02,0
asl_citizen:4812862159396367-ELEVEN,asl_citizen:4812862159396367-ELEVEN,P17,test,GOLD_EXISTING_LEXICAL_OR_SENTENCE,53,53,1,0.9878623485565186,B02,0
asl_citizen:057862460825067075-ELEVEN,asl_citizen:057862460825067075-ELEVEN,P49,test,GOLD_EXISTING_LEXICAL_OR_SENTENCE,53,53,1,0.9720840454101562,B02,0
asl_citizen:06996746044765945-ELEVEN,asl_citizen:06996746044765945-ELEVEN,P22,test,GOLD_EXISTING_LEXICAL_OR_SENTENCE,53,53,1,0.5272541046142578,B02,0
asl_citizen:3629914148785658-ELEVEN,asl_citizen:3629914148785658-ELEVEN,P35,test,GOLD_EXISTING_LEXICAL_OR_SENTENCE,53,32,0,0.3593929409980774,B02,0
asl_citizen:23706248733890045-ELEVEN,asl_citizen:23706248733890045-ELEVEN,P22,test,GOLD_EXISTING_LEXICAL_OR_SENTENCE,53,53,1,0.6135115027427673,B02,0
asl_citizen:6365349433650775-ENGAGEMENT,asl_citizen:6365349433650775-ENGAGEMENT,P35,test,GOLD_EXISTING_LEXICAL_OR_SENTENCE,54,54,1,0.9971356391906738,B02,0
asl_citizen:8110867110510334-ENGAGEMENT,asl_citizen:8110867110510334-ENGAGEMENT,P35,test,GOLD_EXISTING_LEXICAL_OR_SENTENCE,54,54,1,0.95521080493927,B02,0
asl_citizen:4274024278592232-ENGAGEMENT,asl_citizen:4274024278592232-ENGAGEMENT,P42,test,GOLD_EXISTING_LEXICAL_OR_SENTENCE,54,54,1,0.9605507850646973,B02,0
asl_citizen:1964731246660285-ENGAGEMENT,asl_citizen:1964731246660285-ENGAGEMENT,P22,test,GOLD_EXISTING_LEXICAL_OR_SENTENCE,54,54,1,0.8920107483863831,B02,0
asl_citizen:6959082317167715-ENGAGEMENT,asl_citizen:6959082317167715-ENGAGEMENT,P9,test,GOLD_EXISTING_LEXICAL_OR_SENTENCE,54,28,0,0.5824037790298462,B02,0
asl_citizen:20654284295569725-ENGAGEMENT,asl_citizen:20654284295569725-ENGAGEMENT,P15,test,GOLD_EXISTING_LEXICAL_OR_SENTENCE,54,54,1,0.8209220767021179,B02,0
asl_citizen:2675727528631562-ENGAGEMENT,asl_citizen:2675727528631562-ENGAGEMENT,P18,test,GOLD_EXISTING_LEXICAL_OR_SENTENCE,54,54,1,0.9886044263839722,B02,0
asl_citizen:05188174496254283-ENGAGEMENT,asl_citizen:05188174496254283-ENGAGEMENT,P47,test,GOLD_EXISTING_LEXICAL_OR_SENTENCE,54,54,1,0.35795778036117554,B02,0
asl_citizen:89691706454057-EVERY NIGHT,asl_citizen:89691706454057-EVERY NIGHT,P15,test,GOLD_EXISTING_LEXICAL_OR_SENTENCE,55,55,1,0.9614691734313965,B02,0
asl_citizen:20245537165714622-EVERY NIGHT,asl_citizen:20245537165714622-EVERY NIGHT,P15,test,GOLD_EXISTING_LEXICAL_OR_SENTENCE,55,55,1,0.9523381590843201,B02,0
asl_citizen:34343499292212565-EVERY NIGHT,asl_citizen:34343499292212565-EVERY NIGHT,P48,test,GOLD_EXISTING_LEXICAL_OR_SENTENCE,55,55,1,0.9600525498390198,B02,0
asl_citizen:2578882900323458-EVERY NIGHT,asl_citizen:2578882900323458-EVERY NIGHT,P42,test,GOLD_EXISTING_LEXICAL_OR_SENTENCE,55,55,1,0.9699287414550781,B02,0
asl_citizen:4951391348030525-EVERY NIGHT,asl_citizen:4951391348030525-EVERY NIGHT,P6,test,GOLD_EXISTING_LEXICAL_OR_SENTENCE,55,6,0,0.685190737247467,B02,0
asl_citizen:9930137053923829-EVERY NIGHT,asl_citizen:9930137053923829-EVERY NIGHT,P18,test,GOLD_EXISTING_LEXICAL_OR_SENTENCE,55,55,1,0.9796395897865295,B02,0
asl_citizen:40171022700798575-EVERY NIGHT,asl_citizen:40171022700798575-EVERY NIGHT,P49,test,GOLD_EXISTING_LEXICAL_OR_SENTENCE,55,55,1,0.997140645980835,B02,0
asl_citizen:7110693894309206-EVERY NIGHT,asl_citizen:7110693894309206-EVERY NIGHT,P35,test,GOLD_EXISTING_LEXICAL_OR_SENTENCE,55,55,1,0.9988987445831299,B02,0
asl_citizen:013061639347932363-FALL 2,asl_citizen:013061639347932363-FALL 2,P6,test,GOLD_EXISTING_LEXICAL_OR_SENTENCE,56,125,0,0.3940836787223816,B02,0
asl_citizen:5535373342686922-FALL 2,asl_citizen:5535373342686922-FALL 2,P17,test,GOLD_EXISTING_LEXICAL_OR_SENTENCE,56,101,0,0.5473715662956238,B02,0
asl_citizen:365145500396562-FALL 2,asl_citizen:365145500396562-FALL 2,P22,test,GOLD_EXISTING_LEXICAL_OR_SENTENCE,56,180,0,0.22200776636600494,B02,0
asl_citizen:7473413509149174-FALL 2,asl_citizen:7473413509149174-FALL 2,P18,test,GOLD_EXISTING_LEXICAL_OR_SENTENCE,56,56,1,0.4596019983291626,B02,0
asl_citizen:9878698239353016-FALL 2,asl_citizen:9878698239353016-FALL 2,P47,test,GOLD_EXISTING_LEXICAL_OR_SENTENCE,56,56,1,0.9795147180557251,B02,0
asl_citizen:0304273385488667-FALL 2,asl_citizen:0304273385488667-FALL 2,P42,test,GOLD_EXISTING_LEXICAL_OR_SENTENCE,56,56,1,0.9176509380340576,B02,0
asl_citizen:5673448736549853-FALL 2,asl_citizen:5673448736549853-FALL 2,P18,test,GOLD_EXISTING_LEXICAL_OR_SENTENCE,56,56,1,0.680158257484436,B02,0
asl_citizen:39275811013827155-FALL 2,asl_citizen:39275811013827155-FALL 2,P9,test,GOLD_EXISTING_LEXICAL_OR_SENTENCE,56,38,0,0.6142922639846802,B02,0
asl_citizen:053306758910197205-FEED,asl_citizen:053306758910197205-FEED,P9,test,GOLD_EXISTING_LEXICAL_OR_SENTENCE,57,57,1,0.9312520027160645,B02,0
asl_citizen:8477968937659044-FEED,asl_citizen:8477968937659044-FEED,P17,test,GOLD_EXISTING_LEXICAL_OR_SENTENCE,57,57,1,0.9900184869766235,B02,0
asl_citizen:7079611008996016-FEED,asl_citizen:7079611008996016-FEED,P47,test,GOLD_EXISTING_LEXICAL_OR_SENTENCE,57,57,1,0.9527837038040161,B02,0
asl_citizen:36160908850471274-FEED,asl_citizen:36160908850471274-FEED,P22,test,GOLD_EXISTING_LEXICAL_OR_SENTENCE,57,57,1,0.9214882850646973,B02,0
asl_citizen:6757072092935772-FEED,asl_citizen:6757072092935772-FEED,P35,test,GOLD_EXISTING_LEXICAL_OR_SENTENCE,57,57,1,0.9961128234863281,B02,0
asl_citizen:8975007156096892-FEED,asl_citizen:8975007156096892-FEED,P18,test,GOLD_EXISTING_LEXICAL_OR_SENTENCE,57,57,1,0.9963213205337524,B02,0
asl_citizen:5868476699386669-FEED,asl_citizen:5868476699386669-FEED,P49,test,GOLD_EXISTING_LEXICAL_OR_SENTENCE,57,108,0,0.5435534119606018,B02,0
asl_citizen:5769158299750059-FEED,asl_citizen:5769158299750059-FEED,P48,test,GOLD_EXISTING_LEXICAL_OR_SENTENCE,57,57,1,0.9445408582687378,B02,0
asl_citizen:7550465099881678-FINE,asl_citizen:7550465099881678-FINE,P35,test,GOLD_EXISTING_LEXICAL_OR_SENTENCE,58,58,1,0.9792898893356323,B02,0
asl_citizen:2690912082374577-FINE,asl_citizen:2690912082374577-FINE,P22,test,GOLD_EXISTING_LEXICAL_OR_SENTENCE,58,58,1,0.9846318960189819,B02,0
asl_citizen:5630437733218496-FINE,asl_citizen:5630437733218496-FINE,P9,test,GOLD_EXISTING_LEXICAL_OR_SENTENCE,58,58,1,0.4533548653125763,B02,0
asl_citizen:6759197415113356-FINE,asl_citizen:6759197415113356-FINE,P9,test,GOLD_EXISTING_LEXICAL_OR_SENTENCE,58,177,0,0.634919285774231,B02,0
asl_citizen:28357839470280455-FINE,asl_citizen:28357839470280455-FINE,P49,test,GOLD_EXISTING_LEXICAL_OR_SENTENCE,58,193,0,0.38354021310806274,B02,0
asl_citizen:3827741794247175-FINE,asl_citizen:3827741794247175-FINE,P6,test,GOLD_EXISTING_LEXICAL_OR_SENTENCE,58,58,1,0.9729576110839844,B02,0
asl_citizen:6478807707974723-FINE,asl_citizen:6478807707974723-FINE,P48,test,GOLD_EXISTING_LEXICAL_OR_SENTENCE,58,177,0,0.8859471082687378,B02,0
asl_citizen:5817524945804566-FINE,asl_citizen:5817524945804566-FINE,P6,test,GOLD_EXISTING_LEXICAL_OR_SENTENCE,58,58,1,0.9112458825111389,B02,0
asl_citizen:27058948226409374-FIRST,asl_citizen:27058948226409374-FIRST,P15,test,GOLD_EXISTING_LEXICAL_OR_SENTENCE,59,59,1,0.9261882901191711,B02,0
asl_citizen:12680005272334216-FIRST,asl_citizen:12680005272334216-FIRST,P17,test,GOLD_EXISTING_LEXICAL_OR_SENTENCE,59,59,1,0.9364945888519287,B02,0
asl_citizen:05485678246989911-FIRST,asl_citizen:05485678246989911-FIRST,P18,test,GOLD_EXISTING_LEXICAL_OR_SENTENCE,59,59,1,0.39362797141075134,B02,0
asl_citizen:8882005700954121-FIRST,asl_citizen:8882005700954121-FIRST,P49,test,GOLD_EXISTING_LEXICAL_OR_SENTENCE,59,59,1,0.5871663093566895,B02,0
asl_citizen:20215017790049905-FIRST,asl_citizen:20215017790049905-FIRST,P9,test,GOLD_EXISTING_LEXICAL_OR_SENTENCE,59,59,1,0.6897084712982178,B02,0
asl_citizen:5327639377384075-FIRST,asl_citizen:5327639377384075-FIRST,P47,test,GOLD_EXISTING_LEXICAL_OR_SENTENCE,59,59,1,0.43410032987594604,B02,0
asl_citizen:08402785584899775-FIRST,asl_citizen:08402785584899775-FIRST,P6,test,GOLD_EXISTING_LEXICAL_OR_SENTENCE,59,59,1,0.7784363627433777,B02,0
asl_citizen:6715566540875353-FIRST,asl_citizen:6715566540875353-FIRST,P35,test,GOLD_EXISTING_LEXICAL_OR_SENTENCE,59,59,1,0.772483766078949,B02,0
asl_citizen:1506301246657502-FISH,asl_citizen:1506301246657502-FISH,P18,test,GOLD_EXISTING_LEXICAL_OR_SENTENCE,60,60,1,0.47343209385871887,B02,0
asl_citizen:9064464209078347-FISH,asl_citizen:9064464209078347-FISH,P17,test,GOLD_EXISTING_LEXICAL_OR_SENTENCE,60,64,0,0.2765112519264221,B02,0
asl_citizen:17233504668903432-FISH,asl_citizen:17233504668903432-FISH,P22,test,GOLD_EXISTING_LEXICAL_OR_SENTENCE,60,159,0,0.17734110355377197,B02,0
asl_citizen:2418332359492794-FISH,asl_citizen:2418332359492794-FISH,P47,test,GOLD_EXISTING_LEXICAL_OR_SENTENCE,60,60,1,0.5697907209396362,B02,0
asl_citizen:66049857409442-FISH,asl_citizen:66049857409442-FISH,P49,test,GOLD_EXISTING_LEXICAL_OR_SENTENCE,60,60,1,0.9947992563247681,B02,0
asl_citizen:7247754342826607-FISH,asl_citizen:7247754342826607-FISH,P35,test,GOLD_EXISTING_LEXICAL_OR_SENTENCE,60,60,1,0.8179123997688293,B02,0
asl_citizen:28959221812315716-FISH,asl_citizen:28959221812315716-FISH,P48,test,GOLD_EXISTING_LEXICAL_OR_SENTENCE,60,60,1,0.8734821677207947,B02,0
asl_citizen:919853612335557-FISH,asl_citizen:919853612335557-FISH,P9,test,GOLD_EXISTING_LEXICAL_OR_SENTENCE,60,60,1,0.5590991973876953,B02,0
asl_citizen:17137656038206628-FOREVER,asl_citizen:17137656038206628-FOREVER,P35,test,GOLD_EXISTING_LEXICAL_OR_SENTENCE,61,61,1,0.9880195260047913,B02,0
asl_citizen:9968577259964209-FOREVER,asl_citizen:9968577259964209-FOREVER,P49,test,GOLD_EXISTING_LEXICAL_OR_SENTENCE,61,61,1,0.35861191153526306,B02,0
asl_citizen:13289926408191-FOREVER,asl_citizen:13289926408191-FOREVER,P22,test,GOLD_EXISTING_LEXICAL_OR_SENTENCE,61,61,1,0.9419047832489014,B02,0
asl_citizen:7580266052871614-FOREVER,asl_citizen:7580266052871614-FOREVER,P22,test,GOLD_EXISTING_LEXICAL_OR_SENTENCE,61,61,1,0.9980890154838562,B02,0
asl_citizen:4397467374717585-FOREVER,asl_citizen:4397467374717585-FOREVER,P48,test,GOLD_EXISTING_LEXICAL_OR_SENTENCE,61,198,0,0.1450645923614502,B02,0
asl_citizen:37151322328326253-FOREVER,asl_citizen:37151322328326253-FOREVER,P18,test,GOLD_EXISTING_LEXICAL_OR_SENTENCE,61,61,1,0.5127572417259216,B02,0
asl_citizen:8619967265724808-FOREVER,asl_citizen:8619967265724808-FOREVER,P17,test,GOLD_EXISTING_LEXICAL_OR_SENTENCE,61,143,0,0.6443723440170288,B02,0
asl_citizen:4594027029867531-FOREVER,asl_citizen:4594027029867531-FOREVER,P15,test,GOLD_EXISTING_LEXICAL_OR_SENTENCE,61,85,0,0.45342621207237244,B02,0
asl_citizen:7636966133764567-FREEDOM,asl_citizen:7636966133764567-FREEDOM,P35,test,GOLD_EXISTING_LEXICAL_OR_SENTENCE,62,62,1,0.9790294170379639,B02,0
asl_citizen:17304854443534334-FREEDOM,asl_citizen:17304854443534334-FREEDOM,P22,test,GOLD_EXISTING_LEXICAL_OR_SENTENCE,62,78,0,0.5103731155395508,B02,0
asl_citizen:4023262425985501-FREEDOM,asl_citizen:4023262425985501-FREEDOM,P17,test,GOLD_EXISTING_LEXICAL_OR_SENTENCE,62,62,1,0.9844100475311279,B02,0
asl_citizen:6174000049197139-FREEDOM,asl_citizen:6174000049197139-FREEDOM,P48,test,GOLD_EXISTING_LEXICAL_OR_SENTENCE,62,62,1,0.9704499244689941,B02,0
asl_citizen:5902457618483048-FREEDOM,asl_citizen:5902457618483048-FREEDOM,P17,test,GOLD_EXISTING_LEXICAL_OR_SENTENCE,62,62,1,0.9796317219734192,B02,0
asl_citizen:008038441759683712-FREEDOM,asl_citizen:008038441759683712-FREEDOM,P47,test,GOLD_EXISTING_LEXICAL_OR_SENTENCE,62,62,1,0.9537913203239441,B02,0
asl_citizen:07485367496929474-FREEDOM,asl_citizen:07485367496929474-FREEDOM,P18,test,GOLD_EXISTING_LEXICAL_OR_SENTENCE,62,62,1,0.5258975625038147,B02,0
asl_citizen:5811721841692274-FREEDOM,asl_citizen:5811721841692274-FREEDOM,P15,test,GOLD_EXISTING_LEXICAL_OR_SENTENCE,62,62,1,0.9378166794776917,B02,0
asl_citizen:1985175620765396-GARAGE,asl_citizen:1985175620765396-GARAGE,P49,test,GOLD_EXISTING_LEXICAL_OR_SENTENCE,63,168,0,0.4661255478858948,B02,0
asl_citizen:46467934926765464-GARAGE,asl_citizen:46467934926765464-GARAGE,P47,test,GOLD_EXISTING_LEXICAL_OR_SENTENCE,63,63,1,0.9918849468231201,B02,0
asl_citizen:6989304329949362-GARAGE,asl_citizen:6989304329949362-GARAGE,P42,test,GOLD_EXISTING_LEXICAL_OR_SENTENCE,63,63,1,0.9879240393638611,B02,0
asl_citizen:6806126158088983-GARAGE,asl_citizen:6806126158088983-GARAGE,P48,test,GOLD_EXISTING_LEXICAL_OR_SENTENCE,63,63,1,0.9593088626861572,B02,0
asl_citizen:40702183093924416-GARAGE,asl_citizen:40702183093924416-GARAGE,P48,test,GOLD_EXISTING_LEXICAL_OR_SENTENCE,63,63,1,0.9951338171958923,B02,0
asl_citizen:8650648900173676-GARAGE,asl_citizen:8650648900173676-GARAGE,P15,test,GOLD_EXISTING_LEXICAL_OR_SENTENCE,63,63,1,0.9990711212158203,B02,0
asl_citizen:857303910466829-GARAGE,asl_citizen:857303910466829-GARAGE,P18,test,GOLD_EXISTING_LEXICAL_OR_SENTENCE,63,63,1,0.9915030002593994,B02,0
asl_citizen:9677772198173906-GARAGE,asl_citizen:9677772198173906-GARAGE,P9,test,GOLD_EXISTING_LEXICAL_OR_SENTENCE,63,63,1,0.9995817542076111,B02,0
asl_citizen:11348339081339809-GATE,asl_citizen:11348339081339809-GATE,P6,test,GOLD_EXISTING_LEXICAL_OR_SENTENCE,64,60,0,0.792481541633606,B02,0
asl_citizen:2605037361130531-GATE,asl_citizen:2605037361130531-GATE,P9,test,GOLD_EXISTING_LEXICAL_OR_SENTENCE,64,4,0,0.7701090574264526,B02,0
asl_citizen:9874233840463917-GATE,asl_citizen:9874233840463917-GATE,P49,test,GOLD_EXISTING_LEXICAL_OR_SENTENCE,64,60,0,0.3373810350894928,B02,0
asl_citizen:0824129931634554-GATE,asl_citizen:0824129931634554-GATE,P17,test,GOLD_EXISTING_LEXICAL_OR_SENTENCE,64,60,0,0.602785587310791,B02,0
asl_citizen:9142762122321779-GATE,asl_citizen:9142762122321779-GATE,P48,test,GOLD_EXISTING_LEXICAL_OR_SENTENCE,64,64,1,0.9475150108337402,B02,0
asl_citizen:04583581440125073-GATE,asl_citizen:04583581440125073-GATE,P15,test,GOLD_EXISTING_LEXICAL_OR_SENTENCE,64,64,1,0.5603299140930176,B02,0
asl_citizen:10067985618674702-GATE,asl_citizen:10067985618674702-GATE,P42,test,GOLD_EXISTING_LEXICAL_OR_SENTENCE,64,64,1,0.9933295845985413,B02,0
asl_citizen:5431975834295533-GATE,asl_citizen:5431975834295533-GATE,P18,test,GOLD_EXISTING_LEXICAL_OR_SENTENCE,64,64,1,0.9941434264183044,B02,0
asl_citizen:5141665255664414-GET IN_BED,asl_citizen:5141665255664414-GET IN_BED,P48,test,GOLD_EXISTING_LEXICAL_OR_SENTENCE,65,65,1,0.9134987592697144,B02,0
asl_citizen:8922404313289523-GET IN_BED,asl_citizen:8922404313289523-GET IN_BED,P49,test,GOLD_EXISTING_LEXICAL_OR_SENTENCE,65,65,1,0.9955704808235168,B02,0
asl_citizen:9234325073491914-GET IN_BED,asl_citizen:9234325073491914-GET IN_BED,P15,test,GOLD_EXISTING_LEXICAL_OR_SENTENCE,65,65,1,0.9569416642189026,B02,0
asl_citizen:9321717903861626-GET IN_BED,asl_citizen:9321717903861626-GET IN_BED,P6,test,GOLD_EXISTING_LEXICAL_OR_SENTENCE,65,50,0,0.8542547225952148,B02,0
asl_citizen:27258945352297204-GET IN_BED,asl_citizen:27258945352297204-GET IN_BED,P18,test,GOLD_EXISTING_LEXICAL_OR_SENTENCE,65,65,1,0.9978908896446228,B02,0
asl_citizen:3819033413541153-GET IN_BED,asl_citizen:3819033413541153-GET IN_BED,P17,test,GOLD_EXISTING_LEXICAL_OR_SENTENCE,65,50,0,0.5162816047668457,B02,0
asl_citizen:010781862222170924-GET IN_BED,asl_citizen:010781862222170924-GET IN_BED,P9,test,GOLD_EXISTING_LEXICAL_OR_SENTENCE,65,11,0,0.768835186958313,B02,0
asl_citizen:7181613496767076-GET IN_BED,asl_citizen:7181613496767076-GET IN_BED,P18,test,GOLD_EXISTING_LEXICAL_OR_SENTENCE,65,65,1,0.9189743399620056,B02,0
asl_citizen:1304390584234303-GLASSES,asl_citizen:1304390584234303-GLASSES,P22,test,GOLD_EXISTING_LEXICAL_OR_SENTENCE,66,66,1,0.989371657371521,B02,0
asl_citizen:41888961802665947-GLASSES,asl_citizen:41888961802665947-GLASSES,P17,test,GOLD_EXISTING_LEXICAL_OR_SENTENCE,66,66,1,0.9386052489280701,B02,0
asl_citizen:27056657020780817-GLASSES,asl_citizen:27056657020780817-GLASSES,P15,test,GOLD_EXISTING_LEXICAL_OR_SENTENCE,66,66,1,0.9653239250183105,B02,0
asl_citizen:16116333901512792-GLASSES,asl_citizen:16116333901512792-GLASSES,P6,test,GOLD_EXISTING_LEXICAL_OR_SENTENCE,66,66,1,0.9799745678901672,B02,0
asl_citizen:013476145787178595-GLASSES,asl_citizen:013476145787178595-GLASSES,P42,test,GOLD_EXISTING_LEXICAL_OR_SENTENCE,66,66,1,0.8667094707489014,B02,0
asl_citizen:8543895561492849-GLASSES,asl_citizen:8543895561492849-GLASSES,P35,test,GOLD_EXISTING_LEXICAL_OR_SENTENCE,66,66,1,0.6229820251464844,B02,0
asl_citizen:26442376603169215-GLASSES,asl_citizen:26442376603169215-GLASSES,P9,test,GOLD_EXISTING_LEXICAL_OR_SENTENCE,66,68,0,0.9949656128883362,B02,0
asl_citizen:052491761451185504-GLASSES,asl_citizen:052491761451185504-GLASSES,P49,test,GOLD_EXISTING_LEXICAL_OR_SENTENCE,66,66,1,0.707177996635437,B02,0
asl_citizen:5479992662177449-GOODY GOODY,asl_citizen:5479992662177449-GOODY GOODY,P15,test,GOLD_EXISTING_LEXICAL_OR_SENTENCE,67,67,1,0.9657343626022339,B02,0
asl_citizen:10875699503744718-GOODY GOODY,asl_citizen:10875699503744718-GOODY GOODY,P48,test,GOLD_EXISTING_LEXICAL_OR_SENTENCE,67,67,1,0.25015780329704285,B02,0
asl_citizen:9105476719221866-GOODY GOODY,asl_citizen:9105476719221866-GOODY GOODY,P49,test,GOLD_EXISTING_LEXICAL_OR_SENTENCE,67,194,0,0.3109704852104187,B02,0
asl_citizen:3321014085136289-GOODY GOODY,asl_citizen:3321014085136289-GOODY GOODY,P18,test,GOLD_EXISTING_LEXICAL_OR_SENTENCE,67,67,1,0.8906872272491455,B02,0
asl_citizen:06435626447582354-GOODY GOODY,asl_citizen:06435626447582354-GOODY GOODY,P49,test,GOLD_EXISTING_LEXICAL_OR_SENTENCE,67,67,1,0.9179673790931702,B02,0
asl_citizen:14950036237990116-GOODY GOODY,asl_citizen:14950036237990116-GOODY GOODY,P9,test,GOLD_EXISTING_LEXICAL_OR_SENTENCE,67,67,1,0.9111390709877014,B02,0
asl_citizen:4097373051748292-GOODY GOODY,asl_citizen:4097373051748292-GOODY GOODY,P42,test,GOLD_EXISTING_LEXICAL_OR_SENTENCE,67,67,1,0.9503632187843323,B02,0
asl_citizen:4656692508464748-GOODY GOODY,asl_citizen:4656692508464748-GOODY GOODY,P22,test,GOLD_EXISTING_LEXICAL_OR_SENTENCE,67,67,1,0.6786484718322754,B02,0
asl_citizen:03740321587125295-GOSSIP,asl_citizen:03740321587125295-GOSSIP,P6,test,GOLD_EXISTING_LEXICAL_OR_SENTENCE,68,68,1,0.9770945906639099,B02,0
asl_citizen:9939971429693508-GOSSIP,asl_citizen:9939971429693508-GOSSIP,P35,test,GOLD_EXISTING_LEXICAL_OR_SENTENCE,68,68,1,0.9756237268447876,B02,0
asl_citizen:5165746037760632-GOSSIP,asl_citizen:5165746037760632-GOSSIP,P18,test,GOLD_EXISTING_LEXICAL_OR_SENTENCE,68,68,1,0.9982123374938965,B02,0
asl_citizen:23172529882044524-GOSSIP,asl_citizen:23172529882044524-GOSSIP,P49,test,GOLD_EXISTING_LEXICAL_OR_SENTENCE,68,68,1,0.8283244967460632,B02,0
asl_citizen:39031509340426895-GOSSIP,asl_citizen:39031509340426895-GOSSIP,P15,test,GOLD_EXISTING_LEXICAL_OR_SENTENCE,68,100,0,0.18166853487491608,B02,0
asl_citizen:19982674343504603-GOSSIP,asl_citizen:19982674343504603-GOSSIP,P22,test,GOLD_EXISTING_LEXICAL_OR_SENTENCE,68,68,1,0.4180958867073059,B02,0
asl_citizen:9146918912613047-GOSSIP,asl_citizen:9146918912613047-GOSSIP,P48,test,GOLD_EXISTING_LEXICAL_OR_SENTENCE,68,66,0,0.6997549533843994,B02,0
asl_citizen:5762063843713603-GOSSIP,asl_citizen:5762063843713603-GOSSIP,P17,test,GOLD_EXISTING_LEXICAL_OR_SENTENCE,68,66,0,0.8989534974098206,B02,0
asl_citizen:37216701137025443-GRADE,asl_citizen:37216701137025443-GRADE,P6,test,GOLD_EXISTING_LEXICAL_OR_SENTENCE,69,69,1,0.5630748271942139,B02,0
asl_citizen:8393962306618334-GRADE,asl_citizen:8393962306618334-GRADE,P47,test,GOLD_EXISTING_LEXICAL_OR_SENTENCE,69,69,1,0.9773790836334229,B02,0
asl_citizen:33207404197369694-GRADE,asl_citizen:33207404197369694-GRADE,P48,test,GOLD_EXISTING_LEXICAL_OR_SENTENCE,69,69,1,0.9618195295333862,B02,0
asl_citizen:7579612818665484-GRADE,asl_citizen:7579612818665484-GRADE,P17,test,GOLD_EXISTING_LEXICAL_OR_SENTENCE,69,136,0,0.3390576243400574,B02,0
asl_citizen:794574458045535-GRADE,asl_citizen:794574458045535-GRADE,P15,test,GOLD_EXISTING_LEXICAL_OR_SENTENCE,69,69,1,0.9694879651069641,B02,0
asl_citizen:4345736314857702-GRADE,asl_citizen:4345736314857702-GRADE,P9,test,GOLD_EXISTING_LEXICAL_OR_SENTENCE,69,69,1,0.7645628452301025,B02,0
asl_citizen:5444393473662237-GRADE,asl_citizen:5444393473662237-GRADE,P22,test,GOLD_EXISTING_LEXICAL_OR_SENTENCE,69,69,1,0.9918308854103088,B02,0
asl_citizen:3393909896612719-GRADE,asl_citizen:3393909896612719-GRADE,P6,test,GOLD_EXISTING_LEXICAL_OR_SENTENCE,69,177,0,0.4087603688240051,B02,0
asl_citizen:4263603161819096-GREEN,asl_citizen:4263603161819096-GREEN,P6,test,GOLD_EXISTING_LEXICAL_OR_SENTENCE,70,70,1,0.8935244083404541,B02,0
asl_citizen:8521113894614278-GREEN,asl_citizen:8521113894614278-GREEN,P42,test,GOLD_EXISTING_LEXICAL_OR_SENTENCE,70,70,1,0.9976053237915039,B02,0
asl_citizen:5276371337374621-GREEN,asl_citizen:5276371337374621-GREEN,P35,test,GOLD_EXISTING_LEXICAL_OR_SENTENCE,70,70,1,0.999298095703125,B02,0
asl_citizen:7135369459309966-GREEN,asl_citizen:7135369459309966-GREEN,P47,test,GOLD_EXISTING_LEXICAL_OR_SENTENCE,70,70,1,0.9914957284927368,B02,0
asl_citizen:423338670903896-GREEN,asl_citizen:423338670903896-GREEN,P15,test,GOLD_EXISTING_LEXICAL_OR_SENTENCE,70,70,1,0.9103803038597107,B02,0
asl_citizen:1675036978582043-GREEN,asl_citizen:1675036978582043-GREEN,P18,test,GOLD_EXISTING_LEXICAL_OR_SENTENCE,70,70,1,0.9632754325866699,B02,0
asl_citizen:38510356895492914-GREEN,asl_citizen:38510356895492914-GREEN,P18,test,GOLD_EXISTING_LEXICAL_OR_SENTENCE,70,70,1,0.9399373531341553,B02,0
asl_citizen:8772249335735898-GREEN,asl_citizen:8772249335735898-GREEN,P9,test,GOLD_EXISTING_LEXICAL_OR_SENTENCE,70,70,1,0.9605716466903687,B02,0
asl_citizen:5820875139386561-GUESS,asl_citizen:5820875139386561-GUESS,P22,test,GOLD_EXISTING_LEXICAL_OR_SENTENCE,71,71,1,0.7810627818107605,B02,0
asl_citizen:5218419103318646-GUESS,asl_citizen:5218419103318646-GUESS,P9,test,GOLD_EXISTING_LEXICAL_OR_SENTENCE,71,71,1,0.7491442561149597,B02,0
asl_citizen:7900570521805592-GUESS,asl_citizen:7900570521805592-GUESS,P48,test,GOLD_EXISTING_LEXICAL_OR_SENTENCE,71,71,1,0.930804431438446,B02,0
asl_citizen:01603320772096839-GUESS,asl_citizen:01603320772096839-GUESS,P42,test,GOLD_EXISTING_LEXICAL_OR_SENTENCE,71,71,1,0.8682257533073425,B02,0
asl_citizen:8333184919350309-GUESS,asl_citizen:8333184919350309-GUESS,P18,test,GOLD_EXISTING_LEXICAL_OR_SENTENCE,71,71,1,0.9207494258880615,B02,0
asl_citizen:09844516715257434-GUESS,asl_citizen:09844516715257434-GUESS,P6,test,GOLD_EXISTING_LEXICAL_OR_SENTENCE,71,71,1,0.645101010799408,B02,0
asl_citizen:6568942384866152-GUESS,asl_citizen:6568942384866152-GUESS,P6,test,GOLD_EXISTING_LEXICAL_OR_SENTENCE,71,71,1,0.5718097686767578,B02,0
asl_citizen:25323376667781083-GUESS,asl_citizen:25323376667781083-GUESS,P49,test,GOLD_EXISTING_LEXICAL_OR_SENTENCE,71,71,1,0.7748308181762695,B02,0
asl_citizen:6741347999864296-HAIRDRYER 2,asl_citizen:6741347999864296-HAIRDRYER 2,P49,test,GOLD_EXISTING_LEXICAL_OR_SENTENCE,72,158,0,0.651847779750824,B02,0
asl_citizen:32498447351551696-HAIRDRYER 2,asl_citizen:32498447351551696-HAIRDRYER 2,P9,test,GOLD_EXISTING_LEXICAL_OR_SENTENCE,72,72,1,0.49996107816696167,B02,0
asl_citizen:6224497800300419-HAIRDRYER 2,asl_citizen:6224497800300419-HAIRDRYER 2,P42,test,GOLD_EXISTING_LEXICAL_OR_SENTENCE,72,72,1,0.7729501128196716,B02,0
asl_citizen:4243976120313342-HAIRDRYER 2,asl_citizen:4243976120313342-HAIRDRYER 2,P17,test,GOLD_EXISTING_LEXICAL_OR_SENTENCE,72,72,1,0.821285605430603,B02,0
asl_citizen:8109692495230645-HAIRDRYER 2,asl_citizen:8109692495230645-HAIRDRYER 2,P49,test,GOLD_EXISTING_LEXICAL_OR_SENTENCE,72,158,0,0.7001500725746155,B02,0
asl_citizen:9575492904668972-HAIRDRYER 2,asl_citizen:9575492904668972-HAIRDRYER 2,P48,test,GOLD_EXISTING_LEXICAL_OR_SENTENCE,72,72,1,0.9787396192550659,B02,0
asl_citizen:34183922704746017-HAIRDRYER 2,asl_citizen:34183922704746017-HAIRDRYER 2,P47,test,GOLD_EXISTING_LEXICAL_OR_SENTENCE,72,72,1,0.9450175762176514,B02,0
asl_citizen:6558978753678653-HAIRDRYER 2,asl_citizen:6558978753678653-HAIRDRYER 2,P15,test,GOLD_EXISTING_LEXICAL_OR_SENTENCE,72,72,1,0.9045228958129883,B02,0
asl_citizen:32098923929264234-HAT,asl_citizen:32098923929264234-HAT,P35,test,GOLD_EXISTING_LEXICAL_OR_SENTENCE,73,73,1,0.9997959733009338,B02,0
asl_citizen:9985415930780313-HAT,asl_citizen:9985415930780313-HAT,P15,test,GOLD_EXISTING_LEXICAL_OR_SENTENCE,73,73,1,0.9985880255699158,B02,0
asl_citizen:3036564121487382-HAT,asl_citizen:3036564121487382-HAT,P35,test,GOLD_EXISTING_LEXICAL_OR_SENTENCE,73,73,1,0.9995741248130798,B02,0
asl_citizen:8846398393301413-HAT,asl_citizen:8846398393301413-HAT,P6,test,GOLD_EXISTING_LEXICAL_OR_SENTENCE,73,173,0,0.5497080683708191,B02,0
asl_citizen:046600423860213125-HAT,asl_citizen:046600423860213125-HAT,P48,test,GOLD_EXISTING_LEXICAL_OR_SENTENCE,73,173,0,0.501555323600769,B02,0
asl_citizen:5533326468754092-HAT,asl_citizen:5533326468754092-HAT,P49,test,GOLD_EXISTING_LEXICAL_OR_SENTENCE,73,178,0,0.31391578912734985,B02,0
asl_citizen:26813077364981597-HAT,asl_citizen:26813077364981597-HAT,P18,test,GOLD_EXISTING_LEXICAL_OR_SENTENCE,73,73,1,0.993881106376648,B02,0
asl_citizen:6607991092996168-HAT,asl_citizen:6607991092996168-HAT,P22,test,GOLD_EXISTING_LEXICAL_OR_SENTENCE,73,173,0,0.7713739275932312,B02,0
asl_citizen:67900573933741-HEAR 1,asl_citizen:67900573933741-HEAR 1,P35,test,GOLD_EXISTING_LEXICAL_OR_SENTENCE,74,74,1,0.5230371356010437,B02,0
asl_citizen:9311193287262545-HEAR 1,asl_citizen:9311193287262545-HEAR 1,P15,test,GOLD_EXISTING_LEXICAL_OR_SENTENCE,74,74,1,0.5476093888282776,B02,0
asl_citizen:7966385870123283-HEAR 1,asl_citizen:7966385870123283-HEAR 1,P49,test,GOLD_EXISTING_LEXICAL_OR_SENTENCE,74,42,0,0.3620377480983734,B02,0
asl_citizen:7364131161995371-HEAR 1,asl_citizen:7364131161995371-HEAR 1,P48,test,GOLD_EXISTING_LEXICAL_OR_SENTENCE,74,112,0,0.2334277182817459,B02,0
asl_citizen:5311560559975703-HEAR 1,asl_citizen:5311560559975703-HEAR 1,P22,test,GOLD_EXISTING_LEXICAL_OR_SENTENCE,74,74,1,0.9747621417045593,B02,0
asl_citizen:35682230845078644-HEAR 1,asl_citizen:35682230845078644-HEAR 1,P9,test,GOLD_EXISTING_LEXICAL_OR_SENTENCE,74,74,1,0.9770095348358154,B02,0
asl_citizen:6954820762135137-HEAR 1,asl_citizen:6954820762135137-HEAR 1,P6,test,GOLD_EXISTING_LEXICAL_OR_SENTENCE,74,99,0,0.9135751724243164,B02,0
asl_citizen:761663678321769-HEAR 1,asl_citizen:761663678321769-HEAR 1,P47,test,GOLD_EXISTING_LEXICAL_OR_SENTENCE,74,111,0,0.5132201313972473,B02,0
asl_citizen:8082964374782353-HIGH,asl_citizen:8082964374782353-HIGH,P47,test,GOLD_EXISTING_LEXICAL_OR_SENTENCE,75,75,1,0.9899415373802185,B02,0
asl_citizen:019405526867787515-HIGH,asl_citizen:019405526867787515-HIGH,P6,test,GOLD_EXISTING_LEXICAL_OR_SENTENCE,75,75,1,0.9642767310142517,B02,0
asl_citizen:36696306461242334-HIGH,asl_citizen:36696306461242334-HIGH,P42,test,GOLD_EXISTING_LEXICAL_OR_SENTENCE,75,56,0,0.21654850244522095,B02,0
asl_citizen:03746782380974456-HIGH,asl_citizen:03746782380974456-HIGH,P9,test,GOLD_EXISTING_LEXICAL_OR_SENTENCE,75,75,1,0.9992208480834961,B02,0
asl_citizen:2330547622390684-HIGH,asl_citizen:2330547622390684-HIGH,P15,test,GOLD_EXISTING_LEXICAL_OR_SENTENCE,75,75,1,0.9982458353042603,B02,0
asl_citizen:7440067813913971-HIGH,asl_citizen:7440067813913971-HIGH,P17,test,GOLD_EXISTING_LEXICAL_OR_SENTENCE,75,101,0,0.44401225447654724,B02,0
asl_citizen:8048026569943465-HIGH,asl_citizen:8048026569943465-HIGH,P22,test,GOLD_EXISTING_LEXICAL_OR_SENTENCE,75,75,1,0.974915087223053,B02,0
asl_citizen:788612698571016-HIGH,asl_citizen:788612698571016-HIGH,P49,test,GOLD_EXISTING_LEXICAL_OR_SENTENCE,75,75,1,0.7251332402229309,B02,0
asl_citizen:676739603328083-HOME,asl_citizen:676739603328083-HOME,P35,test,GOLD_EXISTING_LEXICAL_OR_SENTENCE,76,76,1,0.9666796326637268,B02,0
asl_citizen:6867078000301718-HOME,asl_citizen:6867078000301718-HOME,P15,test,GOLD_EXISTING_LEXICAL_OR_SENTENCE,76,171,0,0.5918387174606323,B02,0
asl_citizen:12817656792505772-HOME,asl_citizen:12817656792505772-HOME,P6,test,GOLD_EXISTING_LEXICAL_OR_SENTENCE,76,160,0,0.7112060189247131,B02,0
asl_citizen:5902741029270153-HOME,asl_citizen:5902741029270153-HOME,P22,test,GOLD_EXISTING_LEXICAL_OR_SENTENCE,76,76,1,0.9462939500808716,B02,0
asl_citizen:15614531692180766-HOME,asl_citizen:15614531692180766-HOME,P47,test,GOLD_EXISTING_LEXICAL_OR_SENTENCE,76,76,1,0.960766077041626,B02,0
asl_citizen:2819168857196481-HOME,asl_citizen:2819168857196481-HOME,P49,test,GOLD_EXISTING_LEXICAL_OR_SENTENCE,76,76,1,0.49443891644477844,B02,0
asl_citizen:07893945056302032-HOME,asl_citizen:07893945056302032-HOME,P35,test,GOLD_EXISTING_LEXICAL_OR_SENTENCE,76,76,1,0.9494543671607971,B02,0
asl_citizen:8251121237297434-HOME,asl_citizen:8251121237297434-HOME,P17,test,GOLD_EXISTING_LEXICAL_OR_SENTENCE,76,76,1,0.9799139499664307,B02,0
asl_citizen:11775239102850565-HONEST,asl_citizen:11775239102850565-HONEST,P6,test,GOLD_EXISTING_LEXICAL_OR_SENTENCE,77,77,1,0.6047642230987549,B02,0
asl_citizen:9427860399005261-HONEST,asl_citizen:9427860399005261-HONEST,P35,test,GOLD_EXISTING_LEXICAL_OR_SENTENCE,77,77,1,0.9995946288108826,B02,0
asl_citizen:336316703924449-HONEST,asl_citizen:336316703924449-HONEST,P17,test,GOLD_EXISTING_LEXICAL_OR_SENTENCE,77,10,0,0.4910358488559723,B02,0
asl_citizen:24622145055242983-HONEST,asl_citizen:24622145055242983-HONEST,P49,test,GOLD_EXISTING_LEXICAL_OR_SENTENCE,77,77,1,0.9995688796043396,B02,0
asl_citizen:744556653605045-HONEST,asl_citizen:744556653605045-HONEST,P9,test,GOLD_EXISTING_LEXICAL_OR_SENTENCE,77,77,1,0.9736320376396179,B02,0
asl_citizen:021273201795612096-HONEST,asl_citizen:021273201795612096-HONEST,P42,test,GOLD_EXISTING_LEXICAL_OR_SENTENCE,77,77,1,0.9973095655441284,B02,0
asl_citizen:6755699533521777-HONEST,asl_citizen:6755699533521777-HONEST,P47,test,GOLD_EXISTING_LEXICAL_OR_SENTENCE,77,77,1,0.9975972771644592,B02,0
asl_citizen:8123638080996338-HONEST,asl_citizen:8123638080996338-HONEST,P22,test,GOLD_EXISTING_LEXICAL_OR_SENTENCE,77,141,0,0.4249808192253113,B02,0
asl_citizen:25551104180574113-HOOD,asl_citizen:25551104180574113-HOOD,P6,test,GOLD_EXISTING_LEXICAL_OR_SENTENCE,78,78,1,0.9699146151542664,B02,0
asl_citizen:8976000945964357-HOOD,asl_citizen:8976000945964357-HOOD,P47,test,GOLD_EXISTING_LEXICAL_OR_SENTENCE,78,78,1,0.9679401516914368,B02,0
asl_citizen:9263285575710896-HOOD,asl_citizen:9263285575710896-HOOD,P35,test,GOLD_EXISTING_LEXICAL_OR_SENTENCE,78,78,1,0.9480178356170654,B02,0
asl_citizen:1583359273533682-HOOD,asl_citizen:1583359273533682-HOOD,P48,test,GOLD_EXISTING_LEXICAL_OR_SENTENCE,78,78,1,0.9660601019859314,B02,0
asl_citizen:8155034004201016-HOOD,asl_citizen:8155034004201016-HOOD,P18,test,GOLD_EXISTING_LEXICAL_OR_SENTENCE,78,78,1,0.9973108768463135,B02,0
asl_citizen:5571272464622639-HOOD,asl_citizen:5571272464622639-HOOD,P22,test,GOLD_EXISTING_LEXICAL_OR_SENTENCE,78,78,1,0.9971839785575867,B02,0
asl_citizen:07922469608639848-HOOD,asl_citizen:07922469608639848-HOOD,P49,test,GOLD_EXISTING_LEXICAL_OR_SENTENCE,78,158,0,0.7675134539604187,B02,0
asl_citizen:15598900251707315-HOOD,asl_citizen:15598900251707315-HOOD,P15,test,GOLD_EXISTING_LEXICAL_OR_SENTENCE,78,78,1,0.9795169830322266,B02,0
asl_citizen:2692742482574726-HORSE,asl_citizen:2692742482574726-HORSE,P15,test,GOLD_EXISTING_LEXICAL_OR_SENTENCE,79,79,1,0.9750686287879944,B02,0
asl_citizen:5789807599290535-HORSE,asl_citizen:5789807599290535-HORSE,P17,test,GOLD_EXISTING_LEXICAL_OR_SENTENCE,79,79,1,0.5968753695487976,B02,0
asl_citizen:5727026839535156-HORSE,asl_citizen:5727026839535156-HORSE,P42,test,GOLD_EXISTING_LEXICAL_OR_SENTENCE,79,79,1,0.615921139717102,B02,0
asl_citizen:8313814355209994-HORSE,asl_citizen:8313814355209994-HORSE,P6,test,GOLD_EXISTING_LEXICAL_OR_SENTENCE,79,79,1,0.5800111293792725,B02,0
asl_citizen:8098690736190246-HORSE,asl_citizen:8098690736190246-HORSE,P49,test,GOLD_EXISTING_LEXICAL_OR_SENTENCE,79,79,1,0.632701575756073,B02,0
asl_citizen:14665061348656794-HORSE,asl_citizen:14665061348656794-HORSE,P22,test,GOLD_EXISTING_LEXICAL_OR_SENTENCE,79,139,0,0.460999459028244,B02,0
asl_citizen:42530790061664225-HORSE,asl_citizen:42530790061664225-HORSE,P47,test,GOLD_EXISTING_LEXICAL_OR_SENTENCE,79,79,1,0.9892605543136597,B02,0
asl_citizen:19343478371779788-HORSE,asl_citizen:19343478371779788-HORSE,P9,test,GOLD_EXISTING_LEXICAL_OR_SENTENCE,79,79,1,0.990933895111084,B02,0
asl_citizen:4378009582630418-HOSE,asl_citizen:4378009582630418-HOSE,P22,test,GOLD_EXISTING_LEXICAL_OR_SENTENCE,80,80,1,0.9993839263916016,B02,0
asl_citizen:5600046219533195-HOSE,asl_citizen:5600046219533195-HOSE,P48,test,GOLD_EXISTING_LEXICAL_OR_SENTENCE,80,152,0,0.7912601232528687,B02,0
asl_citizen:03730057138427045-HOSE,asl_citizen:03730057138427045-HOSE,P9,test,GOLD_EXISTING_LEXICAL_OR_SENTENCE,80,80,1,0.7870522737503052,B02,0
asl_citizen:49966105955096474-HOSE,asl_citizen:49966105955096474-HOSE,P6,test,GOLD_EXISTING_LEXICAL_OR_SENTENCE,80,158,0,0.8499496579170227,B02,0
asl_citizen:9065687854124962-HOSE,asl_citizen:9065687854124962-HOSE,P47,test,GOLD_EXISTING_LEXICAL_OR_SENTENCE,80,80,1,0.9625625014305115,B02,0
asl_citizen:31411278908677875-HOSE,asl_citizen:31411278908677875-HOSE,P49,test,GOLD_EXISTING_LEXICAL_OR_SENTENCE,80,80,1,0.9887171983718872,B02,0
asl_citizen:1499128629430715-HOSE,asl_citizen:1499128629430715-HOSE,P17,test,GOLD_EXISTING_LEXICAL_OR_SENTENCE,80,54,0,0.4699096381664276,B02,0
asl_citizen:15710227548781797-HOSE,asl_citizen:15710227548781797-HOSE,P15,test,GOLD_EXISTING_LEXICAL_OR_SENTENCE,80,80,1,0.9729918241500854,B02,0
asl_citizen:7309019208035838-HOT COMPETITION,asl_citizen:7309019208035838-HOT COMPETITION,P35,test,GOLD_EXISTING_LEXICAL_OR_SENTENCE,81,132,0,0.3225559890270233,B02,0
asl_citizen:008593165538921532-HOT COMPETITION,asl_citizen:008593165538921532-HOT COMPETITION,P47,test,GOLD_EXISTING_LEXICAL_OR_SENTENCE,81,81,1,0.9966297745704651,B02,0
asl_citizen:5326123026269636-HOT COMPETITION,asl_citizen:5326123026269636-HOT COMPETITION,P9,test,GOLD_EXISTING_LEXICAL_OR_SENTENCE,81,81,1,0.9050883054733276,B02,0
asl_citizen:056793841861314975-HOT COMPETITION,asl_citizen:056793841861314975-HOT COMPETITION,P18,test,GOLD_EXISTING_LEXICAL_OR_SENTENCE,81,81,1,0.646804690361023,B02,0
asl_citizen:9308334069107502-HOT COMPETITION,asl_citizen:9308334069107502-HOT COMPETITION,P48,test,GOLD_EXISTING_LEXICAL_OR_SENTENCE,81,81,1,0.906027615070343,B02,0
asl_citizen:42753123857435216-HOT COMPETITION,asl_citizen:42753123857435216-HOT COMPETITION,P17,test,GOLD_EXISTING_LEXICAL_OR_SENTENCE,81,81,1,0.9850167036056519,B02,0
asl_citizen:6680394676994672-HOT COMPETITION,asl_citizen:6680394676994672-HOT COMPETITION,P49,test,GOLD_EXISTING_LEXICAL_OR_SENTENCE,81,81,1,0.486708402633667,B02,0
asl_citizen:7248111191514559-HOT COMPETITION,asl_citizen:7248111191514559-HOT COMPETITION,P49,test,GOLD_EXISTING_LEXICAL_OR_SENTENCE,81,81,1,0.9740221500396729,B02,0
asl_citizen:9838705366556413-HOUR,asl_citizen:9838705366556413-HOUR,P9,test,GOLD_EXISTING_LEXICAL_OR_SENTENCE,82,95,0,0.1518150269985199,B02,0
asl_citizen:23859553321528004-HOUR,asl_citizen:23859553321528004-HOUR,P6,test,GOLD_EXISTING_LEXICAL_OR_SENTENCE,82,95,0,0.559495210647583,B02,0
asl_citizen:5161657443452838-HOUR,asl_citizen:5161657443452838-HOUR,P48,test,GOLD_EXISTING_LEXICAL_OR_SENTENCE,82,82,1,0.9080418944358826,B02,0
asl_citizen:2617780282048199-HOUR,asl_citizen:2617780282048199-HOUR,P15,test,GOLD_EXISTING_LEXICAL_OR_SENTENCE,82,82,1,0.9982019662857056,B02,0
asl_citizen:6246295603567458-HOUR,asl_citizen:6246295603567458-HOUR,P35,test,GOLD_EXISTING_LEXICAL_OR_SENTENCE,82,82,1,0.9916046857833862,B02,0
asl_citizen:13124271472652205-HOUR,asl_citizen:13124271472652205-HOUR,P49,test,GOLD_EXISTING_LEXICAL_OR_SENTENCE,82,82,1,0.9951695799827576,B02,0
asl_citizen:9190739293672041-HOUR,asl_citizen:9190739293672041-HOUR,P42,test,GOLD_EXISTING_LEXICAL_OR_SENTENCE,82,82,1,0.999119222164154,B02,0
asl_citizen:2967497671012651-HOUR,asl_citizen:2967497671012651-HOUR,P15,test,GOLD_EXISTING_LEXICAL_OR_SENTENCE,82,82,1,0.9985238909721375,B02,0
asl_citizen:6119825081396184-HOW,asl_citizen:6119825081396184-HOW,P9,test,GOLD_EXISTING_LEXICAL_OR_SENTENCE,83,83,1,0.48632436990737915,B02,0
asl_citizen:3976156540390696-HOW,asl_citizen:3976156540390696-HOW,P6,test,GOLD_EXISTING_LEXICAL_OR_SENTENCE,83,83,1,0.5990642309188843,B02,0
asl_citizen:670019265660998-HOW,asl_citizen:670019265660998-HOW,P15,test,GOLD_EXISTING_LEXICAL_OR_SENTENCE,83,81,0,0.9405290484428406,B02,0
asl_citizen:25388875174562653-HOW,asl_citizen:25388875174562653-HOW,P35,test,GOLD_EXISTING_LEXICAL_OR_SENTENCE,83,83,1,0.991133987903595,B02,0
asl_citizen:12045635816655964-HOW,asl_citizen:12045635816655964-HOW,P22,test,GOLD_EXISTING_LEXICAL_OR_SENTENCE,83,83,1,0.9607695937156677,B02,0
asl_citizen:8032623168123776-HOW,asl_citizen:8032623168123776-HOW,P48,test,GOLD_EXISTING_LEXICAL_OR_SENTENCE,83,83,1,0.968079149723053,B02,0
asl_citizen:9935032342175718-HOW,asl_citizen:9935032342175718-HOW,P18,test,GOLD_EXISTING_LEXICAL_OR_SENTENCE,83,83,1,0.7150300145149231,B02,0
asl_citizen:06437354909692172-HOW,asl_citizen:06437354909692172-HOW,P47,test,GOLD_EXISTING_LEXICAL_OR_SENTENCE,83,83,1,0.996098518371582,B02,0
asl_citizen:9175029534932002-IDEA,asl_citizen:9175029534932002-IDEA,P42,test,GOLD_EXISTING_LEXICAL_OR_SENTENCE,84,84,1,0.9870147705078125,B02,0
asl_citizen:39832665158284586-IDEA,asl_citizen:39832665158284586-IDEA,P9,test,GOLD_EXISTING_LEXICAL_OR_SENTENCE,84,84,1,0.9955236911773682,B02,0
asl_citizen:05896609052960833-IDEA,asl_citizen:05896609052960833-IDEA,P35,test,GOLD_EXISTING_LEXICAL_OR_SENTENCE,84,84,1,0.9993532299995422,B02,0
asl_citizen:012630206816134137-IDEA,asl_citizen:012630206816134137-IDEA,P47,test,GOLD_EXISTING_LEXICAL_OR_SENTENCE,84,84,1,0.5922245383262634,B02,0
asl_citizen:14252290148381364-IDEA,asl_citizen:14252290148381364-IDEA,P18,test,GOLD_EXISTING_LEXICAL_OR_SENTENCE,84,84,1,0.9867398738861084,B02,0
asl_citizen:8650018253260388-IDEA,asl_citizen:8650018253260388-IDEA,P17,test,GOLD_EXISTING_LEXICAL_OR_SENTENCE,84,84,1,0.8827835321426392,B02,0
asl_citizen:5478752453847953-IDEA,asl_citizen:5478752453847953-IDEA,P15,test,GOLD_EXISTING_LEXICAL_OR_SENTENCE,84,84,1,0.9970362186431885,B02,0
asl_citizen:6696951439312999-IDEA,asl_citizen:6696951439312999-IDEA,P22,test,GOLD_EXISTING_LEXICAL_OR_SENTENCE,84,84,1,0.9617106914520264,B02,0
asl_citizen:6557459030517943-I LOVE_YOU,asl_citizen:6557459030517943-I LOVE_YOU,P17,test,GOLD_EXISTING_LEXICAL_OR_SENTENCE,85,85,1,0.7275258898735046,B02,0
asl_citizen:9907335846979228-I LOVE_YOU,asl_citizen:9907335846979228-I LOVE_YOU,P9,test,GOLD_EXISTING_LEXICAL_OR_SENTENCE,85,85,1,0.9968308806419373,B02,0
asl_citizen:34490682580511267-I LOVE_YOU,asl_citizen:34490682580511267-I LOVE_YOU,P42,test,GOLD_EXISTING_LEXICAL_OR_SENTENCE,85,85,1,0.9600791335105896,B02,0
asl_citizen:8849753275378287-I LOVE_YOU,asl_citizen:8849753275378287-I LOVE_YOU,P18,test,GOLD_EXISTING_LEXICAL_OR_SENTENCE,85,85,1,0.9913943409919739,B02,0
asl_citizen:7493890316618326-I LOVE_YOU,asl_citizen:7493890316618326-I LOVE_YOU,P15,test,GOLD_EXISTING_LEXICAL_OR_SENTENCE,85,85,1,0.9805915951728821,B02,0
asl_citizen:08874443399142495-I LOVE_YOU,asl_citizen:08874443399142495-I LOVE_YOU,P6,test,GOLD_EXISTING_LEXICAL_OR_SENTENCE,85,85,1,0.7609567046165466,B02,0
asl_citizen:5826688362186219-I LOVE_YOU,asl_citizen:5826688362186219-I LOVE_YOU,P48,test,GOLD_EXISTING_LEXICAL_OR_SENTENCE,85,85,1,0.8818666934967041,B02,0
asl_citizen:7639904302705367-I LOVE_YOU,asl_citizen:7639904302705367-I LOVE_YOU,P22,test,GOLD_EXISTING_LEXICAL_OR_SENTENCE,85,85,1,0.9902335405349731,B02,0
asl_citizen:3463705826519745-INTEREST,asl_citizen:3463705826519745-INTEREST,P18,test,GOLD_EXISTING_LEXICAL_OR_SENTENCE,86,86,1,0.9902347326278687,B02,0
asl_citizen:38052402121060425-INTEREST,asl_citizen:38052402121060425-INTEREST,P9,test,GOLD_EXISTING_LEXICAL_OR_SENTENCE,86,7,0,0.26033344864845276,B02,0
asl_citizen:8023619855424482-INTEREST,asl_citizen:8023619855424482-INTEREST,P15,test,GOLD_EXISTING_LEXICAL_OR_SENTENCE,86,86,1,0.9660635590553284,B02,0
asl_citizen:8116297240291286-INTEREST,asl_citizen:8116297240291286-INTEREST,P35,test,GOLD_EXISTING_LEXICAL_OR_SENTENCE,86,86,1,0.9509488344192505,B02,0
asl_citizen:7796514898484361-INTEREST,asl_citizen:7796514898484361-INTEREST,P48,test,GOLD_EXISTING_LEXICAL_OR_SENTENCE,86,86,1,0.9392939805984497,B02,0
asl_citizen:36812439575962763-INTEREST,asl_citizen:36812439575962763-INTEREST,P35,test,GOLD_EXISTING_LEXICAL_OR_SENTENCE,86,86,1,0.9770768284797668,B02,0
asl_citizen:9875372584872615-INTEREST,asl_citizen:9875372584872615-INTEREST,P17,test,GOLD_EXISTING_LEXICAL_OR_SENTENCE,86,86,1,0.3120001256465912,B02,0
asl_citizen:9844100730450818-INTEREST,asl_citizen:9844100730450818-INTEREST,P49,test,GOLD_EXISTING_LEXICAL_OR_SENTENCE,86,86,1,0.5476604700088501,B02,0
asl_citizen:10261467643150368-JOIN,asl_citizen:10261467643150368-JOIN,P18,test,GOLD_EXISTING_LEXICAL_OR_SENTENCE,87,87,1,0.5411149263381958,B02,0
asl_citizen:3326476870060395-JOIN,asl_citizen:3326476870060395-JOIN,P22,test,GOLD_EXISTING_LEXICAL_OR_SENTENCE,87,87,1,0.4725908041000366,B02,0
asl_citizen:4441345550988667-JOIN,asl_citizen:4441345550988667-JOIN,P47,test,GOLD_EXISTING_LEXICAL_OR_SENTENCE,87,87,1,0.9305704832077026,B02,0
asl_citizen:1174592625933808-JOIN,asl_citizen:1174592625933808-JOIN,P15,test,GOLD_EXISTING_LEXICAL_OR_SENTENCE,87,87,1,0.9575235247612,B02,0
asl_citizen:4761719915092386-JOIN,asl_citizen:4761719915092386-JOIN,P35,test,GOLD_EXISTING_LEXICAL_OR_SENTENCE,87,87,1,0.9931747317314148,B02,0
asl_citizen:45140722148508927-JOIN,asl_citizen:45140722148508927-JOIN,P9,test,GOLD_EXISTING_LEXICAL_OR_SENTENCE,87,177,0,0.23914501070976257,B02,0
asl_citizen:8210590206040755-JOIN,asl_citizen:8210590206040755-JOIN,P17,test,GOLD_EXISTING_LEXICAL_OR_SENTENCE,87,178,0,0.35284334421157837,B02,0
asl_citizen:41616634478859305-JOIN,asl_citizen:41616634478859305-JOIN,P48,test,GOLD_EXISTING_LEXICAL_OR_SENTENCE,87,87,1,0.9682195782661438,B02,0
asl_citizen:6999554349676462-KANGAROO 2,asl_citizen:6999554349676462-KANGAROO 2,P47,test,GOLD_EXISTING_LEXICAL_OR_SENTENCE,88,88,1,0.932357132434845,B02,0
asl_citizen:6912740108616413-KANGAROO 2,asl_citizen:6912740108616413-KANGAROO 2,P47,test,GOLD_EXISTING_LEXICAL_OR_SENTENCE,88,88,1,0.9892697930335999,B02,0
asl_citizen:7038656360784132-KANGAROO 2,asl_citizen:7038656360784132-KANGAROO 2,P17,test,GOLD_EXISTING_LEXICAL_OR_SENTENCE,88,12,0,0.5403521060943604,B02,0
asl_citizen:02773029522559667-KANGAROO 2,asl_citizen:02773029522559667-KANGAROO 2,P18,test,GOLD_EXISTING_LEXICAL_OR_SENTENCE,88,88,1,0.9734706878662109,B02,0
asl_citizen:7278557369974619-KANGAROO 2,asl_citizen:7278557369974619-KANGAROO 2,P48,test,GOLD_EXISTING_LEXICAL_OR_SENTENCE,88,88,1,0.9804446697235107,B02,0
asl_citizen:34090409563989277-KANGAROO 2,asl_citizen:34090409563989277-KANGAROO 2,P42,test,GOLD_EXISTING_LEXICAL_OR_SENTENCE,88,88,1,0.997235119342804,B02,0
asl_citizen:521189301267927-KANGAROO 2,asl_citizen:521189301267927-KANGAROO 2,P9,test,GOLD_EXISTING_LEXICAL_OR_SENTENCE,88,12,0,0.605941116809845,B02,0
asl_citizen:7429768838609976-KANGAROO 2,asl_citizen:7429768838609976-KANGAROO 2,P49,test,GOLD_EXISTING_LEXICAL_OR_SENTENCE,88,88,1,0.9779729247093201,B02,0
asl_citizen:3317409314556574-KICK,asl_citizen:3317409314556574-KICK,P15,test,GOLD_EXISTING_LEXICAL_OR_SENTENCE,89,89,1,0.8885401487350464,B02,0
asl_citizen:14817251207565518-KICK,asl_citizen:14817251207565518-KICK,P22,test,GOLD_EXISTING_LEXICAL_OR_SENTENCE,89,89,1,0.9773241877555847,B02,0
asl_citizen:9314133936472424-KICK,asl_citizen:9314133936472424-KICK,P42,test,GOLD_EXISTING_LEXICAL_OR_SENTENCE,89,89,1,0.9991946816444397,B02,0
asl_citizen:795937483601687-KICK,asl_citizen:795937483601687-KICK,P35,test,GOLD_EXISTING_LEXICAL_OR_SENTENCE,89,89,1,0.9978171586990356,B02,0
asl_citizen:9851624659949432-KICK,asl_citizen:9851624659949432-KICK,P17,test,GOLD_EXISTING_LEXICAL_OR_SENTENCE,89,37,0,0.4223913550376892,B02,0
asl_citizen:4586573817891195-KICK,asl_citizen:4586573817891195-KICK,P6,test,GOLD_EXISTING_LEXICAL_OR_SENTENCE,89,58,0,0.5439361929893494,B02,0
asl_citizen:4844899157287599-KICK,asl_citizen:4844899157287599-KICK,P48,test,GOLD_EXISTING_LEXICAL_OR_SENTENCE,89,89,1,0.9758288264274597,B02,0
asl_citizen:7521188582882532-KICK,asl_citizen:7521188582882532-KICK,P18,test,GOLD_EXISTING_LEXICAL_OR_SENTENCE,89,89,1,0.7575453519821167,B02,0
asl_citizen:6424296514507701-KNIGHT,asl_citizen:6424296514507701-KNIGHT,P47,test,GOLD_EXISTING_LEXICAL_OR_SENTENCE,90,90,1,0.894111156463623,B02,0
asl_citizen:31090954261767045-KNIGHT,asl_citizen:31090954261767045-KNIGHT,P48,test,GOLD_EXISTING_LEXICAL_OR_SENTENCE,90,44,0,0.5781577229499817,B02,0
asl_citizen:6508516478167936-KNIGHT,asl_citizen:6508516478167936-KNIGHT,P35,test,GOLD_EXISTING_LEXICAL_OR_SENTENCE,90,90,1,0.9436067342758179,B02,0
asl_citizen:6067700660442612-KNIGHT,asl_citizen:6067700660442612-KNIGHT,P9,test,GOLD_EXISTING_LEXICAL_OR_SENTENCE,90,90,1,0.8894872069358826,B02,0
asl_citizen:13614436278754405-KNIGHT,asl_citizen:13614436278754405-KNIGHT,P22,test,GOLD_EXISTING_LEXICAL_OR_SENTENCE,90,90,1,0.9948297142982483,B02,0
asl_citizen:6839450933707614-KNIGHT,asl_citizen:6839450933707614-KNIGHT,P42,test,GOLD_EXISTING_LEXICAL_OR_SENTENCE,90,90,1,0.9843260645866394,B02,0
asl_citizen:5339362864225501-KNIGHT,asl_citizen:5339362864225501-KNIGHT,P49,test,GOLD_EXISTING_LEXICAL_OR_SENTENCE,90,90,1,0.7523515224456787,B02,0
asl_citizen:7130845415896367-KNIGHT,asl_citizen:7130845415896367-KNIGHT,P17,test,GOLD_EXISTING_LEXICAL_OR_SENTENCE,90,90,1,0.46402764320373535,B02,0
asl_citizen:10272082908204028-KNOCK,asl_citizen:10272082908204028-KNOCK,P18,test,GOLD_EXISTING_LEXICAL_OR_SENTENCE,91,91,1,0.8322135210037231,B02,0
asl_citizen:05950764626712579-KNOCK,asl_citizen:05950764626712579-KNOCK,P42,test,GOLD_EXISTING_LEXICAL_OR_SENTENCE,91,91,1,0.9957380294799805,B02,0
asl_citizen:26124622385285345-KNOCK,asl_citizen:26124622385285345-KNOCK,P48,test,GOLD_EXISTING_LEXICAL_OR_SENTENCE,91,163,0,0.3359234631061554,B02,0
asl_citizen:8255235186857126-KNOCK,asl_citizen:8255235186857126-KNOCK,P17,test,GOLD_EXISTING_LEXICAL_OR_SENTENCE,91,91,1,0.34046420454978943,B02,0
asl_citizen:8791176648131089-KNOCK,asl_citizen:8791176648131089-KNOCK,P47,test,GOLD_EXISTING_LEXICAL_OR_SENTENCE,91,91,1,0.9854316115379333,B02,0
asl_citizen:15126432622280284-KNOCK,asl_citizen:15126432622280284-KNOCK,P15,test,GOLD_EXISTING_LEXICAL_OR_SENTENCE,91,91,1,0.8120026588439941,B02,0
asl_citizen:9543360683932953-KNOCK,asl_citizen:9543360683932953-KNOCK,P6,test,GOLD_EXISTING_LEXICAL_OR_SENTENCE,91,91,1,0.4504217505455017,B02,0
asl_citizen:37600566998390006-KNOCK,asl_citizen:37600566998390006-KNOCK,P9,test,GOLD_EXISTING_LEXICAL_OR_SENTENCE,91,20,0,0.5393356680870056,B02,0
asl_citizen:6718430672491644-KNOCK OFF,asl_citizen:6718430672491644-KNOCK OFF,P48,test,GOLD_EXISTING_LEXICAL_OR_SENTENCE,92,92,1,0.7973412275314331,B02,0
asl_citizen:9283447894074739-KNOCK OFF,asl_citizen:9283447894074739-KNOCK OFF,P18,test,GOLD_EXISTING_LEXICAL_OR_SENTENCE,92,92,1,0.9363054633140564,B02,0
asl_citizen:6321583448772241-KNOCK OFF,asl_citizen:6321583448772241-KNOCK OFF,P22,test,GOLD_EXISTING_LEXICAL_OR_SENTENCE,92,92,1,0.8541221618652344,B02,0
asl_citizen:18199044839935596-KNOCK OFF,asl_citizen:18199044839935596-KNOCK OFF,P42,test,GOLD_EXISTING_LEXICAL_OR_SENTENCE,92,92,1,0.9193519949913025,B02,0
asl_citizen:22872224787766382-KNOCK OFF,asl_citizen:22872224787766382-KNOCK OFF,P15,test,GOLD_EXISTING_LEXICAL_OR_SENTENCE,92,92,1,0.9802958369255066,B02,0
asl_citizen:21873448157457043-KNOCK OFF,asl_citizen:21873448157457043-KNOCK OFF,P49,test,GOLD_EXISTING_LEXICAL_OR_SENTENCE,92,92,1,0.8645806908607483,B02,0
asl_citizen:929331239326652-KNOCK OFF,asl_citizen:929331239326652-KNOCK OFF,P17,test,GOLD_EXISTING_LEXICAL_OR_SENTENCE,92,92,1,0.5692543387413025,B02,0
asl_citizen:3665447424963564-KNOCK OFF,asl_citizen:3665447424963564-KNOCK OFF,P15,test,GOLD_EXISTING_LEXICAL_OR_SENTENCE,92,92,1,0.550499439239502,B02,0
asl_citizen:7311303636632447-LAST WEEK,asl_citizen:7311303636632447-LAST WEEK,P42,test,GOLD_EXISTING_LEXICAL_OR_SENTENCE,93,93,1,0.9951121211051941,B02,0
asl_citizen:21609426897118422-LAST WEEK,asl_citizen:21609426897118422-LAST WEEK,P47,test,GOLD_EXISTING_LEXICAL_OR_SENTENCE,93,93,1,0.999653697013855,B02,0
asl_citizen:11603479511382164-LAST WEEK,asl_citizen:11603479511382164-LAST WEEK,P6,test,GOLD_EXISTING_LEXICAL_OR_SENTENCE,93,125,0,0.19642846286296844,B02,0
asl_citizen:3925552982624321-LAST WEEK,asl_citizen:3925552982624321-LAST WEEK,P47,test,GOLD_EXISTING_LEXICAL_OR_SENTENCE,93,93,1,0.9949319958686829,B02,0
asl_citizen:1411499219278891-LAST WEEK,asl_citizen:1411499219278891-LAST WEEK,P9,test,GOLD_EXISTING_LEXICAL_OR_SENTENCE,93,93,1,0.473315566778183,B02,0
asl_citizen:6115709690042423-LAST WEEK,asl_citizen:6115709690042423-LAST WEEK,P15,test,GOLD_EXISTING_LEXICAL_OR_SENTENCE,93,93,1,0.9967660903930664,B02,0
asl_citizen:3670373402114482-LAST WEEK,asl_citizen:3670373402114482-LAST WEEK,P35,test,GOLD_EXISTING_LEXICAL_OR_SENTENCE,93,93,1,0.9823396801948547,B02,0
asl_citizen:4650198376404946-LAST WEEK,asl_citizen:4650198376404946-LAST WEEK,P48,test,GOLD_EXISTING_LEXICAL_OR_SENTENCE,93,93,1,0.9882587194442749,B02,0
asl_citizen:496560180727154-LEAD,asl_citizen:496560180727154-LEAD,P47,test,GOLD_EXISTING_LEXICAL_OR_SENTENCE,94,94,1,0.9807543754577637,B02,0
asl_citizen:33390126062499537-LEAD,asl_citizen:33390126062499537-LEAD,P22,test,GOLD_EXISTING_LEXICAL_OR_SENTENCE,94,94,1,0.9424822926521301,B02,0
asl_citizen:9641378475198281-LEAD,asl_citizen:9641378475198281-LEAD,P35,test,GOLD_EXISTING_LEXICAL_OR_SENTENCE,94,94,1,0.9986904263496399,B02,0
asl_citizen:06867393032433267-LEAD,asl_citizen:06867393032433267-LEAD,P49,test,GOLD_EXISTING_LEXICAL_OR_SENTENCE,94,94,1,0.9600233435630798,B02,0
asl_citizen:8825208259954367-LEAD,asl_citizen:8825208259954367-LEAD,P48,test,GOLD_EXISTING_LEXICAL_OR_SENTENCE,94,94,1,0.9961941242218018,B02,0
asl_citizen:014637863876320933-LEAD,asl_citizen:014637863876320933-LEAD,P15,test,GOLD_EXISTING_LEXICAL_OR_SENTENCE,94,94,1,0.9781298637390137,B02,0
asl_citizen:874254463987109-LEAD,asl_citizen:874254463987109-LEAD,P9,test,GOLD_EXISTING_LEXICAL_OR_SENTENCE,94,157,0,0.19644653797149658,B02,0
asl_citizen:7677123520667197-LEAD,asl_citizen:7677123520667197-LEAD,P18,test,GOLD_EXISTING_LEXICAL_OR_SENTENCE,94,81,0,0.900634229183197,B02,0
asl_citizen:20457985258147482-LEAVE ALONE,asl_citizen:20457985258147482-LEAVE ALONE,P17,test,GOLD_EXISTING_LEXICAL_OR_SENTENCE,95,95,1,0.4138708710670471,B02,0
asl_citizen:8775049512451283-LEAVE ALONE,asl_citizen:8775049512451283-LEAVE ALONE,P35,test,GOLD_EXISTING_LEXICAL_OR_SENTENCE,95,95,1,0.974460244178772,B02,0
asl_citizen:049806503817004355-LEAVE ALONE,asl_citizen:049806503817004355-LEAVE ALONE,P47,test,GOLD_EXISTING_LEXICAL_OR_SENTENCE,95,95,1,0.43506181240081787,B02,0
asl_citizen:885383702806398-LEAVE ALONE,asl_citizen:885383702806398-LEAVE ALONE,P18,test,GOLD_EXISTING_LEXICAL_OR_SENTENCE,95,95,1,0.8818447589874268,B02,0
asl_citizen:3181175663329634-LEAVE ALONE,asl_citizen:3181175663329634-LEAVE ALONE,P22,test,GOLD_EXISTING_LEXICAL_OR_SENTENCE,95,95,1,0.6696652173995972,B02,0
asl_citizen:633078924967877-LEAVE ALONE,asl_citizen:633078924967877-LEAVE ALONE,P15,test,GOLD_EXISTING_LEXICAL_OR_SENTENCE,95,95,1,0.8445996642112732,B02,0
asl_citizen:09278594465984513-LEAVE ALONE,asl_citizen:09278594465984513-LEAVE ALONE,P9,test,GOLD_EXISTING_LEXICAL_OR_SENTENCE,95,2,0,0.7139256596565247,B02,0
asl_citizen:1838606017695643-LEAVE ALONE,asl_citizen:1838606017695643-LEAVE ALONE,P48,test,GOLD_EXISTING_LEXICAL_OR_SENTENCE,95,177,0,0.41635408997535706,B02,0
asl_citizen:3766044578749139-LESS,asl_citizen:3766044578749139-LESS,P17,test,GOLD_EXISTING_LEXICAL_OR_SENTENCE,96,96,1,0.7233327031135559,B02,0
asl_citizen:7575553737702381-LESS,asl_citizen:7575553737702381-LESS,P15,test,GOLD_EXISTING_LEXICAL_OR_SENTENCE,96,96,1,0.9534276127815247,B02,0
asl_citizen:12975955861028488-LESS,asl_citizen:12975955861028488-LESS,P49,test,GOLD_EXISTING_LEXICAL_OR_SENTENCE,96,4,0,0.41004496812820435,B02,0
asl_citizen:5149052830997158-LESS,asl_citizen:5149052830997158-LESS,P22,test,GOLD_EXISTING_LEXICAL_OR_SENTENCE,96,96,1,0.974773108959198,B02,0
asl_citizen:3974339076715794-LESS,asl_citizen:3974339076715794-LESS,P18,test,GOLD_EXISTING_LEXICAL_OR_SENTENCE,96,96,1,0.9834204316139221,B02,0
asl_citizen:2286569439935593-LESS,asl_citizen:2286569439935593-LESS,P6,test,GOLD_EXISTING_LEXICAL_OR_SENTENCE,96,4,0,0.47291383147239685,B02,0
asl_citizen:9690000210347673-LESS,asl_citizen:9690000210347673-LESS,P35,test,GOLD_EXISTING_LEXICAL_OR_SENTENCE,96,96,1,0.9870046973228455,B02,0
asl_citizen:2110666143402815-LESS,asl_citizen:2110666143402815-LESS,P47,test,GOLD_EXISTING_LEXICAL_OR_SENTENCE,96,96,1,0.9677624106407166,B02,0
asl_citizen:7847137420042962-LETTER,asl_citizen:7847137420042962-LETTER,P22,test,GOLD_EXISTING_LEXICAL_OR_SENTENCE,97,132,0,0.7954848408699036,B02,0
asl_citizen:21694981592310691-LETTER,asl_citizen:21694981592310691-LETTER,P18,test,GOLD_EXISTING_LEXICAL_OR_SENTENCE,97,97,1,0.4624652862548828,B02,0
asl_citizen:18173948788093508-LETTER,asl_citizen:18173948788093508-LETTER,P35,test,GOLD_EXISTING_LEXICAL_OR_SENTENCE,97,97,1,0.9624074697494507,B02,0
asl_citizen:9004580078644244-LETTER,asl_citizen:9004580078644244-LETTER,P6,test,GOLD_EXISTING_LEXICAL_OR_SENTENCE,97,132,0,0.43115416169166565,B02,0
asl_citizen:8209838408910182-LETTER,asl_citizen:8209838408910182-LETTER,P17,test,GOLD_EXISTING_LEXICAL_OR_SENTENCE,97,83,0,0.4781153202056885,B02,0
asl_citizen:9257468079791424-LETTER,asl_citizen:9257468079791424-LETTER,P49,test,GOLD_EXISTING_LEXICAL_OR_SENTENCE,97,97,1,0.9841011166572571,B02,0
asl_citizen:3060651520152393-LETTER,asl_citizen:3060651520152393-LETTER,P42,test,GOLD_EXISTING_LEXICAL_OR_SENTENCE,97,97,1,0.9406241178512573,B02,0
asl_citizen:8586239510635882-LETTER,asl_citizen:8586239510635882-LETTER,P9,test,GOLD_EXISTING_LEXICAL_OR_SENTENCE,97,60,0,0.44901299476623535,B02,0
asl_citizen:5534005644089397-LIKE,asl_citizen:5534005644089397-LIKE,P48,test,GOLD_EXISTING_LEXICAL_OR_SENTENCE,98,98,1,0.39442169666290283,B02,0
asl_citizen:14992936899376108-LIKE,asl_citizen:14992936899376108-LIKE,P15,test,GOLD_EXISTING_LEXICAL_OR_SENTENCE,98,98,1,0.9441975355148315,B02,0
asl_citizen:754822541664977-LIKE,asl_citizen:754822541664977-LIKE,P47,test,GOLD_EXISTING_LEXICAL_OR_SENTENCE,98,98,1,0.9903023838996887,B02,0
asl_citizen:06793339114876251-LIKE,asl_citizen:06793339114876251-LIKE,P17,test,GOLD_EXISTING_LEXICAL_OR_SENTENCE,98,98,1,0.7854037880897522,B02,0
asl_citizen:9890231765881607-LIKE,asl_citizen:9890231765881607-LIKE,P17,test,GOLD_EXISTING_LEXICAL_OR_SENTENCE,98,98,1,0.385885089635849,B02,0
asl_citizen:07790071532440357-LIKE,asl_citizen:07790071532440357-LIKE,P18,test,GOLD_EXISTING_LEXICAL_OR_SENTENCE,98,98,1,0.951781153678894,B02,0
asl_citizen:8311673208101575-LIKE,asl_citizen:8311673208101575-LIKE,P35,test,GOLD_EXISTING_LEXICAL_OR_SENTENCE,98,98,1,0.9923195242881775,B02,0
asl_citizen:7341162668077774-LIKE,asl_citizen:7341162668077774-LIKE,P22,test,GOLD_EXISTING_LEXICAL_OR_SENTENCE,98,86,0,0.8861783742904663,B02,0
asl_citizen:6581828527977396-LONELY,asl_citizen:6581828527977396-LONELY,P6,test,GOLD_EXISTING_LEXICAL_OR_SENTENCE,99,12,0,0.8835064172744751,B02,0
asl_citizen:20504717844934728-LONELY,asl_citizen:20504717844934728-LONELY,P15,test,GOLD_EXISTING_LEXICAL_OR_SENTENCE,99,99,1,0.5035121440887451,B02,0
asl_citizen:8322599304215745-LONELY,asl_citizen:8322599304215745-LONELY,P9,test,GOLD_EXISTING_LEXICAL_OR_SENTENCE,99,99,1,0.7554550766944885,B02,0
asl_citizen:3694302205356903-LONELY,asl_citizen:3694302205356903-LONELY,P35,test,GOLD_EXISTING_LEXICAL_OR_SENTENCE,99,99,1,0.8116596341133118,B02,0
asl_citizen:3608530895366442-LONELY,asl_citizen:3608530895366442-LONELY,P49,test,GOLD_EXISTING_LEXICAL_OR_SENTENCE,99,99,1,0.983036458492279,B02,0
asl_citizen:12874319395300882-LONELY,asl_citizen:12874319395300882-LONELY,P18,test,GOLD_EXISTING_LEXICAL_OR_SENTENCE,99,99,1,0.5365140438079834,B02,0
asl_citizen:5796544970623321-LONELY,asl_citizen:5796544970623321-LONELY,P17,test,GOLD_EXISTING_LEXICAL_OR_SENTENCE,99,99,1,0.9537720084190369,B02,0
asl_citizen:10449512023217378-LONELY,asl_citizen:10449512023217378-LONELY,P6,test,GOLD_EXISTING_LEXICAL_OR_SENTENCE,99,99,1,0.4958858788013458,B02,0
asl_citizen:8184808106573449-LOUD,asl_citizen:8184808106573449-LOUD,P17,test,GOLD_EXISTING_LEXICAL_OR_SENTENCE,100,100,1,0.8902937173843384,B02,0
asl_citizen:5161337017777314-LOUD,asl_citizen:5161337017777314-LOUD,P35,test,GOLD_EXISTING_LEXICAL_OR_SENTENCE,100,100,1,0.9810814261436462,B02,0
asl_citizen:08609561861401249-LOUD,asl_citizen:08609561861401249-LOUD,P49,test,GOLD_EXISTING_LEXICAL_OR_SENTENCE,100,100,1,0.8646184802055359,B02,0
asl_citizen:6826713928685002-LOUD,asl_citizen:6826713928685002-LOUD,P15,test,GOLD_EXISTING_LEXICAL_OR_SENTENCE,100,136,0,0.44226643443107605,B02,0
asl_citizen:40877102588627867-LOUD,asl_citizen:40877102588627867-LOUD,P18,test,GOLD_EXISTING_LEXICAL_OR_SENTENCE,100,100,1,0.9778443574905396,B02,0
asl_citizen:7550518813765172-LOUD,asl_citizen:7550518813765172-LOUD,P47,test,GOLD_EXISTING_LEXICAL_OR_SENTENCE,100,100,1,0.7983489632606506,B02,0
asl_citizen:9337226750931078-LOUD,asl_citizen:9337226750931078-LOUD,P15,test,GOLD_EXISTING_LEXICAL_OR_SENTENCE,100,100,1,0.969163715839386,B02,0
asl_citizen:6071328780118881-LOUD,asl_citizen:6071328780118881-LOUD,P42,test,GOLD_EXISTING_LEXICAL_OR_SENTENCE,100,100,1,0.30280300974845886,B02,0
asl_citizen:7765257296515713-LOUSY,asl_citizen:7765257296515713-LOUSY,P42,test,GOLD_EXISTING_LEXICAL_OR_SENTENCE,101,101,1,0.3050035834312439,B02,0
asl_citizen:8739755384335415-LOUSY,asl_citizen:8739755384335415-LOUSY,P9,test,GOLD_EXISTING_LEXICAL_OR_SENTENCE,101,154,0,0.5735493898391724,B02,0
asl_citizen:48894240559600144-LOUSY,asl_citizen:48894240559600144-LOUSY,P47,test,GOLD_EXISTING_LEXICAL_OR_SENTENCE,101,101,1,0.5012313723564148,B02,0
asl_citizen:16515938923272588-LOUSY,asl_citizen:16515938923272588-LOUSY,P17,test,GOLD_EXISTING_LEXICAL_OR_SENTENCE,101,182,0,0.3841066360473633,B02,0
asl_citizen:9422547835427539-LOUSY,asl_citizen:9422547835427539-LOUSY,P49,test,GOLD_EXISTING_LEXICAL_OR_SENTENCE,101,101,1,0.6782004237174988,B02,0
asl_citizen:25586144297506497-LOUSY,asl_citizen:25586144297506497-LOUSY,P15,test,GOLD_EXISTING_LEXICAL_OR_SENTENCE,101,101,1,0.9800231456756592,B02,0
asl_citizen:0558857213960704-LOUSY,asl_citizen:0558857213960704-LOUSY,P35,test,GOLD_EXISTING_LEXICAL_OR_SENTENCE,101,101,1,0.8963446617126465,B02,0
asl_citizen:7689262614619319-LOUSY,asl_citizen:7689262614619319-LOUSY,P22,test,GOLD_EXISTING_LEXICAL_OR_SENTENCE,101,101,1,0.607357919216156,B02,0
asl_citizen:8638170424352227-MACHINE,asl_citizen:8638170424352227-MACHINE,P15,test,GOLD_EXISTING_LEXICAL_OR_SENTENCE,102,102,1,0.9972108006477356,B02,0
asl_citizen:18415694800604854-MACHINE,asl_citizen:18415694800604854-MACHINE,P9,test,GOLD_EXISTING_LEXICAL_OR_SENTENCE,102,102,1,0.9993129968643188,B02,0
asl_citizen:6696060343334742-MACHINE,asl_citizen:6696060343334742-MACHINE,P17,test,GOLD_EXISTING_LEXICAL_OR_SENTENCE,102,102,1,0.9993736147880554,B02,0
asl_citizen:9548616004278536-MACHINE,asl_citizen:9548616004278536-MACHINE,P42,test,GOLD_EXISTING_LEXICAL_OR_SENTENCE,102,102,1,0.9911132454872131,B02,0
asl_citizen:8648104150007732-MACHINE,asl_citizen:8648104150007732-MACHINE,P35,test,GOLD_EXISTING_LEXICAL_OR_SENTENCE,102,102,1,0.9648526310920715,B02,0
asl_citizen:047744754842641735-MACHINE,asl_citizen:047744754842641735-MACHINE,P18,test,GOLD_EXISTING_LEXICAL_OR_SENTENCE,102,102,1,0.9989890456199646,B02,0
asl_citizen:7351627589400986-MACHINE,asl_citizen:7351627589400986-MACHINE,P22,test,GOLD_EXISTING_LEXICAL_OR_SENTENCE,102,102,1,0.9926745295524597,B02,0
asl_citizen:8218317305291161-MACHINE,asl_citizen:8218317305291161-MACHINE,P49,test,GOLD_EXISTING_LEXICAL_OR_SENTENCE,102,102,1,0.9988700747489929,B02,0
asl_citizen:4814381667317289-MAGNET 4,asl_citizen:4814381667317289-MAGNET 4,P6,test,GOLD_EXISTING_LEXICAL_OR_SENTENCE,103,12,0,0.4344346523284912,B02,0
asl_citizen:8572384484855342-MAGNET 4,asl_citizen:8572384484855342-MAGNET 4,P48,test,GOLD_EXISTING_LEXICAL_OR_SENTENCE,103,103,1,0.9277360439300537,B02,0
asl_citizen:8140914609372221-MAGNET 4,asl_citizen:8140914609372221-MAGNET 4,P18,test,GOLD_EXISTING_LEXICAL_OR_SENTENCE,103,103,1,0.9958478212356567,B02,0
asl_citizen:6193845268905063-MAGNET 4,asl_citizen:6193845268905063-MAGNET 4,P49,test,GOLD_EXISTING_LEXICAL_OR_SENTENCE,103,103,1,0.8241252899169922,B02,0
asl_citizen:6812470091525507-MAGNET 4,asl_citizen:6812470091525507-MAGNET 4,P9,test,GOLD_EXISTING_LEXICAL_OR_SENTENCE,103,12,0,0.5643702149391174,B02,0
asl_citizen:6773410594132379-MAGNET 4,asl_citizen:6773410594132379-MAGNET 4,P17,test,GOLD_EXISTING_LEXICAL_OR_SENTENCE,103,12,0,0.8471167087554932,B02,0
asl_citizen:14142583077799675-MAGNET 4,asl_citizen:14142583077799675-MAGNET 4,P35,test,GOLD_EXISTING_LEXICAL_OR_SENTENCE,103,103,1,0.9957181811332703,B02,0
asl_citizen:3123019006762424-MAGNET 4,asl_citizen:3123019006762424-MAGNET 4,P22,test,GOLD_EXISTING_LEXICAL_OR_SENTENCE,103,103,1,0.9974494576454163,B02,0
asl_citizen:4277002796751932-MARCH,asl_citizen:4277002796751932-MARCH,P15,test,GOLD_EXISTING_LEXICAL_OR_SENTENCE,104,104,1,0.9734159708023071,B02,0
asl_citizen:10351527495084278-MARCH,asl_citizen:10351527495084278-MARCH,P9,test,GOLD_EXISTING_LEXICAL_OR_SENTENCE,104,110,0,0.27342724800109863,B02,0
asl_citizen:4909574070034046-MARCH,asl_citizen:4909574070034046-MARCH,P17,test,GOLD_EXISTING_LEXICAL_OR_SENTENCE,104,131,0,0.9170625805854797,B02,0
asl_citizen:6131926769314229-MARCH,asl_citizen:6131926769314229-MARCH,P22,test,GOLD_EXISTING_LEXICAL_OR_SENTENCE,104,104,1,0.4003670811653137,B02,0
asl_citizen:13737285866684545-MARCH,asl_citizen:13737285866684545-MARCH,P17,test,GOLD_EXISTING_LEXICAL_OR_SENTENCE,104,131,0,0.7944900989532471,B02,0
asl_citizen:16527613442836597-MARCH,asl_citizen:16527613442836597-MARCH,P18,test,GOLD_EXISTING_LEXICAL_OR_SENTENCE,104,104,1,0.9262865781784058,B02,0
asl_citizen:3312131055648564-MARCH,asl_citizen:3312131055648564-MARCH,P47,test,GOLD_EXISTING_LEXICAL_OR_SENTENCE,104,104,1,0.9523599147796631,B02,0
asl_citizen:7688120472357758-MARCH,asl_citizen:7688120472357758-MARCH,P35,test,GOLD_EXISTING_LEXICAL_OR_SENTENCE,104,106,0,0.4347747266292572,B02,0
asl_citizen:905669132583419-MARIONETTE,asl_citizen:905669132583419-MARIONETTE,P42,test,GOLD_EXISTING_LEXICAL_OR_SENTENCE,105,105,1,0.9992145299911499,B02,0
asl_citizen:47080200925775495-MARIONETTE,asl_citizen:47080200925775495-MARIONETTE,P49,test,GOLD_EXISTING_LEXICAL_OR_SENTENCE,105,105,1,0.9973824620246887,B02,0
asl_citizen:8844342945670085-MARIONETTE,asl_citizen:8844342945670085-MARIONETTE,P22,test,GOLD_EXISTING_LEXICAL_OR_SENTENCE,105,105,1,0.9957444071769714,B02,0
asl_citizen:047877656234055266-MARIONETTE,asl_citizen:047877656234055266-MARIONETTE,P9,test,GOLD_EXISTING_LEXICAL_OR_SENTENCE,105,105,1,0.9964472651481628,B02,0
asl_citizen:126128532287358-MARIONETTE,asl_citizen:126128532287358-MARIONETTE,P49,test,GOLD_EXISTING_LEXICAL_OR_SENTENCE,105,105,1,0.9983959794044495,B02,0
asl_citizen:16164550836171676-MARIONETTE,asl_citizen:16164550836171676-MARIONETTE,P47,test,GOLD_EXISTING_LEXICAL_OR_SENTENCE,105,105,1,0.9915379285812378,B02,0
asl_citizen:09384880650768346-MARIONETTE,asl_citizen:09384880650768346-MARIONETTE,P22,test,GOLD_EXISTING_LEXICAL_OR_SENTENCE,105,105,1,0.9947580695152283,B02,0
asl_citizen:3800125379325625-MARIONETTE,asl_citizen:3800125379325625-MARIONETTE,P6,test,GOLD_EXISTING_LEXICAL_OR_SENTENCE,105,105,1,0.9995946288108826,B02,0
asl_citizen:7040981713256163-MCDONALDS,asl_citizen:7040981713256163-MCDONALDS,P47,test,GOLD_EXISTING_LEXICAL_OR_SENTENCE,106,106,1,0.9817609190940857,B02,0
asl_citizen:5874765836957119-MCDONALDS,asl_citizen:5874765836957119-MCDONALDS,P6,test,GOLD_EXISTING_LEXICAL_OR_SENTENCE,106,106,1,0.6638659834861755,B02,0
asl_citizen:7813636142781688-MCDONALDS,asl_citizen:7813636142781688-MCDONALDS,P9,test,GOLD_EXISTING_LEXICAL_OR_SENTENCE,106,106,1,0.5050795674324036,B02,0
asl_citizen:2996117601179258-MCDONALDS,asl_citizen:2996117601179258-MCDONALDS,P35,test,GOLD_EXISTING_LEXICAL_OR_SENTENCE,106,120,0,0.6163199543952942,B02,0
asl_citizen:41720255599518996-MCDONALDS,asl_citizen:41720255599518996-MCDONALDS,P18,test,GOLD_EXISTING_LEXICAL_OR_SENTENCE,106,106,1,0.9556898474693298,B02,0
asl_citizen:6507719674243777-MCDONALDS,asl_citizen:6507719674243777-MCDONALDS,P42,test,GOLD_EXISTING_LEXICAL_OR_SENTENCE,106,106,1,0.9795742034912109,B02,0
asl_citizen:4853146411770348-MCDONALDS,asl_citizen:4853146411770348-MCDONALDS,P48,test,GOLD_EXISTING_LEXICAL_OR_SENTENCE,106,106,1,0.9458879232406616,B02,0
asl_citizen:02245845146630887-MCDONALDS,asl_citizen:02245845146630887-MCDONALDS,P49,test,GOLD_EXISTING_LEXICAL_OR_SENTENCE,106,106,1,0.6164604425430298,B02,0
asl_citizen:5250098605525317-MEGAPHONE,asl_citizen:5250098605525317-MEGAPHONE,P42,test,GOLD_EXISTING_LEXICAL_OR_SENTENCE,107,107,1,0.7389364838600159,B02,0
asl_citizen:4996361585795577-MEGAPHONE,asl_citizen:4996361585795577-MEGAPHONE,P47,test,GOLD_EXISTING_LEXICAL_OR_SENTENCE,107,107,1,0.900708019733429,B02,0
asl_citizen:719922302086274-MEGAPHONE,asl_citizen:719922302086274-MEGAPHONE,P15,test,GOLD_EXISTING_LEXICAL_OR_SENTENCE,107,107,1,0.7591251730918884,B02,0
asl_citizen:18395976874875375-MEGAPHONE,asl_citizen:18395976874875375-MEGAPHONE,P17,test,GOLD_EXISTING_LEXICAL_OR_SENTENCE,107,107,1,0.9872904419898987,B02,0
asl_citizen:6452324514866103-MEGAPHONE,asl_citizen:6452324514866103-MEGAPHONE,P48,test,GOLD_EXISTING_LEXICAL_OR_SENTENCE,107,107,1,0.9411087036132812,B02,0
asl_citizen:22176410041562655-MEGAPHONE,asl_citizen:22176410041562655-MEGAPHONE,P6,test,GOLD_EXISTING_LEXICAL_OR_SENTENCE,107,107,1,0.9737507104873657,B02,0
asl_citizen:8075636170068727-MEGAPHONE,asl_citizen:8075636170068727-MEGAPHONE,P18,test,GOLD_EXISTING_LEXICAL_OR_SENTENCE,107,107,1,0.9909957051277161,B02,0
asl_citizen:6826038169065098-MEGAPHONE,asl_citizen:6826038169065098-MEGAPHONE,P6,test,GOLD_EXISTING_LEXICAL_OR_SENTENCE,107,107,1,0.8485583066940308,B02,0
asl_citizen:4379892379536312-MELT,asl_citizen:4379892379536312-MELT,P18,test,GOLD_EXISTING_LEXICAL_OR_SENTENCE,108,108,1,0.8932819366455078,B02,0
asl_citizen:7265416145254715-MELT,asl_citizen:7265416145254715-MELT,P22,test,GOLD_EXISTING_LEXICAL_OR_SENTENCE,108,108,1,0.8809202313423157,B02,0
asl_citizen:9135611139015642-MELT,asl_citizen:9135611139015642-MELT,P17,test,GOLD_EXISTING_LEXICAL_OR_SENTENCE,108,108,1,0.827899158000946,B02,0
asl_citizen:5397246682359633-MELT,asl_citizen:5397246682359633-MELT,P49,test,GOLD_EXISTING_LEXICAL_OR_SENTENCE,108,108,1,0.9751117825508118,B02,0
asl_citizen:16083830822863376-MELT,asl_citizen:16083830822863376-MELT,P48,test,GOLD_EXISTING_LEXICAL_OR_SENTENCE,108,108,1,0.6599014401435852,B02,0
asl_citizen:2004435807227265-MELT,asl_citizen:2004435807227265-MELT,P42,test,GOLD_EXISTING_LEXICAL_OR_SENTENCE,108,108,1,0.8675207495689392,B02,0
asl_citizen:5333872353047073-MELT,asl_citizen:5333872353047073-MELT,P6,test,GOLD_EXISTING_LEXICAL_OR_SENTENCE,108,108,1,0.983608067035675,B02,0
asl_citizen:22245860220492308-MELT,asl_citizen:22245860220492308-MELT,P9,test,GOLD_EXISTING_LEXICAL_OR_SENTENCE,108,57,0,0.7874216437339783,B02,0
asl_citizen:38658363695302955-METAPHOR,asl_citizen:38658363695302955-METAPHOR,P47,test,GOLD_EXISTING_LEXICAL_OR_SENTENCE,109,109,1,0.34426406025886536,B02,0
asl_citizen:14067173764837326-METAPHOR,asl_citizen:14067173764837326-METAPHOR,P49,test,GOLD_EXISTING_LEXICAL_OR_SENTENCE,109,145,0,0.8860666155815125,B02,0
asl_citizen:8760745806886943-METAPHOR,asl_citizen:8760745806886943-METAPHOR,P48,test,GOLD_EXISTING_LEXICAL_OR_SENTENCE,109,109,1,0.9628467559814453,B02,0
asl_citizen:8211788729156835-METAPHOR,asl_citizen:8211788729156835-METAPHOR,P17,test,GOLD_EXISTING_LEXICAL_OR_SENTENCE,109,145,0,0.7239583134651184,B02,0
asl_citizen:6604465138689248-METAPHOR,asl_citizen:6604465138689248-METAPHOR,P42,test,GOLD_EXISTING_LEXICAL_OR_SENTENCE,109,109,1,0.9943859577178955,B02,0
asl_citizen:11472099550900938-METAPHOR,asl_citizen:11472099550900938-METAPHOR,P9,test,GOLD_EXISTING_LEXICAL_OR_SENTENCE,109,145,0,0.8404699563980103,B02,0
asl_citizen:3692896280985889-METAPHOR,asl_citizen:3692896280985889-METAPHOR,P6,test,GOLD_EXISTING_LEXICAL_OR_SENTENCE,109,145,0,0.28027716279029846,B02,0
asl_citizen:52685420454991-METAPHOR,asl_citizen:52685420454991-METAPHOR,P49,test,GOLD_EXISTING_LEXICAL_OR_SENTENCE,109,109,1,0.8426899909973145,B02,0
asl_citizen:8848468275463137-MICROWAVE,asl_citizen:8848468275463137-MICROWAVE,P47,test,GOLD_EXISTING_LEXICAL_OR_SENTENCE,110,110,1,0.9422774314880371,B02,0
asl_citizen:06840796839295349-MICROWAVE,asl_citizen:06840796839295349-MICROWAVE,P42,test,GOLD_EXISTING_LEXICAL_OR_SENTENCE,110,110,1,0.4836929142475128,B02,0
asl_citizen:17055563250734962-MICROWAVE,asl_citizen:17055563250734962-MICROWAVE,P9,test,GOLD_EXISTING_LEXICAL_OR_SENTENCE,110,110,1,0.9981620907783508,B02,0
asl_citizen:17989378091539732-MICROWAVE,asl_citizen:17989378091539732-MICROWAVE,P17,test,GOLD_EXISTING_LEXICAL_OR_SENTENCE,110,110,1,0.5708937048912048,B02,0
asl_citizen:6160542518583716-MICROWAVE,asl_citizen:6160542518583716-MICROWAVE,P18,test,GOLD_EXISTING_LEXICAL_OR_SENTENCE,110,110,1,0.9406659603118896,B02,0
asl_citizen:4604553331341965-MICROWAVE,asl_citizen:4604553331341965-MICROWAVE,P35,test,GOLD_EXISTING_LEXICAL_OR_SENTENCE,110,110,1,0.9941298961639404,B02,0
asl_citizen:8264695546073981-MICROWAVE,asl_citizen:8264695546073981-MICROWAVE,P9,test,GOLD_EXISTING_LEXICAL_OR_SENTENCE,110,110,1,0.8089506030082703,B02,0
asl_citizen:5269450237359465-MICROWAVE,asl_citizen:5269450237359465-MICROWAVE,P15,test,GOLD_EXISTING_LEXICAL_OR_SENTENCE,110,110,1,0.6634571552276611,B02,0
asl_citizen:7510578035766555-MIND,asl_citizen:7510578035766555-MIND,P48,test,GOLD_EXISTING_LEXICAL_OR_SENTENCE,111,111,1,0.528734028339386,B02,0
asl_citizen:858540535860477-MIND,asl_citizen:858540535860477-MIND,P18,test,GOLD_EXISTING_LEXICAL_OR_SENTENCE,111,24,0,0.7601457238197327,B02,0
asl_citizen:8262142004823687-MIND,asl_citizen:8262142004823687-MIND,P9,test,GOLD_EXISTING_LEXICAL_OR_SENTENCE,111,111,1,0.6036713719367981,B02,0
asl_citizen:4330631836471439-MIND,asl_citizen:4330631836471439-MIND,P22,test,GOLD_EXISTING_LEXICAL_OR_SENTENCE,111,111,1,0.7883746027946472,B02,0
asl_citizen:9843619879646708-MIND,asl_citizen:9843619879646708-MIND,P6,test,GOLD_EXISTING_LEXICAL_OR_SENTENCE,111,111,1,0.9616110324859619,B02,0
asl_citizen:6128047097160874-MIND,asl_citizen:6128047097160874-MIND,P42,test,GOLD_EXISTING_LEXICAL_OR_SENTENCE,111,111,1,0.9378843903541565,B02,0
asl_citizen:40753497213460643-MIND,asl_citizen:40753497213460643-MIND,P15,test,GOLD_EXISTING_LEXICAL_OR_SENTENCE,111,111,1,0.46921437978744507,B02,0
asl_citizen:4446009939735813-MIND,asl_citizen:4446009939735813-MIND,P17,test,GOLD_EXISTING_LEXICAL_OR_SENTENCE,111,111,1,0.9724285006523132,B02,0
asl_citizen:9719044296851025-MIND TURNED,asl_citizen:9719044296851025-MIND TURNED,P22,test,GOLD_EXISTING_LEXICAL_OR_SENTENCE,112,112,1,0.9980040192604065,B02,0
asl_citizen:1491965494510772-MIND TURNED,asl_citizen:1491965494510772-MIND TURNED,P49,test,GOLD_EXISTING_LEXICAL_OR_SENTENCE,112,112,1,0.7909724116325378,B02,0
asl_citizen:19040520530482552-MIND TURNED,asl_citizen:19040520530482552-MIND TURNED,P42,test,GOLD_EXISTING_LEXICAL_OR_SENTENCE,112,112,1,0.9936177730560303,B02,0
asl_citizen:14852033048203994-MIND TURNED,asl_citizen:14852033048203994-MIND TURNED,P9,test,GOLD_EXISTING_LEXICAL_OR_SENTENCE,112,107,0,0.21356713771820068,B02,0
asl_citizen:1572050020098581-MIND TURNED,asl_citizen:1572050020098581-MIND TURNED,P48,test,GOLD_EXISTING_LEXICAL_OR_SENTENCE,112,112,1,0.9866257905960083,B02,0
asl_citizen:6467531221656091-MIND TURNED,asl_citizen:6467531221656091-MIND TURNED,P49,test,GOLD_EXISTING_LEXICAL_OR_SENTENCE,112,112,1,0.44994184374809265,B02,0
asl_citizen:7599793440183931-MIND TURNED,asl_citizen:7599793440183931-MIND TURNED,P15,test,GOLD_EXISTING_LEXICAL_OR_SENTENCE,112,111,0,0.4271967113018036,B02,0
asl_citizen:30580085699561765-MIND TURNED,asl_citizen:30580085699561765-MIND TURNED,P18,test,GOLD_EXISTING_LEXICAL_OR_SENTENCE,112,112,1,0.8791429400444031,B02,0
asl_citizen:2964595750887693-MOTIVATION,asl_citizen:2964595750887693-MOTIVATION,P48,test,GOLD_EXISTING_LEXICAL_OR_SENTENCE,113,10,0,0.419094443321228,B02,0
asl_citizen:8140962392594375-MOTIVATION,asl_citizen:8140962392594375-MOTIVATION,P17,test,GOLD_EXISTING_LEXICAL_OR_SENTENCE,113,113,1,0.999574601650238,B02,0
asl_citizen:11255520795867491-MOTIVATION,asl_citizen:11255520795867491-MOTIVATION,P48,test,GOLD_EXISTING_LEXICAL_OR_SENTENCE,113,113,1,0.8203522562980652,B02,0
asl_citizen:6923471938353045-MOTIVATION,asl_citizen:6923471938353045-MOTIVATION,P47,test,GOLD_EXISTING_LEXICAL_OR_SENTENCE,113,113,1,0.9990264177322388,B02,0
asl_citizen:5882868022582974-MOTIVATION,asl_citizen:5882868022582974-MOTIVATION,P9,test,GOLD_EXISTING_LEXICAL_OR_SENTENCE,113,113,1,0.991940975189209,B02,0
asl_citizen:21157303166547115-MOTIVATION,asl_citizen:21157303166547115-MOTIVATION,P6,test,GOLD_EXISTING_LEXICAL_OR_SENTENCE,113,10,0,0.5353449583053589,B02,0
asl_citizen:596544754384154-MOTIVATION,asl_citizen:596544754384154-MOTIVATION,P15,test,GOLD_EXISTING_LEXICAL_OR_SENTENCE,113,113,1,0.9972137808799744,B02,0
asl_citizen:8801021771668356-MOTIVATION,asl_citizen:8801021771668356-MOTIVATION,P18,test,GOLD_EXISTING_LEXICAL_OR_SENTENCE,113,40,0,0.13049454987049103,B02,0
asl_citizen:7384807608009649-MOUNTAIN 2,asl_citizen:7384807608009649-MOUNTAIN 2,P15,test,GOLD_EXISTING_LEXICAL_OR_SENTENCE,114,114,1,0.3040607273578644,B02,0
asl_citizen:796702879606981-MOUNTAIN 2,asl_citizen:796702879606981-MOUNTAIN 2,P17,test,GOLD_EXISTING_LEXICAL_OR_SENTENCE,114,114,1,0.9930077791213989,B02,0
asl_citizen:1677083999282356-MOUNTAIN 2,asl_citizen:1677083999282356-MOUNTAIN 2,P6,test,GOLD_EXISTING_LEXICAL_OR_SENTENCE,114,33,0,0.31294140219688416,B02,0
asl_citizen:03584301363827458-MOUNTAIN 2,asl_citizen:03584301363827458-MOUNTAIN 2,P9,test,GOLD_EXISTING_LEXICAL_OR_SENTENCE,114,114,1,0.9217473864555359,B02,0
asl_citizen:5259324787071324-MOUNTAIN 2,asl_citizen:5259324787071324-MOUNTAIN 2,P22,test,GOLD_EXISTING_LEXICAL_OR_SENTENCE,114,114,1,0.9942763447761536,B02,0
asl_citizen:714472293012999-MOUNTAIN 2,asl_citizen:714472293012999-MOUNTAIN 2,P18,test,GOLD_EXISTING_LEXICAL_OR_SENTENCE,114,114,1,0.8451539278030396,B02,0
asl_citizen:6963327798208054-MOUNTAIN 2,asl_citizen:6963327798208054-MOUNTAIN 2,P15,test,GOLD_EXISTING_LEXICAL_OR_SENTENCE,114,195,0,0.3417354226112366,B02,0
asl_citizen:045332940498782115-MOUNTAIN 2,asl_citizen:045332940498782115-MOUNTAIN 2,P48,test,GOLD_EXISTING_LEXICAL_OR_SENTENCE,114,114,1,0.9800567030906677,B02,0
asl_citizen:873138728167018-MOVIE 2,asl_citizen:873138728167018-MOVIE 2,P18,test,GOLD_EXISTING_LEXICAL_OR_SENTENCE,115,115,1,0.9993615746498108,B02,0
asl_citizen:2759539942032052-MOVIE 2,asl_citizen:2759539942032052-MOVIE 2,P47,test,GOLD_EXISTING_LEXICAL_OR_SENTENCE,115,115,1,0.9933727979660034,B02,0
asl_citizen:8995381714770196-MOVIE 2,asl_citizen:8995381714770196-MOVIE 2,P15,test,GOLD_EXISTING_LEXICAL_OR_SENTENCE,115,115,1,0.9408910274505615,B02,0
asl_citizen:4263965197921298-MOVIE 2,asl_citizen:4263965197921298-MOVIE 2,P48,test,GOLD_EXISTING_LEXICAL_OR_SENTENCE,115,115,1,0.9686776399612427,B02,0
asl_citizen:5496060928393556-MOVIE 2,asl_citizen:5496060928393556-MOVIE 2,P49,test,GOLD_EXISTING_LEXICAL_OR_SENTENCE,115,115,1,0.988763689994812,B02,0
asl_citizen:9534133337166826-MOVIE 2,asl_citizen:9534133337166826-MOVIE 2,P18,test,GOLD_EXISTING_LEXICAL_OR_SENTENCE,115,115,1,0.9998082518577576,B02,0
asl_citizen:2826717851122651-MOVIE 2,asl_citizen:2826717851122651-MOVIE 2,P47,test,GOLD_EXISTING_LEXICAL_OR_SENTENCE,115,115,1,0.9985038042068481,B02,0
asl_citizen:4931019173217699-MOVIE 2,asl_citizen:4931019173217699-MOVIE 2,P17,test,GOLD_EXISTING_LEXICAL_OR_SENTENCE,115,190,0,0.9279183149337769,B02,0
asl_citizen:9166220101554237-NEAR,asl_citizen:9166220101554237-NEAR,P48,test,GOLD_EXISTING_LEXICAL_OR_SENTENCE,116,116,1,0.8968612551689148,B02,0
asl_citizen:08301920534152485-NEAR,asl_citizen:08301920534152485-NEAR,P15,test,GOLD_EXISTING_LEXICAL_OR_SENTENCE,116,116,1,0.9646275043487549,B02,0
asl_citizen:11859467509853383-NEAR,asl_citizen:11859467509853383-NEAR,P48,test,GOLD_EXISTING_LEXICAL_OR_SENTENCE,116,116,1,0.9674404859542847,B02,0
asl_citizen:794387128826012-NEAR,asl_citizen:794387128826012-NEAR,P6,test,GOLD_EXISTING_LEXICAL_OR_SENTENCE,116,116,1,0.7416790127754211,B02,0
asl_citizen:8335087724202477-NEAR,asl_citizen:8335087724202477-NEAR,P18,test,GOLD_EXISTING_LEXICAL_OR_SENTENCE,116,116,1,0.9931528568267822,B02,0
asl_citizen:9516650170259846-NEAR,asl_citizen:9516650170259846-NEAR,P47,test,GOLD_EXISTING_LEXICAL_OR_SENTENCE,116,116,1,0.9799932837486267,B02,0
asl_citizen:7908961638923091-NEAR,asl_citizen:7908961638923091-NEAR,P22,test,GOLD_EXISTING_LEXICAL_OR_SENTENCE,116,116,1,0.8615039587020874,B02,0
asl_citizen:872388253869564-NEAR,asl_citizen:872388253869564-NEAR,P35,test,GOLD_EXISTING_LEXICAL_OR_SENTENCE,116,116,1,0.9894434213638306,B02,0
asl_citizen:8540552243539845-NEGATIVE,asl_citizen:8540552243539845-NEGATIVE,P49,test,GOLD_EXISTING_LEXICAL_OR_SENTENCE,117,69,0,0.7315935492515564,B02,0
asl_citizen:7113566472404531-NEGATIVE,asl_citizen:7113566472404531-NEGATIVE,P15,test,GOLD_EXISTING_LEXICAL_OR_SENTENCE,117,117,1,0.9626665711402893,B02,0
asl_citizen:7966919382563009-NEGATIVE,asl_citizen:7966919382563009-NEGATIVE,P47,test,GOLD_EXISTING_LEXICAL_OR_SENTENCE,117,117,1,0.9751890897750854,B02,0
asl_citizen:5258853543173105-NEGATIVE,asl_citizen:5258853543173105-NEGATIVE,P17,test,GOLD_EXISTING_LEXICAL_OR_SENTENCE,117,114,0,0.2929154336452484,B02,0
asl_citizen:3491884631345443-NEGATIVE,asl_citizen:3491884631345443-NEGATIVE,P22,test,GOLD_EXISTING_LEXICAL_OR_SENTENCE,117,117,1,0.9262682795524597,B02,0
asl_citizen:7146093933763809-NEGATIVE,asl_citizen:7146093933763809-NEGATIVE,P18,test,GOLD_EXISTING_LEXICAL_OR_SENTENCE,117,69,0,0.5248330235481262,B02,0
asl_citizen:6753172300490817-NEGATIVE,asl_citizen:6753172300490817-NEGATIVE,P48,test,GOLD_EXISTING_LEXICAL_OR_SENTENCE,117,117,1,0.8561541438102722,B02,0
asl_citizen:6376092365454631-NEGATIVE,asl_citizen:6376092365454631-NEGATIVE,P9,test,GOLD_EXISTING_LEXICAL_OR_SENTENCE,117,115,0,0.27090930938720703,B02,0
asl_citizen:23753924908764534-NERVE,asl_citizen:23753924908764534-NERVE,P49,test,GOLD_EXISTING_LEXICAL_OR_SENTENCE,118,118,1,0.7023062109947205,B02,0
asl_citizen:538220467331779-NERVE,asl_citizen:538220467331779-NERVE,P35,test,GOLD_EXISTING_LEXICAL_OR_SENTENCE,118,118,1,0.9928677082061768,B02,0
asl_citizen:21886386055806217-NERVE,asl_citizen:21886386055806217-NERVE,P17,test,GOLD_EXISTING_LEXICAL_OR_SENTENCE,118,118,1,0.5166340470314026,B02,0
asl_citizen:5458109640087576-NERVE,asl_citizen:5458109640087576-NERVE,P47,test,GOLD_EXISTING_LEXICAL_OR_SENTENCE,118,118,1,0.8209800720214844,B02,0
asl_citizen:4663150142315995-NERVE,asl_citizen:4663150142315995-NERVE,P17,test,GOLD_EXISTING_LEXICAL_OR_SENTENCE,118,118,1,0.9020914435386658,B02,0
asl_citizen:36798024766679927-NERVE,asl_citizen:36798024766679927-NERVE,P48,test,GOLD_EXISTING_LEXICAL_OR_SENTENCE,118,118,1,0.7610234618186951,B02,0
asl_citizen:47384759612860683-NERVE,asl_citizen:47384759612860683-NERVE,P15,test,GOLD_EXISTING_LEXICAL_OR_SENTENCE,118,118,1,0.9715187549591064,B02,0
asl_citizen:1436623483934989-NERVE,asl_citizen:1436623483934989-NERVE,P18,test,GOLD_EXISTING_LEXICAL_OR_SENTENCE,118,118,1,0.9942764639854431,B02,0
asl_citizen:07270539352192218-NINE,asl_citizen:07270539352192218-NINE,P6,test,GOLD_EXISTING_LEXICAL_OR_SENTENCE,119,119,1,0.9893802404403687,B02,0
asl_citizen:7657854825894848-NINE,asl_citizen:7657854825894848-NINE,P47,test,GOLD_EXISTING_LEXICAL_OR_SENTENCE,119,119,1,0.993308424949646,B02,0
asl_citizen:4600763876177605-NINE,asl_citizen:4600763876177605-NINE,P17,test,GOLD_EXISTING_LEXICAL_OR_SENTENCE,119,119,1,0.9808276295661926,B02,0
asl_citizen:20489516363250782-NINE,asl_citizen:20489516363250782-NINE,P49,test,GOLD_EXISTING_LEXICAL_OR_SENTENCE,119,119,1,0.9635560512542725,B02,0
asl_citizen:3222160502487865-NINE,asl_citizen:3222160502487865-NINE,P35,test,GOLD_EXISTING_LEXICAL_OR_SENTENCE,119,119,1,0.9746646285057068,B02,0
asl_citizen:6884678857514952-NINE,asl_citizen:6884678857514952-NINE,P15,test,GOLD_EXISTING_LEXICAL_OR_SENTENCE,119,119,1,0.9448871612548828,B02,0
asl_citizen:5547021297445855-NINE,asl_citizen:5547021297445855-NINE,P42,test,GOLD_EXISTING_LEXICAL_OR_SENTENCE,119,119,1,0.9995059967041016,B02,0
asl_citizen:819028006626159-NINE,asl_citizen:819028006626159-NINE,P22,test,GOLD_EXISTING_LEXICAL_OR_SENTENCE,119,119,1,0.9547014832496643,B02,0
asl_citizen:8356786397613329-NORTH,asl_citizen:8356786397613329-NORTH,P47,test,GOLD_EXISTING_LEXICAL_OR_SENTENCE,120,183,0,0.6012723445892334,B02,0
asl_citizen:45488095268551754-NORTH,asl_citizen:45488095268551754-NORTH,P15,test,GOLD_EXISTING_LEXICAL_OR_SENTENCE,120,120,1,0.6767277717590332,B02,0
asl_citizen:5281867130394469-NORTH,asl_citizen:5281867130394469-NORTH,P17,test,GOLD_EXISTING_LEXICAL_OR_SENTENCE,120,120,1,0.7867189049720764,B02,0
asl_citizen:6698348047100313-NORTH,asl_citizen:6698348047100313-NORTH,P22,test,GOLD_EXISTING_LEXICAL_OR_SENTENCE,120,120,1,0.9707736968994141,B02,0
asl_citizen:26562681176480774-NORTH,asl_citizen:26562681176480774-NORTH,P9,test,GOLD_EXISTING_LEXICAL_OR_SENTENCE,120,120,1,0.3227970600128174,B02,0
asl_citizen:6515364113844422-NORTH,asl_citizen:6515364113844422-NORTH,P47,test,GOLD_EXISTING_LEXICAL_OR_SENTENCE,120,120,1,0.6736658215522766,B02,0
asl_citizen:1254039379272358-NORTH,asl_citizen:1254039379272358-NORTH,P6,test,GOLD_EXISTING_LEXICAL_OR_SENTENCE,120,120,1,0.5567503571510315,B02,0
asl_citizen:9702837684339749-NORTH,asl_citizen:9702837684339749-NORTH,P49,test,GOLD_EXISTING_LEXICAL_OR_SENTENCE,120,120,1,0.8681952357292175,B02,0
asl_citizen:16234287777076184-NOSE BLEED,asl_citizen:16234287777076184-NOSE BLEED,P9,test,GOLD_EXISTING_LEXICAL_OR_SENTENCE,121,121,1,0.9977243542671204,B02,0
asl_citizen:9589698450256594-NOSE BLEED,asl_citizen:9589698450256594-NOSE BLEED,P48,test,GOLD_EXISTING_LEXICAL_OR_SENTENCE,121,121,1,0.9784723520278931,B02,0
asl_citizen:016558585580592755-NOSE BLEED,asl_citizen:016558585580592755-NOSE BLEED,P35,test,GOLD_EXISTING_LEXICAL_OR_SENTENCE,121,121,1,0.9986911416053772,B02,0
asl_citizen:03295533551258001-NOSE BLEED,asl_citizen:03295533551258001-NOSE BLEED,P6,test,GOLD_EXISTING_LEXICAL_OR_SENTENCE,121,176,0,0.14365270733833313,B02,0
asl_citizen:7888797818366855-NOSE BLEED,asl_citizen:7888797818366855-NOSE BLEED,P17,test,GOLD_EXISTING_LEXICAL_OR_SENTENCE,121,121,1,0.9893605709075928,B02,0
asl_citizen:8231321890931218-NOSE BLEED,asl_citizen:8231321890931218-NOSE BLEED,P22,test,GOLD_EXISTING_LEXICAL_OR_SENTENCE,121,121,1,0.9960972666740417,B02,0
asl_citizen:8626497377982232-NOSE BLEED,asl_citizen:8626497377982232-NOSE BLEED,P15,test,GOLD_EXISTING_LEXICAL_OR_SENTENCE,121,121,1,0.8974305391311646,B02,0
asl_citizen:33897986470028907-NOSE BLEED,asl_citizen:33897986470028907-NOSE BLEED,P42,test,GOLD_EXISTING_LEXICAL_OR_SENTENCE,121,121,1,0.559414267539978,B02,0
asl_citizen:05562026803454745-OLDEST,asl_citizen:05562026803454745-OLDEST,P18,test,GOLD_EXISTING_LEXICAL_OR_SENTENCE,122,122,1,0.8190999031066895,B02,0
asl_citizen:7108828234280553-OLDEST,asl_citizen:7108828234280553-OLDEST,P35,test,GOLD_EXISTING_LEXICAL_OR_SENTENCE,122,122,1,0.9758903384208679,B02,0
asl_citizen:6386301599758053-OLDEST,asl_citizen:6386301599758053-OLDEST,P42,test,GOLD_EXISTING_LEXICAL_OR_SENTENCE,122,122,1,0.9432746171951294,B02,0
asl_citizen:12209135149020645-OLDEST,asl_citizen:12209135149020645-OLDEST,P49,test,GOLD_EXISTING_LEXICAL_OR_SENTENCE,122,122,1,0.5486807227134705,B02,0
asl_citizen:20182318270149935-OLDEST,asl_citizen:20182318270149935-OLDEST,P48,test,GOLD_EXISTING_LEXICAL_OR_SENTENCE,122,122,1,0.6021433472633362,B02,0
asl_citizen:32997025592177676-OLDEST,asl_citizen:32997025592177676-OLDEST,P15,test,GOLD_EXISTING_LEXICAL_OR_SENTENCE,122,122,1,0.5449713468551636,B02,0
asl_citizen:21156732955581603-OLDEST,asl_citizen:21156732955581603-OLDEST,P9,test,GOLD_EXISTING_LEXICAL_OR_SENTENCE,122,163,0,0.11575858294963837,B02,0
asl_citizen:44801580966508014-OLDEST,asl_citizen:44801580966508014-OLDEST,P17,test,GOLD_EXISTING_LEXICAL_OR_SENTENCE,122,122,1,0.5460748672485352,B02,0
asl_citizen:12266725984983129-ONE MORE_2,asl_citizen:12266725984983129-ONE MORE_2,P22,test,GOLD_EXISTING_LEXICAL_OR_SENTENCE,123,123,1,0.27272266149520874,B02,0
asl_citizen:32933778261560653-ONE MORE_2,asl_citizen:32933778261560653-ONE MORE_2,P47,test,GOLD_EXISTING_LEXICAL_OR_SENTENCE,123,123,1,0.7949157357215881,B02,0
asl_citizen:38159175209540797-ONE MORE_2,asl_citizen:38159175209540797-ONE MORE_2,P17,test,GOLD_EXISTING_LEXICAL_OR_SENTENCE,123,53,0,0.7285233736038208,B02,0
asl_citizen:9910177343306592-ONE MORE_2,asl_citizen:9910177343306592-ONE MORE_2,P42,test,GOLD_EXISTING_LEXICAL_OR_SENTENCE,123,123,1,0.5140331387519836,B02,0
asl_citizen:624386888841092-ONE MORE_2,asl_citizen:624386888841092-ONE MORE_2,P48,test,GOLD_EXISTING_LEXICAL_OR_SENTENCE,123,53,0,0.623187243938446,B02,0
asl_citizen:26255476069493056-ONE MORE_2,asl_citizen:26255476069493056-ONE MORE_2,P6,test,GOLD_EXISTING_LEXICAL_OR_SENTENCE,123,123,1,0.5847938060760498,B02,0
asl_citizen:32478911122382637-ONE MORE_2,asl_citizen:32478911122382637-ONE MORE_2,P49,test,GOLD_EXISTING_LEXICAL_OR_SENTENCE,123,53,0,0.905129611492157,B02,0
asl_citizen:7524389547245707-ONE MORE_2,asl_citizen:7524389547245707-ONE MORE_2,P18,test,GOLD_EXISTING_LEXICAL_OR_SENTENCE,123,32,0,0.6956578493118286,B02,0
asl_citizen:7406814364303091-PARALLEL,asl_citizen:7406814364303091-PARALLEL,P22,test,GOLD_EXISTING_LEXICAL_OR_SENTENCE,124,124,1,0.6770751476287842,B02,0
asl_citizen:3809323594260139-PARALLEL,asl_citizen:3809323594260139-PARALLEL,P47,test,GOLD_EXISTING_LEXICAL_OR_SENTENCE,124,124,1,0.7520590424537659,B02,0
asl_citizen:319973229913987-PARALLEL,asl_citizen:319973229913987-PARALLEL,P35,test,GOLD_EXISTING_LEXICAL_OR_SENTENCE,124,124,1,0.9988263249397278,B02,0
asl_citizen:4016586134348836-PARALLEL,asl_citizen:4016586134348836-PARALLEL,P42,test,GOLD_EXISTING_LEXICAL_OR_SENTENCE,124,164,0,0.5425367951393127,B02,0
asl_citizen:4294937624271007-PARALLEL,asl_citizen:4294937624271007-PARALLEL,P49,test,GOLD_EXISTING_LEXICAL_OR_SENTENCE,124,124,1,0.9822455644607544,B02,0
asl_citizen:8612015862734406-PARALLEL,asl_citizen:8612015862734406-PARALLEL,P17,test,GOLD_EXISTING_LEXICAL_OR_SENTENCE,124,124,1,0.9475247263908386,B02,0
asl_citizen:2996517798859386-PARALLEL,asl_citizen:2996517798859386-PARALLEL,P17,test,GOLD_EXISTING_LEXICAL_OR_SENTENCE,124,164,0,0.9722657799720764,B02,0
asl_citizen:4012681606822026-PARALLEL,asl_citizen:4012681606822026-PARALLEL,P9,test,GOLD_EXISTING_LEXICAL_OR_SENTENCE,124,124,1,0.6747542023658752,B02,0
asl_citizen:44490445381760035-PATIENT,asl_citizen:44490445381760035-PATIENT,P42,test,GOLD_EXISTING_LEXICAL_OR_SENTENCE,125,125,1,0.9439020156860352,B02,0
asl_citizen:7042062123196444-PATIENT,asl_citizen:7042062123196444-PATIENT,P35,test,GOLD_EXISTING_LEXICAL_OR_SENTENCE,125,125,1,0.9752599596977234,B02,0
asl_citizen:23739568853279813-PATIENT,asl_citizen:23739568853279813-PATIENT,P48,test,GOLD_EXISTING_LEXICAL_OR_SENTENCE,125,125,1,0.9369974136352539,B02,0
asl_citizen:20545529027665888-PATIENT,asl_citizen:20545529027665888-PATIENT,P9,test,GOLD_EXISTING_LEXICAL_OR_SENTENCE,125,125,1,0.999119222164154,B02,0
asl_citizen:012935430276122206-PATIENT,asl_citizen:012935430276122206-PATIENT,P18,test,GOLD_EXISTING_LEXICAL_OR_SENTENCE,125,125,1,0.9911298751831055,B02,0
asl_citizen:4389413990406117-PATIENT,asl_citizen:4389413990406117-PATIENT,P49,test,GOLD_EXISTING_LEXICAL_OR_SENTENCE,125,125,1,0.9909871220588684,B02,0
asl_citizen:38056631801494145-PATIENT,asl_citizen:38056631801494145-PATIENT,P47,test,GOLD_EXISTING_LEXICAL_OR_SENTENCE,125,125,1,0.9714829921722412,B02,0
asl_citizen:2579312398549707-PATIENT,asl_citizen:2579312398549707-PATIENT,P15,test,GOLD_EXISTING_LEXICAL_OR_SENTENCE,125,125,1,0.9427950978279114,B02,0
asl_citizen:03439382065703622-PAY OFF_BILLS,asl_citizen:03439382065703622-PAY OFF_BILLS,P15,test,GOLD_EXISTING_LEXICAL_OR_SENTENCE,126,126,1,0.9562633633613586,B02,0
asl_citizen:43103636816887714-PAY OFF_BILLS,asl_citizen:43103636816887714-PAY OFF_BILLS,P49,test,GOLD_EXISTING_LEXICAL_OR_SENTENCE,126,126,1,0.5163609981536865,B02,0
asl_citizen:7114048433912947-PAY OFF_BILLS,asl_citizen:7114048433912947-PAY OFF_BILLS,P42,test,GOLD_EXISTING_LEXICAL_OR_SENTENCE,126,126,1,0.942742645740509,B02,0
asl_citizen:8107654246709317-PAY OFF_BILLS,asl_citizen:8107654246709317-PAY OFF_BILLS,P47,test,GOLD_EXISTING_LEXICAL_OR_SENTENCE,126,126,1,0.9727078080177307,B02,0
asl_citizen:6038574605212768-PAY OFF_BILLS,asl_citizen:6038574605212768-PAY OFF_BILLS,P17,test,GOLD_EXISTING_LEXICAL_OR_SENTENCE,126,95,0,0.49772143363952637,B02,0
asl_citizen:16013029391341038-PAY OFF_BILLS,asl_citizen:16013029391341038-PAY OFF_BILLS,P48,test,GOLD_EXISTING_LEXICAL_OR_SENTENCE,126,126,1,0.8598672747612,B02,0
asl_citizen:09521299104415837-PAY OFF_BILLS,asl_citizen:09521299104415837-PAY OFF_BILLS,P35,test,GOLD_EXISTING_LEXICAL_OR_SENTENCE,126,126,1,0.9909964799880981,B02,0
asl_citizen:477470269377666-PAY OFF_BILLS,asl_citizen:477470269377666-PAY OFF_BILLS,P22,test,GOLD_EXISTING_LEXICAL_OR_SENTENCE,126,126,1,0.6976265907287598,B02,0
asl_citizen:8993966995848208-PEAS 1,asl_citizen:8993966995848208-PEAS 1,P35,test,GOLD_EXISTING_LEXICAL_OR_SENTENCE,127,127,1,0.44862204790115356,B02,0
asl_citizen:06946565402120464-PEAS 1,asl_citizen:06946565402120464-PEAS 1,P48,test,GOLD_EXISTING_LEXICAL_OR_SENTENCE,127,127,1,0.30501788854599,B02,0
asl_citizen:5765125314841963-PEAS 1,asl_citizen:5765125314841963-PEAS 1,P6,test,GOLD_EXISTING_LEXICAL_OR_SENTENCE,127,127,1,0.7759776711463928,B02,0
asl_citizen:030819327361387705-PEAS 1,asl_citizen:030819327361387705-PEAS 1,P49,test,GOLD_EXISTING_LEXICAL_OR_SENTENCE,127,127,1,0.9886189699172974,B02,0
asl_citizen:25229033437553094-PEAS 1,asl_citizen:25229033437553094-PEAS 1,P17,test,GOLD_EXISTING_LEXICAL_OR_SENTENCE,127,127,1,0.8748931884765625,B02,0
asl_citizen:2992711151543961-PEAS 1,asl_citizen:2992711151543961-PEAS 1,P9,test,GOLD_EXISTING_LEXICAL_OR_SENTENCE,127,127,1,0.8022431135177612,B02,0
asl_citizen:7883149705967814-PEAS 1,asl_citizen:7883149705967814-PEAS 1,P22,test,GOLD_EXISTING_LEXICAL_OR_SENTENCE,127,127,1,0.5410577654838562,B02,0
asl_citizen:36736675245142814-PEAS 1,asl_citizen:36736675245142814-PEAS 1,P42,test,GOLD_EXISTING_LEXICAL_OR_SENTENCE,127,127,1,0.9748539924621582,B02,0
asl_citizen:26340872028484785-PHILADELPHIA,asl_citizen:26340872028484785-PHILADELPHIA,P6,test,GOLD_EXISTING_LEXICAL_OR_SENTENCE,128,101,0,0.8386850357055664,B02,0
asl_citizen:9166461063808331-PHILADELPHIA,asl_citizen:9166461063808331-PHILADELPHIA,P15,test,GOLD_EXISTING_LEXICAL_OR_SENTENCE,128,128,1,0.4858292043209076,B02,0
asl_citizen:9282599037381889-PHILADELPHIA,asl_citizen:9282599037381889-PHILADELPHIA,P35,test,GOLD_EXISTING_LEXICAL_OR_SENTENCE,128,128,1,0.9994217157363892,B02,0
asl_citizen:5086853258269717-PHILADELPHIA,asl_citizen:5086853258269717-PHILADELPHIA,P22,test,GOLD_EXISTING_LEXICAL_OR_SENTENCE,128,128,1,0.5880512595176697,B02,0
asl_citizen:005361356360182423-PHILADELPHIA,asl_citizen:005361356360182423-PHILADELPHIA,P47,test,GOLD_EXISTING_LEXICAL_OR_SENTENCE,128,128,1,0.8646699786186218,B02,0
asl_citizen:624522459118048-PHILADELPHIA,asl_citizen:624522459118048-PHILADELPHIA,P49,test,GOLD_EXISTING_LEXICAL_OR_SENTENCE,128,9,0,0.22021472454071045,B02,0
asl_citizen:07560857025444956-PHILADELPHIA,asl_citizen:07560857025444956-PHILADELPHIA,P17,test,GOLD_EXISTING_LEXICAL_OR_SENTENCE,128,9,0,0.31812864542007446,B02,0
asl_citizen:10948092530938514-PHILADELPHIA,asl_citizen:10948092530938514-PHILADELPHIA,P18,test,GOLD_EXISTING_LEXICAL_OR_SENTENCE,128,128,1,0.9931938648223877,B02,0
asl_citizen:2241415233945685-PIE,asl_citizen:2241415233945685-PIE,P17,test,GOLD_EXISTING_LEXICAL_OR_SENTENCE,129,4,0,0.4643764793872833,B02,0
asl_citizen:5164506491995917-PIE,asl_citizen:5164506491995917-PIE,P9,test,GOLD_EXISTING_LEXICAL_OR_SENTENCE,129,129,1,0.9723774790763855,B02,0
asl_citizen:7323839113480357-PIE,asl_citizen:7323839113480357-PIE,P49,test,GOLD_EXISTING_LEXICAL_OR_SENTENCE,129,4,0,0.6092622876167297,B02,0
asl_citizen:7344295707349726-PIE,asl_citizen:7344295707349726-PIE,P18,test,GOLD_EXISTING_LEXICAL_OR_SENTENCE,129,129,1,0.9964163303375244,B02,0
asl_citizen:5731489769975737-PIE,asl_citizen:5731489769975737-PIE,P48,test,GOLD_EXISTING_LEXICAL_OR_SENTENCE,129,126,0,0.22028733789920807,B02,0
asl_citizen:9185627449311058-PIE,asl_citizen:9185627449311058-PIE,P42,test,GOLD_EXISTING_LEXICAL_OR_SENTENCE,129,129,1,0.9258126616477966,B02,0
asl_citizen:32939956123830916-PIE,asl_citizen:32939956123830916-PIE,P15,test,GOLD_EXISTING_LEXICAL_OR_SENTENCE,129,129,1,0.9973959922790527,B02,0
asl_citizen:5996523340778617-PIE,asl_citizen:5996523340778617-PIE,P22,test,GOLD_EXISTING_LEXICAL_OR_SENTENCE,129,129,1,0.9805793166160583,B02,0
asl_citizen:6130169597536534-PLACE,asl_citizen:6130169597536534-PLACE,P42,test,GOLD_EXISTING_LEXICAL_OR_SENTENCE,130,130,1,0.9965632557868958,B02,0
asl_citizen:22345483831440816-PLACE,asl_citizen:22345483831440816-PLACE,P17,test,GOLD_EXISTING_LEXICAL_OR_SENTENCE,130,130,1,0.8247018456459045,B02,0
asl_citizen:8602180654279945-PLACE,asl_citizen:8602180654279945-PLACE,P22,test,GOLD_EXISTING_LEXICAL_OR_SENTENCE,130,130,1,0.533390462398529,B02,0
asl_citizen:34412146491624496-PLACE,asl_citizen:34412146491624496-PLACE,P42,test,GOLD_EXISTING_LEXICAL_OR_SENTENCE,130,130,1,0.9908571839332581,B02,0
asl_citizen:7186060692274963-PLACE,asl_citizen:7186060692274963-PLACE,P47,test,GOLD_EXISTING_LEXICAL_OR_SENTENCE,130,130,1,0.9911229610443115,B02,0
asl_citizen:7826187476268085-PLACE,asl_citizen:7826187476268085-PLACE,P49,test,GOLD_EXISTING_LEXICAL_OR_SENTENCE,130,130,1,0.9964459538459778,B02,0
asl_citizen:7396159860972742-PLACE,asl_citizen:7396159860972742-PLACE,P6,test,GOLD_EXISTING_LEXICAL_OR_SENTENCE,130,130,1,0.9990556836128235,B02,0
asl_citizen:36278242451276177-PLACE,asl_citizen:36278242451276177-PLACE,P35,test,GOLD_EXISTING_LEXICAL_OR_SENTENCE,130,130,1,0.9995120763778687,B02,0
asl_citizen:11494136944350464-PLOW,asl_citizen:11494136944350464-PLOW,P15,test,GOLD_EXISTING_LEXICAL_OR_SENTENCE,131,131,1,0.9888523817062378,B02,0
asl_citizen:39098009412658374-PLOW,asl_citizen:39098009412658374-PLOW,P9,test,GOLD_EXISTING_LEXICAL_OR_SENTENCE,131,131,1,0.7617746591567993,B02,0
asl_citizen:4484727693623092-PLOW,asl_citizen:4484727693623092-PLOW,P35,test,GOLD_EXISTING_LEXICAL_OR_SENTENCE,131,131,1,0.9931185245513916,B02,0
asl_citizen:6247342903541042-PLOW,asl_citizen:6247342903541042-PLOW,P49,test,GOLD_EXISTING_LEXICAL_OR_SENTENCE,131,131,1,0.9769383072853088,B02,0
asl_citizen:3176919354983241-PLOW,asl_citizen:3176919354983241-PLOW,P6,test,GOLD_EXISTING_LEXICAL_OR_SENTENCE,131,131,1,0.960182249546051,B02,0
asl_citizen:7219039395899358-PLOW,asl_citizen:7219039395899358-PLOW,P42,test,GOLD_EXISTING_LEXICAL_OR_SENTENCE,131,131,1,0.9814198613166809,B02,0
asl_citizen:42949424063725505-PLOW,asl_citizen:42949424063725505-PLOW,P22,test,GOLD_EXISTING_LEXICAL_OR_SENTENCE,131,131,1,0.9863747358322144,B02,0
asl_citizen:8281453524960671-PLOW,asl_citizen:8281453524960671-PLOW,P18,test,GOLD_EXISTING_LEXICAL_OR_SENTENCE,131,131,1,0.9848749041557312,B02,0
asl_citizen:9123942913795273-POOP,asl_citizen:9123942913795273-POOP,P17,test,GOLD_EXISTING_LEXICAL_OR_SENTENCE,132,81,0,0.8427565097808838,B02,0
asl_citizen:04903293027240885-POOP,asl_citizen:04903293027240885-POOP,P15,test,GOLD_EXISTING_LEXICAL_OR_SENTENCE,132,132,1,0.913155198097229,B02,0
asl_citizen:757581247197249-POOP,asl_citizen:757581247197249-POOP,P48,test,GOLD_EXISTING_LEXICAL_OR_SENTENCE,132,132,1,0.9410812258720398,B02,0
asl_citizen:3887340046508838-POOP,asl_citizen:3887340046508838-POOP,P47,test,GOLD_EXISTING_LEXICAL_OR_SENTENCE,132,132,1,0.9693612456321716,B02,0
asl_citizen:1340717839607859-POOP,asl_citizen:1340717839607859-POOP,P18,test,GOLD_EXISTING_LEXICAL_OR_SENTENCE,132,132,1,0.9413468241691589,B02,0
asl_citizen:9851232400083523-POOP,asl_citizen:9851232400083523-POOP,P9,test,GOLD_EXISTING_LEXICAL_OR_SENTENCE,132,83,0,0.2812201976776123,B02,0
asl_citizen:7591398367316144-POOP,asl_citizen:7591398367316144-POOP,P22,test,GOLD_EXISTING_LEXICAL_OR_SENTENCE,132,132,1,0.9997345805168152,B02,0
asl_citizen:511223840542633-POOP,asl_citizen:511223840542633-POOP,P47,test,GOLD_EXISTING_LEXICAL_OR_SENTENCE,132,132,1,0.9568700790405273,B02,0
asl_citizen:5804359781151138-POSITIVE,asl_citizen:5804359781151138-POSITIVE,P18,test,GOLD_EXISTING_LEXICAL_OR_SENTENCE,133,133,1,0.9394895434379578,B02,0
asl_citizen:8205183043885409-POSITIVE,asl_citizen:8205183043885409-POSITIVE,P6,test,GOLD_EXISTING_LEXICAL_OR_SENTENCE,133,133,1,0.7159923315048218,B02,0
asl_citizen:15412460294665298-POSITIVE,asl_citizen:15412460294665298-POSITIVE,P49,test,GOLD_EXISTING_LEXICAL_OR_SENTENCE,133,133,1,0.9931867122650146,B02,0
asl_citizen:5644290121485349-POSITIVE,asl_citizen:5644290121485349-POSITIVE,P47,test,GOLD_EXISTING_LEXICAL_OR_SENTENCE,133,133,1,0.8526481986045837,B02,0
asl_citizen:04229163089399823-POSITIVE,asl_citizen:04229163089399823-POSITIVE,P42,test,GOLD_EXISTING_LEXICAL_OR_SENTENCE,133,133,1,0.9942605495452881,B02,0
asl_citizen:214661505481343-POSITIVE,asl_citizen:214661505481343-POSITIVE,P9,test,GOLD_EXISTING_LEXICAL_OR_SENTENCE,133,133,1,0.9376735687255859,B02,0
asl_citizen:7495736886246047-POSITIVE,asl_citizen:7495736886246047-POSITIVE,P35,test,GOLD_EXISTING_LEXICAL_OR_SENTENCE,133,133,1,0.9967124462127686,B02,0
asl_citizen:6033689350748483-POSITIVE,asl_citizen:6033689350748483-POSITIVE,P17,test,GOLD_EXISTING_LEXICAL_OR_SENTENCE,133,59,0,0.2833913266658783,B02,0
asl_citizen:819603961595887-POTATO,asl_citizen:819603961595887-POTATO,P48,test,GOLD_EXISTING_LEXICAL_OR_SENTENCE,134,134,1,0.9346513748168945,B02,0
asl_citizen:6807572102595827-POTATO,asl_citizen:6807572102595827-POTATO,P49,test,GOLD_EXISTING_LEXICAL_OR_SENTENCE,134,134,1,0.9753290414810181,B02,0
asl_citizen:5990793355744701-POTATO,asl_citizen:5990793355744701-POTATO,P22,test,GOLD_EXISTING_LEXICAL_OR_SENTENCE,134,184,0,0.4212391972541809,B02,0
asl_citizen:7961154634906777-POTATO,asl_citizen:7961154634906777-POTATO,P17,test,GOLD_EXISTING_LEXICAL_OR_SENTENCE,134,28,0,0.2195291370153427,B02,0
asl_citizen:6676090425641059-POTATO,asl_citizen:6676090425641059-POTATO,P18,test,GOLD_EXISTING_LEXICAL_OR_SENTENCE,134,134,1,0.8231021761894226,B02,0
asl_citizen:3994381762130559-POTATO,asl_citizen:3994381762130559-POTATO,P6,test,GOLD_EXISTING_LEXICAL_OR_SENTENCE,134,184,0,0.46014928817749023,B02,0
asl_citizen:23200756464812655-POTATO,asl_citizen:23200756464812655-POTATO,P9,test,GOLD_EXISTING_LEXICAL_OR_SENTENCE,134,134,1,0.4187922775745392,B02,0
asl_citizen:5967685399587914-POTATO,asl_citizen:5967685399587914-POTATO,P42,test,GOLD_EXISTING_LEXICAL_OR_SENTENCE,134,134,1,0.9966138005256653,B02,0
asl_citizen:14424854504942042-PREACHER,asl_citizen:14424854504942042-PREACHER,P6,test,GOLD_EXISTING_LEXICAL_OR_SENTENCE,135,135,1,0.3812410235404968,B02,0
asl_citizen:2042699825450609-PREACHER,asl_citizen:2042699825450609-PREACHER,P15,test,GOLD_EXISTING_LEXICAL_OR_SENTENCE,135,135,1,0.99443519115448,B02,0
asl_citizen:4597684589848239-PREACHER,asl_citizen:4597684589848239-PREACHER,P17,test,GOLD_EXISTING_LEXICAL_OR_SENTENCE,135,194,0,0.37174344062805176,B02,0
asl_citizen:07934516361818988-PREACHER,asl_citizen:07934516361818988-PREACHER,P9,test,GOLD_EXISTING_LEXICAL_OR_SENTENCE,135,135,1,0.9854744672775269,B02,0
asl_citizen:7223656476322464-PREACHER,asl_citizen:7223656476322464-PREACHER,P49,test,GOLD_EXISTING_LEXICAL_OR_SENTENCE,135,135,1,0.6825651526451111,B02,0
asl_citizen:6986268799844455-PREACHER,asl_citizen:6986268799844455-PREACHER,P48,test,GOLD_EXISTING_LEXICAL_OR_SENTENCE,135,135,1,0.9877201914787292,B02,0
asl_citizen:31003066445260696-PREACHER,asl_citizen:31003066445260696-PREACHER,P22,test,GOLD_EXISTING_LEXICAL_OR_SENTENCE,135,135,1,0.993312418460846,B02,0
asl_citizen:6865884242066638-PREACHER,asl_citizen:6865884242066638-PREACHER,P18,test,GOLD_EXISTING_LEXICAL_OR_SENTENCE,135,135,1,0.9395918846130371,B02,0
asl_citizen:9749861551078582-PRESIDENT,asl_citizen:9749861551078582-PRESIDENT,P48,test,GOLD_EXISTING_LEXICAL_OR_SENTENCE,136,136,1,0.8435584306716919,B02,0
asl_citizen:4214630522653562-PRESIDENT,asl_citizen:4214630522653562-PRESIDENT,P22,test,GOLD_EXISTING_LEXICAL_OR_SENTENCE,136,136,1,0.7809494137763977,B02,0
asl_citizen:7491483830245602-PRESIDENT,asl_citizen:7491483830245602-PRESIDENT,P49,test,GOLD_EXISTING_LEXICAL_OR_SENTENCE,136,136,1,0.5559953451156616,B02,0
asl_citizen:7406467771385974-PRESIDENT,asl_citizen:7406467771385974-PRESIDENT,P17,test,GOLD_EXISTING_LEXICAL_OR_SENTENCE,136,136,1,0.9653214812278748,B02,0
asl_citizen:2892714514864383-PRESIDENT,asl_citizen:2892714514864383-PRESIDENT,P42,test,GOLD_EXISTING_LEXICAL_OR_SENTENCE,136,136,1,0.637539267539978,B02,0
asl_citizen:21218571982012446-PRESIDENT,asl_citizen:21218571982012446-PRESIDENT,P42,test,GOLD_EXISTING_LEXICAL_OR_SENTENCE,136,136,1,0.9790254235267639,B02,0
asl_citizen:5823017253220797-PRESIDENT,asl_citizen:5823017253220797-PRESIDENT,P47,test,GOLD_EXISTING_LEXICAL_OR_SENTENCE,136,136,1,0.6098989844322205,B02,0
asl_citizen:49439309829002354-PRESIDENT,asl_citizen:49439309829002354-PRESIDENT,P6,test,GOLD_EXISTING_LEXICAL_OR_SENTENCE,136,136,1,0.3596210777759552,B02,0
asl_citizen:018118859440344526-PRETTY,asl_citizen:018118859440344526-PRETTY,P35,test,GOLD_EXISTING_LEXICAL_OR_SENTENCE,137,137,1,0.9935452938079834,B02,0
asl_citizen:2156452083383824-PRETTY,asl_citizen:2156452083383824-PRETTY,P35,test,GOLD_EXISTING_LEXICAL_OR_SENTENCE,137,137,1,0.9606481194496155,B02,0
asl_citizen:7596224532900506-PRETTY,asl_citizen:7596224532900506-PRETTY,P15,test,GOLD_EXISTING_LEXICAL_OR_SENTENCE,137,137,1,0.9687601923942566,B02,0
asl_citizen:9664433447701657-PRETTY,asl_citizen:9664433447701657-PRETTY,P49,test,GOLD_EXISTING_LEXICAL_OR_SENTENCE,137,137,1,0.2892511487007141,B02,0
asl_citizen:13525331022211162-PRETTY,asl_citizen:13525331022211162-PRETTY,P9,test,GOLD_EXISTING_LEXICAL_OR_SENTENCE,137,44,0,0.35265490412712097,B02,0
asl_citizen:010132905782320956-PRETTY,asl_citizen:010132905782320956-PRETTY,P22,test,GOLD_EXISTING_LEXICAL_OR_SENTENCE,137,171,0,0.28137683868408203,B02,0
asl_citizen:5225846544457893-PRETTY,asl_citizen:5225846544457893-PRETTY,P17,test,GOLD_EXISTING_LEXICAL_OR_SENTENCE,137,137,1,0.6408882141113281,B02,0
asl_citizen:7153451705206948-PRETTY,asl_citizen:7153451705206948-PRETTY,P48,test,GOLD_EXISTING_LEXICAL_OR_SENTENCE,137,137,1,0.9076403379440308,B02,0
asl_citizen:23637636990326305-PROTEST,asl_citizen:23637636990326305-PROTEST,P42,test,GOLD_EXISTING_LEXICAL_OR_SENTENCE,138,138,1,0.9949244260787964,B02,0
asl_citizen:29689129454632823-PROTEST,asl_citizen:29689129454632823-PROTEST,P18,test,GOLD_EXISTING_LEXICAL_OR_SENTENCE,138,138,1,0.9766137003898621,B02,0
asl_citizen:36033088770134514-PROTEST,asl_citizen:36033088770134514-PROTEST,P18,test,GOLD_EXISTING_LEXICAL_OR_SENTENCE,138,138,1,0.9969657063484192,B02,0
asl_citizen:9121985518407612-PROTEST,asl_citizen:9121985518407612-PROTEST,P47,test,GOLD_EXISTING_LEXICAL_OR_SENTENCE,138,138,1,0.995573878288269,B02,0
asl_citizen:3917688881495498-PROTEST,asl_citizen:3917688881495498-PROTEST,P17,test,GOLD_EXISTING_LEXICAL_OR_SENTENCE,138,138,1,0.5560668110847473,B02,0
asl_citizen:6311586497760844-PROTEST,asl_citizen:6311586497760844-PROTEST,P49,test,GOLD_EXISTING_LEXICAL_OR_SENTENCE,138,138,1,0.9155474901199341,B02,0
asl_citizen:3190202006409988-PROTEST,asl_citizen:3190202006409988-PROTEST,P48,test,GOLD_EXISTING_LEXICAL_OR_SENTENCE,138,138,1,0.9932233095169067,B02,0
asl_citizen:9410377823757041-PROTEST,asl_citizen:9410377823757041-PROTEST,P35,test,GOLD_EXISTING_LEXICAL_OR_SENTENCE,138,138,1,0.9914684295654297,B02,0
asl_citizen:10729210456791805-PUNCH FACE,asl_citizen:10729210456791805-PUNCH FACE,P48,test,GOLD_EXISTING_LEXICAL_OR_SENTENCE,139,72,0,0.6500413417816162,B02,0
asl_citizen:276378081603438-PUNCH FACE,asl_citizen:276378081603438-PUNCH FACE,P47,test,GOLD_EXISTING_LEXICAL_OR_SENTENCE,139,139,1,0.6753774881362915,B02,0
asl_citizen:43684375228867767-PUNCH FACE,asl_citizen:43684375228867767-PUNCH FACE,P17,test,GOLD_EXISTING_LEXICAL_OR_SENTENCE,139,72,0,0.5864540338516235,B02,0
asl_citizen:9373474669536799-PUNCH FACE,asl_citizen:9373474669536799-PUNCH FACE,P42,test,GOLD_EXISTING_LEXICAL_OR_SENTENCE,139,139,1,0.9762067198753357,B02,0
asl_citizen:9035176099523927-PUNCH FACE,asl_citizen:9035176099523927-PUNCH FACE,P49,test,GOLD_EXISTING_LEXICAL_OR_SENTENCE,139,72,0,0.7435981631278992,B02,0
asl_citizen:788961127416397-PUNCH FACE,asl_citizen:788961127416397-PUNCH FACE,P17,test,GOLD_EXISTING_LEXICAL_OR_SENTENCE,139,139,1,0.639965832233429,B02,0
asl_citizen:289598139494196-PUNCH FACE,asl_citizen:289598139494196-PUNCH FACE,P9,test,GOLD_EXISTING_LEXICAL_OR_SENTENCE,139,139,1,0.9551301002502441,B02,0
asl_citizen:1437527793229092-PUNCH FACE,asl_citizen:1437527793229092-PUNCH FACE,P22,test,GOLD_EXISTING_LEXICAL_OR_SENTENCE,139,24,0,0.899560272693634,B02,0
asl_citizen:8434813746072627-PUZZLED,asl_citizen:8434813746072627-PUZZLED,P18,test,GOLD_EXISTING_LEXICAL_OR_SENTENCE,140,140,1,0.7924171686172485,B02,0
asl_citizen:13405881824185117-PUZZLED,asl_citizen:13405881824185117-PUZZLED,P35,test,GOLD_EXISTING_LEXICAL_OR_SENTENCE,140,140,1,0.9196360111236572,B02,0
asl_citizen:2706946530760075-PUZZLED,asl_citizen:2706946530760075-PUZZLED,P9,test,GOLD_EXISTING_LEXICAL_OR_SENTENCE,140,140,1,0.7954382300376892,B02,0
asl_citizen:929892595638057-PUZZLED,asl_citizen:929892595638057-PUZZLED,P49,test,GOLD_EXISTING_LEXICAL_OR_SENTENCE,140,140,1,0.3806209862232208,B02,0
asl_citizen:01622503354860405-PUZZLED,asl_citizen:01622503354860405-PUZZLED,P22,test,GOLD_EXISTING_LEXICAL_OR_SENTENCE,140,140,1,0.41867828369140625,B02,0
asl_citizen:35449653931136615-PUZZLED,asl_citizen:35449653931136615-PUZZLED,P48,test,GOLD_EXISTING_LEXICAL_OR_SENTENCE,140,140,1,0.24223241209983826,B02,0
asl_citizen:20750854556741483-PUZZLED,asl_citizen:20750854556741483-PUZZLED,P6,test,GOLD_EXISTING_LEXICAL_OR_SENTENCE,140,140,1,0.7385355830192566,B02,0
asl_citizen:4250569199107541-PUZZLED,asl_citizen:4250569199107541-PUZZLED,P47,test,GOLD_EXISTING_LEXICAL_OR_SENTENCE,140,140,1,0.9842455983161926,B02,0
asl_citizen:3746881511755742-REGISTER,asl_citizen:3746881511755742-REGISTER,P6,test,GOLD_EXISTING_LEXICAL_OR_SENTENCE,141,10,0,0.21608154475688934,B02,0
asl_citizen:9280989932515997-REGISTER,asl_citizen:9280989932515997-REGISTER,P17,test,GOLD_EXISTING_LEXICAL_OR_SENTENCE,141,10,0,0.8065151572227478,B02,0
asl_citizen:15214292760213022-REGISTER,asl_citizen:15214292760213022-REGISTER,P22,test,GOLD_EXISTING_LEXICAL_OR_SENTENCE,141,141,1,0.9936687350273132,B02,0
asl_citizen:9639829625128289-REGISTER,asl_citizen:9639829625128289-REGISTER,P35,test,GOLD_EXISTING_LEXICAL_OR_SENTENCE,141,141,1,0.8914799690246582,B02,0
asl_citizen:022475325018666226-REGISTER,asl_citizen:022475325018666226-REGISTER,P48,test,GOLD_EXISTING_LEXICAL_OR_SENTENCE,141,141,1,0.6186021566390991,B02,0
asl_citizen:09054295287350245-REGISTER,asl_citizen:09054295287350245-REGISTER,P9,test,GOLD_EXISTING_LEXICAL_OR_SENTENCE,141,10,0,0.2864917516708374,B02,0
asl_citizen:40007957997035826-REGISTER,asl_citizen:40007957997035826-REGISTER,P47,test,GOLD_EXISTING_LEXICAL_OR_SENTENCE,141,141,1,0.9882373213768005,B02,0
asl_citizen:2045673627319149-REGISTER,asl_citizen:2045673627319149-REGISTER,P42,test,GOLD_EXISTING_LEXICAL_OR_SENTENCE,141,141,1,0.9951645135879517,B02,0
asl_citizen:19466969481468022-RESTAURANT,asl_citizen:19466969481468022-RESTAURANT,P35,test,GOLD_EXISTING_LEXICAL_OR_SENTENCE,142,142,1,0.9217190146446228,B02,0
asl_citizen:698203699729971-RESTAURANT,asl_citizen:698203699729971-RESTAURANT,P42,test,GOLD_EXISTING_LEXICAL_OR_SENTENCE,142,142,1,0.9919673800468445,B02,0
asl_citizen:4752142917519069-RESTAURANT,asl_citizen:4752142917519069-RESTAURANT,P47,test,GOLD_EXISTING_LEXICAL_OR_SENTENCE,142,142,1,0.7172922492027283,B02,0
asl_citizen:8905841042232867-RESTAURANT,asl_citizen:8905841042232867-RESTAURANT,P17,test,GOLD_EXISTING_LEXICAL_OR_SENTENCE,142,142,1,0.7615815997123718,B02,0
asl_citizen:7401223768646483-RESTAURANT,asl_citizen:7401223768646483-RESTAURANT,P48,test,GOLD_EXISTING_LEXICAL_OR_SENTENCE,142,142,1,0.8058630228042603,B02,0
asl_citizen:9064104493829628-RESTAURANT,asl_citizen:9064104493829628-RESTAURANT,P22,test,GOLD_EXISTING_LEXICAL_OR_SENTENCE,142,142,1,0.6887025833129883,B02,0
asl_citizen:16947273607305258-RESTAURANT,asl_citizen:16947273607305258-RESTAURANT,P18,test,GOLD_EXISTING_LEXICAL_OR_SENTENCE,142,142,1,0.9870973825454712,B02,0
asl_citizen:7274767352225469-RESTAURANT,asl_citizen:7274767352225469-RESTAURANT,P9,test,GOLD_EXISTING_LEXICAL_OR_SENTENCE,142,142,1,0.8687856793403625,B02,0
asl_citizen:9009140890474454-RHINO,asl_citizen:9009140890474454-RHINO,P35,test,GOLD_EXISTING_LEXICAL_OR_SENTENCE,143,143,1,0.9768257141113281,B02,0
asl_citizen:7129765281724938-RHINO,asl_citizen:7129765281724938-RHINO,P47,test,GOLD_EXISTING_LEXICAL_OR_SENTENCE,143,143,1,0.5669405460357666,B02,0
asl_citizen:7257207241546646-RHINO,asl_citizen:7257207241546646-RHINO,P49,test,GOLD_EXISTING_LEXICAL_OR_SENTENCE,143,143,1,0.5724439024925232,B02,0
asl_citizen:17037549589664192-RHINO,asl_citizen:17037549589664192-RHINO,P6,test,GOLD_EXISTING_LEXICAL_OR_SENTENCE,143,143,1,0.9578203558921814,B02,0
asl_citizen:18034471009038877-RHINO,asl_citizen:18034471009038877-RHINO,P22,test,GOLD_EXISTING_LEXICAL_OR_SENTENCE,143,143,1,0.8217595815658569,B02,0
asl_citizen:5395780022051135-RHINO,asl_citizen:5395780022051135-RHINO,P17,test,GOLD_EXISTING_LEXICAL_OR_SENTENCE,143,143,1,0.9757959246635437,B02,0
asl_citizen:5823827078681079-RHINO,asl_citizen:5823827078681079-RHINO,P18,test,GOLD_EXISTING_LEXICAL_OR_SENTENCE,143,143,1,0.9405778050422668,B02,0
asl_citizen:36410534137340056-RHINO,asl_citizen:36410534137340056-RHINO,P9,test,GOLD_EXISTING_LEXICAL_OR_SENTENCE,143,143,1,0.9759147763252258,B02,0
asl_citizen:2519463938747688-RUSH,asl_citizen:2519463938747688-RUSH,P48,test,GOLD_EXISTING_LEXICAL_OR_SENTENCE,144,144,1,0.8015320301055908,B02,0
asl_citizen:027571437679423383-RUSH,asl_citizen:027571437679423383-RUSH,P47,test,GOLD_EXISTING_LEXICAL_OR_SENTENCE,144,144,1,0.865612804889679,B02,0
asl_citizen:44731932993595436-RUSH,asl_citizen:44731932993595436-RUSH,P6,test,GOLD_EXISTING_LEXICAL_OR_SENTENCE,144,144,1,0.8356992602348328,B02,0
asl_citizen:6120864686400156-RUSH,asl_citizen:6120864686400156-RUSH,P18,test,GOLD_EXISTING_LEXICAL_OR_SENTENCE,144,144,1,0.9991336464881897,B02,0
asl_citizen:5986370403222989-RUSH,asl_citizen:5986370403222989-RUSH,P35,test,GOLD_EXISTING_LEXICAL_OR_SENTENCE,144,144,1,0.988456130027771,B02,0
asl_citizen:5787596106951816-RUSH,asl_citizen:5787596106951816-RUSH,P9,test,GOLD_EXISTING_LEXICAL_OR_SENTENCE,144,144,1,0.9538543224334717,B02,0
asl_citizen:970627555717537-RUSH,asl_citizen:970627555717537-RUSH,P22,test,GOLD_EXISTING_LEXICAL_OR_SENTENCE,144,144,1,0.9987972974777222,B02,0
asl_citizen:6885115889892539-RUSH,asl_citizen:6885115889892539-RUSH,P9,test,GOLD_EXISTING_LEXICAL_OR_SENTENCE,144,130,0,0.4501006305217743,B02,0
asl_citizen:5671220265034711-SAIL 2,asl_citizen:5671220265034711-SAIL 2,P49,test,GOLD_EXISTING_LEXICAL_OR_SENTENCE,145,145,1,0.991446852684021,B02,0
asl_citizen:8298420400860262-SAIL 2,asl_citizen:8298420400860262-SAIL 2,P18,test,GOLD_EXISTING_LEXICAL_OR_SENTENCE,145,3,0,0.35571053624153137,B02,0
asl_citizen:8365337464131144-SAIL 2,asl_citizen:8365337464131144-SAIL 2,P17,test,GOLD_EXISTING_LEXICAL_OR_SENTENCE,145,145,1,0.9372166991233826,B02,0
asl_citizen:5493974082836584-SAIL 2,asl_citizen:5493974082836584-SAIL 2,P47,test,GOLD_EXISTING_LEXICAL_OR_SENTENCE,145,145,1,0.8835088014602661,B02,0
asl_citizen:25193493599062466-SAIL 2,asl_citizen:25193493599062466-SAIL 2,P6,test,GOLD_EXISTING_LEXICAL_OR_SENTENCE,145,109,0,0.7872300744056702,B02,0
asl_citizen:19910436412347976-SAIL 2,asl_citizen:19910436412347976-SAIL 2,P48,test,GOLD_EXISTING_LEXICAL_OR_SENTENCE,145,109,0,0.9155963659286499,B02,0
asl_citizen:998664525579968-SAIL 2,asl_citizen:998664525579968-SAIL 2,P35,test,GOLD_EXISTING_LEXICAL_OR_SENTENCE,145,145,1,0.9433658123016357,B02,0
asl_citizen:8532015518358596-SAIL 2,asl_citizen:8532015518358596-SAIL 2,P9,test,GOLD_EXISTING_LEXICAL_OR_SENTENCE,145,145,1,0.9880788922309875,B02,0
asl_citizen:07028305904568288-SALT,asl_citizen:07028305904568288-SALT,P48,test,GOLD_EXISTING_LEXICAL_OR_SENTENCE,146,146,1,0.784308671951294,B02,0
asl_citizen:771924264423336-SALT,asl_citizen:771924264423336-SALT,P49,test,GOLD_EXISTING_LEXICAL_OR_SENTENCE,146,146,1,0.9638577103614807,B02,0
asl_citizen:25049365626104025-SALT,asl_citizen:25049365626104025-SALT,P35,test,GOLD_EXISTING_LEXICAL_OR_SENTENCE,146,65,0,0.43671661615371704,B02,0
asl_citizen:9639738269415754-SALT,asl_citizen:9639738269415754-SALT,P18,test,GOLD_EXISTING_LEXICAL_OR_SENTENCE,146,146,1,0.7451569437980652,B02,0
asl_citizen:3113285790937248-SALT,asl_citizen:3113285790937248-SALT,P35,test,GOLD_EXISTING_LEXICAL_OR_SENTENCE,146,146,1,0.9894073605537415,B02,0
asl_citizen:7295850548537901-SALT,asl_citizen:7295850548537901-SALT,P6,test,GOLD_EXISTING_LEXICAL_OR_SENTENCE,146,146,1,0.8826819062232971,B02,0
asl_citizen:9017897696226882-SALT,asl_citizen:9017897696226882-SALT,P17,test,GOLD_EXISTING_LEXICAL_OR_SENTENCE,146,146,1,0.9896528124809265,B02,0
asl_citizen:2728213318874628-SALT,asl_citizen:2728213318874628-SALT,P9,test,GOLD_EXISTING_LEXICAL_OR_SENTENCE,146,175,0,0.7061507701873779,B02,0
asl_citizen:249367169566167-SCOOP,asl_citizen:249367169566167-SCOOP,P49,test,GOLD_EXISTING_LEXICAL_OR_SENTENCE,147,147,1,0.38185495138168335,B02,0
asl_citizen:010766761857086804-SCOOP,asl_citizen:010766761857086804-SCOOP,P18,test,GOLD_EXISTING_LEXICAL_OR_SENTENCE,147,147,1,0.9988603591918945,B02,0
asl_citizen:45688609350556075-SCOOP,asl_citizen:45688609350556075-SCOOP,P9,test,GOLD_EXISTING_LEXICAL_OR_SENTENCE,147,77,0,0.23771603405475616,B02,0
asl_citizen:777254747711311-SCOOP,asl_citizen:777254747711311-SCOOP,P15,test,GOLD_EXISTING_LEXICAL_OR_SENTENCE,147,147,1,0.9919747710227966,B02,0
asl_citizen:6154732147946227-SCOOP,asl_citizen:6154732147946227-SCOOP,P42,test,GOLD_EXISTING_LEXICAL_OR_SENTENCE,147,18,0,0.4969760477542877,B02,0
asl_citizen:19224516700730288-SCOOP,asl_citizen:19224516700730288-SCOOP,P49,test,GOLD_EXISTING_LEXICAL_OR_SENTENCE,147,147,1,0.9996572732925415,B02,0
asl_citizen:24094649605232776-SCOOP,asl_citizen:24094649605232776-SCOOP,P22,test,GOLD_EXISTING_LEXICAL_OR_SENTENCE,147,147,1,0.9685007333755493,B02,0
asl_citizen:9730091562410323-SCOOP,asl_citizen:9730091562410323-SCOOP,P47,test,GOLD_EXISTING_LEXICAL_OR_SENTENCE,147,147,1,0.9983890056610107,B02,0
asl_citizen:7600208365404493-SECRET,asl_citizen:7600208365404493-SECRET,P48,test,GOLD_EXISTING_LEXICAL_OR_SENTENCE,148,148,1,0.6093738675117493,B02,0
asl_citizen:3785222980509524-SECRET,asl_citizen:3785222980509524-SECRET,P17,test,GOLD_EXISTING_LEXICAL_OR_SENTENCE,148,148,1,0.6073595881462097,B02,0
asl_citizen:9331764379331171-SECRET,asl_citizen:9331764379331171-SECRET,P49,test,GOLD_EXISTING_LEXICAL_OR_SENTENCE,148,148,1,0.8933242559432983,B02,0
asl_citizen:30873653752757924-SECRET,asl_citizen:30873653752757924-SECRET,P47,test,GOLD_EXISTING_LEXICAL_OR_SENTENCE,148,148,1,0.7046970129013062,B02,0
asl_citizen:2158523027438073-SECRET,asl_citizen:2158523027438073-SECRET,P6,test,GOLD_EXISTING_LEXICAL_OR_SENTENCE,148,148,1,0.8350442051887512,B02,0
asl_citizen:49431623630020516-SECRET,asl_citizen:49431623630020516-SECRET,P15,test,GOLD_EXISTING_LEXICAL_OR_SENTENCE,148,148,1,0.5781901478767395,B02,0
asl_citizen:4961054386479491-SECRET,asl_citizen:4961054386479491-SECRET,P35,test,GOLD_EXISTING_LEXICAL_OR_SENTENCE,148,148,1,0.906105101108551,B02,0
asl_citizen:9014133516703418-SECRET,asl_citizen:9014133516703418-SECRET,P22,test,GOLD_EXISTING_LEXICAL_OR_SENTENCE,148,148,1,0.8416771292686462,B02,0
asl_citizen:44723797232487494-SEND,asl_citizen:44723797232487494-SEND,P48,test,GOLD_EXISTING_LEXICAL_OR_SENTENCE,149,149,1,0.45719337463378906,B02,0
asl_citizen:6630994156987291-SEND,asl_citizen:6630994156987291-SEND,P35,test,GOLD_EXISTING_LEXICAL_OR_SENTENCE,149,149,1,0.9972782731056213,B02,0
asl_citizen:38411736040805344-SEND,asl_citizen:38411736040805344-SEND,P22,test,GOLD_EXISTING_LEXICAL_OR_SENTENCE,149,149,1,0.7583370804786682,B02,0
asl_citizen:8241709412018865-SEND,asl_citizen:8241709412018865-SEND,P9,test,GOLD_EXISTING_LEXICAL_OR_SENTENCE,149,11,0,0.34572678804397583,B02,0
asl_citizen:3098568377560049-SEND,asl_citizen:3098568377560049-SEND,P15,test,GOLD_EXISTING_LEXICAL_OR_SENTENCE,149,55,0,0.454541951417923,B02,0
asl_citizen:7615518031882893-SEND,asl_citizen:7615518031882893-SEND,P22,test,GOLD_EXISTING_LEXICAL_OR_SENTENCE,149,149,1,0.5715752243995667,B02,0
asl_citizen:13553502839177423-SEND,asl_citizen:13553502839177423-SEND,P6,test,GOLD_EXISTING_LEXICAL_OR_SENTENCE,149,149,1,0.8342211246490479,B02,0
asl_citizen:6990328291359291-SEND,asl_citizen:6990328291359291-SEND,P49,test,GOLD_EXISTING_LEXICAL_OR_SENTENCE,149,198,0,0.52934730052948,B02,0
asl_citizen:5000931412799545-SHARPEN 1,asl_citizen:5000931412799545-SHARPEN 1,P17,test,GOLD_EXISTING_LEXICAL_OR_SENTENCE,150,184,0,0.8177584409713745,B02,0
asl_citizen:8658051333761474-SHARPEN 1,asl_citizen:8658051333761474-SHARPEN 1,P22,test,GOLD_EXISTING_LEXICAL_OR_SENTENCE,150,150,1,0.6910386681556702,B02,0
asl_citizen:1902131450657536-SHARPEN 1,asl_citizen:1902131450657536-SHARPEN 1,P6,test,GOLD_EXISTING_LEXICAL_OR_SENTENCE,150,97,0,0.949428141117096,B02,0
asl_citizen:6806229526128476-SHARPEN 1,asl_citizen:6806229526128476-SHARPEN 1,P47,test,GOLD_EXISTING_LEXICAL_OR_SENTENCE,150,150,1,0.9324570298194885,B02,0
asl_citizen:043212209888262354-SHARPEN 1,asl_citizen:043212209888262354-SHARPEN 1,P18,test,GOLD_EXISTING_LEXICAL_OR_SENTENCE,150,150,1,0.8980523943901062,B02,0
asl_citizen:35281819133308834-SHARPEN 1,asl_citizen:35281819133308834-SHARPEN 1,P22,test,GOLD_EXISTING_LEXICAL_OR_SENTENCE,150,184,0,0.5459429621696472,B02,0
asl_citizen:39747253059028664-SHARPEN 1,asl_citizen:39747253059028664-SHARPEN 1,P18,test,GOLD_EXISTING_LEXICAL_OR_SENTENCE,150,150,1,0.9260551929473877,B02,0
asl_citizen:22242007163329114-SHARPEN 1,asl_citizen:22242007163329114-SHARPEN 1,P48,test,GOLD_EXISTING_LEXICAL_OR_SENTENCE,150,150,1,0.878399670124054,B02,0
asl_citizen:03823432282019801-SHIELD,asl_citizen:03823432282019801-SHIELD,P15,test,GOLD_EXISTING_LEXICAL_OR_SENTENCE,151,151,1,0.9696931838989258,B02,0
asl_citizen:26093755733218793-SHIELD,asl_citizen:26093755733218793-SHIELD,P35,test,GOLD_EXISTING_LEXICAL_OR_SENTENCE,151,151,1,0.9935818910598755,B02,0
asl_citizen:15801447607076358-SHIELD,asl_citizen:15801447607076358-SHIELD,P22,test,GOLD_EXISTING_LEXICAL_OR_SENTENCE,151,71,0,0.9007282257080078,B02,0
asl_citizen:03088268698265395-SHIELD,asl_citizen:03088268698265395-SHIELD,P17,test,GOLD_EXISTING_LEXICAL_OR_SENTENCE,151,71,0,0.6309085488319397,B02,0
asl_citizen:38571767317215255-SHIELD,asl_citizen:38571767317215255-SHIELD,P48,test,GOLD_EXISTING_LEXICAL_OR_SENTENCE,151,151,1,0.4939136803150177,B02,0
asl_citizen:8327106724654354-SHIELD,asl_citizen:8327106724654354-SHIELD,P6,test,GOLD_EXISTING_LEXICAL_OR_SENTENCE,151,71,0,0.5919074416160583,B02,0
asl_citizen:8733527987947034-SHIELD,asl_citizen:8733527987947034-SHIELD,P15,test,GOLD_EXISTING_LEXICAL_OR_SENTENCE,151,151,1,0.9503078460693359,B02,0
asl_citizen:5333785095117796-SHIELD,asl_citizen:5333785095117796-SHIELD,P9,test,GOLD_EXISTING_LEXICAL_OR_SENTENCE,151,151,1,0.510337769985199,B02,0
asl_citizen:7383296308715495-SHOOT 2,asl_citizen:7383296308715495-SHOOT 2,P6,test,GOLD_EXISTING_LEXICAL_OR_SENTENCE,152,95,0,0.607154905796051,B02,0
asl_citizen:6706757560789209-SHOOT 2,asl_citizen:6706757560789209-SHOOT 2,P15,test,GOLD_EXISTING_LEXICAL_OR_SENTENCE,152,152,1,0.9956791996955872,B02,0
asl_citizen:28706766177255094-SHOOT 2,asl_citizen:28706766177255094-SHOOT 2,P9,test,GOLD_EXISTING_LEXICAL_OR_SENTENCE,152,177,0,0.29974034428596497,B02,0
asl_citizen:8122363861858433-SHOOT 2,asl_citizen:8122363861858433-SHOOT 2,P35,test,GOLD_EXISTING_LEXICAL_OR_SENTENCE,152,2,0,0.35236963629722595,B02,0
asl_citizen:5209899942847593-SHOOT 2,asl_citizen:5209899942847593-SHOOT 2,P18,test,GOLD_EXISTING_LEXICAL_OR_SENTENCE,152,80,0,0.5651151537895203,B02,0
asl_citizen:6863152284621228-SHOOT 2,asl_citizen:6863152284621228-SHOOT 2,P18,test,GOLD_EXISTING_LEXICAL_OR_SENTENCE,152,152,1,0.9083739519119263,B02,0
asl_citizen:17120646870983025-SHOOT 2,asl_citizen:17120646870983025-SHOOT 2,P47,test,GOLD_EXISTING_LEXICAL_OR_SENTENCE,152,152,1,0.9972288012504578,B02,0
asl_citizen:3707478469019385-SHOOT 2,asl_citizen:3707478469019385-SHOOT 2,P6,test,GOLD_EXISTING_LEXICAL_OR_SENTENCE,152,47,0,0.5407429337501526,B02,0
asl_citizen:8897058305283605-SHOOTING,asl_citizen:8897058305283605-SHOOTING,P35,test,GOLD_EXISTING_LEXICAL_OR_SENTENCE,153,153,1,0.9984431862831116,B02,0
asl_citizen:5674275647230758-SHOOTING,asl_citizen:5674275647230758-SHOOTING,P9,test,GOLD_EXISTING_LEXICAL_OR_SENTENCE,153,153,1,0.9739785194396973,B02,0
asl_citizen:17384757904244874-SHOOTING,asl_citizen:17384757904244874-SHOOTING,P48,test,GOLD_EXISTING_LEXICAL_OR_SENTENCE,153,153,1,0.7387932538986206,B02,0
asl_citizen:2836475442072304-SHOOTING,asl_citizen:2836475442072304-SHOOTING,P17,test,GOLD_EXISTING_LEXICAL_OR_SENTENCE,153,153,1,0.9924496412277222,B02,0
asl_citizen:21501932222050724-SHOOTING,asl_citizen:21501932222050724-SHOOTING,P18,test,GOLD_EXISTING_LEXICAL_OR_SENTENCE,153,153,1,0.9472420811653137,B02,0
asl_citizen:6512142781084489-SHOOTING,asl_citizen:6512142781084489-SHOOTING,P42,test,GOLD_EXISTING_LEXICAL_OR_SENTENCE,153,153,1,0.9967907071113586,B02,0
asl_citizen:3753906652975558-SHOOTING,asl_citizen:3753906652975558-SHOOTING,P47,test,GOLD_EXISTING_LEXICAL_OR_SENTENCE,153,153,1,0.9892353415489197,B02,0
asl_citizen:40951976240363375-SHOOTING,asl_citizen:40951976240363375-SHOOTING,P49,test,GOLD_EXISTING_LEXICAL_OR_SENTENCE,153,153,1,0.8122780919075012,B02,0
asl_citizen:41679860029094606-SHOT,asl_citizen:41679860029094606-SHOT,P35,test,GOLD_EXISTING_LEXICAL_OR_SENTENCE,154,154,1,0.9991401433944702,B02,0
asl_citizen:8240048277919259-SHOT,asl_citizen:8240048277919259-SHOT,P49,test,GOLD_EXISTING_LEXICAL_OR_SENTENCE,154,154,1,0.7801867127418518,B02,0
asl_citizen:10267126113165492-SHOT,asl_citizen:10267126113165492-SHOT,P48,test,GOLD_EXISTING_LEXICAL_OR_SENTENCE,154,154,1,0.45299258828163147,B02,0
asl_citizen:12253653686390042-SHOT,asl_citizen:12253653686390042-SHOT,P17,test,GOLD_EXISTING_LEXICAL_OR_SENTENCE,154,154,1,0.44027379155158997,B02,0
asl_citizen:32402486526671526-SHOT,asl_citizen:32402486526671526-SHOT,P9,test,GOLD_EXISTING_LEXICAL_OR_SENTENCE,154,154,1,0.9868530035018921,B02,0
asl_citizen:6205447470012193-SHOT,asl_citizen:6205447470012193-SHOT,P48,test,GOLD_EXISTING_LEXICAL_OR_SENTENCE,154,74,0,0.5813504457473755,B02,0
asl_citizen:21634847585574835-SHOT,asl_citizen:21634847585574835-SHOT,P22,test,GOLD_EXISTING_LEXICAL_OR_SENTENCE,154,111,0,0.3743327856063843,B02,0
asl_citizen:7758439693732813-SHOT,asl_citizen:7758439693732813-SHOT,P42,test,GOLD_EXISTING_LEXICAL_OR_SENTENCE,154,86,0,0.27854591608047485,B02,0
asl_citizen:20643740951501166-SHUT OUT,asl_citizen:20643740951501166-SHUT OUT,P47,test,GOLD_EXISTING_LEXICAL_OR_SENTENCE,155,155,1,0.9875559210777283,B02,0
asl_citizen:9212036843990614-SHUT OUT,asl_citizen:9212036843990614-SHUT OUT,P49,test,GOLD_EXISTING_LEXICAL_OR_SENTENCE,155,155,1,0.9895117878913879,B02,0
asl_citizen:0636580316216-SHUT OUT,asl_citizen:0636580316216-SHUT OUT,P17,test,GOLD_EXISTING_LEXICAL_OR_SENTENCE,155,155,1,0.9955785870552063,B02,0
asl_citizen:2607120100781699-SHUT OUT,asl_citizen:2607120100781699-SHUT OUT,P47,test,GOLD_EXISTING_LEXICAL_OR_SENTENCE,155,155,1,0.8987902402877808,B02,0
asl_citizen:5960389506441459-SHUT OUT,asl_citizen:5960389506441459-SHUT OUT,P22,test,GOLD_EXISTING_LEXICAL_OR_SENTENCE,155,155,1,0.9949459433555603,B02,0
asl_citizen:7255202523785196-SHUT OUT,asl_citizen:7255202523785196-SHUT OUT,P6,test,GOLD_EXISTING_LEXICAL_OR_SENTENCE,155,155,1,0.99472975730896,B02,0
asl_citizen:8427732173530238-SHUT OUT,asl_citizen:8427732173530238-SHUT OUT,P15,test,GOLD_EXISTING_LEXICAL_OR_SENTENCE,155,155,1,0.9615350961685181,B02,0
asl_citizen:21748206298301098-SHUT OUT,asl_citizen:21748206298301098-SHUT OUT,P18,test,GOLD_EXISTING_LEXICAL_OR_SENTENCE,155,155,1,0.9886060357093811,B02,0
asl_citizen:03582115602621383-SIDE,asl_citizen:03582115602621383-SIDE,P48,test,GOLD_EXISTING_LEXICAL_OR_SENTENCE,156,156,1,0.5527951121330261,B02,0
asl_citizen:584256881494418-SIDE,asl_citizen:584256881494418-SIDE,P47,test,GOLD_EXISTING_LEXICAL_OR_SENTENCE,156,156,1,0.9775020480155945,B02,0
asl_citizen:7479705292720449-SIDE,asl_citizen:7479705292720449-SIDE,P18,test,GOLD_EXISTING_LEXICAL_OR_SENTENCE,156,156,1,0.9848056435585022,B02,0
asl_citizen:5420612868708861-SIDE,asl_citizen:5420612868708861-SIDE,P17,test,GOLD_EXISTING_LEXICAL_OR_SENTENCE,156,156,1,0.5522911548614502,B02,0
asl_citizen:10459504068825787-SIDE,asl_citizen:10459504068825787-SIDE,P49,test,GOLD_EXISTING_LEXICAL_OR_SENTENCE,156,156,1,0.9682236313819885,B02,0
asl_citizen:7088118724781087-SIDE,asl_citizen:7088118724781087-SIDE,P22,test,GOLD_EXISTING_LEXICAL_OR_SENTENCE,156,135,0,0.5888131260871887,B02,0
asl_citizen:03506330749112463-SIDE,asl_citizen:03506330749112463-SIDE,P15,test,GOLD_EXISTING_LEXICAL_OR_SENTENCE,156,177,0,0.6569517850875854,B02,0
asl_citizen:1289041520425227-SIDE,asl_citizen:1289041520425227-SIDE,P6,test,GOLD_EXISTING_LEXICAL_OR_SENTENCE,156,156,1,0.9693631529808044,B02,0
asl_citizen:6795467330954337-SING,asl_citizen:6795467330954337-SING,P47,test,GOLD_EXISTING_LEXICAL_OR_SENTENCE,157,161,0,0.6653355360031128,B02,0
asl_citizen:5540773958748633-SING,asl_citizen:5540773958748633-SING,P15,test,GOLD_EXISTING_LEXICAL_OR_SENTENCE,157,157,1,0.7622665166854858,B02,0
asl_citizen:7243419395622124-SING,asl_citizen:7243419395622124-SING,P35,test,GOLD_EXISTING_LEXICAL_OR_SENTENCE,157,157,1,0.9234528541564941,B02,0
asl_citizen:8187593701354778-SING,asl_citizen:8187593701354778-SING,P42,test,GOLD_EXISTING_LEXICAL_OR_SENTENCE,157,157,1,0.38396790623664856,B02,0
asl_citizen:7033685537226488-SING,asl_citizen:7033685537226488-SING,P18,test,GOLD_EXISTING_LEXICAL_OR_SENTENCE,157,157,1,0.8620442748069763,B02,0
asl_citizen:9266519727005482-SING,asl_citizen:9266519727005482-SING,P48,test,GOLD_EXISTING_LEXICAL_OR_SENTENCE,157,157,1,0.6950865387916565,B02,0
asl_citizen:5630457624804381-SING,asl_citizen:5630457624804381-SING,P15,test,GOLD_EXISTING_LEXICAL_OR_SENTENCE,157,4,0,0.6808677315711975,B02,0
asl_citizen:6731015977320463-SING,asl_citizen:6731015977320463-SING,P17,test,GOLD_EXISTING_LEXICAL_OR_SENTENCE,157,92,0,0.30182918906211853,B02,0
asl_citizen:6424503820995862-SKI-CA,asl_citizen:6424503820995862-SKI-CA,P18,test,GOLD_EXISTING_LEXICAL_OR_SENTENCE,158,158,1,0.9973613619804382,B02,0
asl_citizen:30739953296255673-SKI-CA,asl_citizen:30739953296255673-SKI-CA,P15,test,GOLD_EXISTING_LEXICAL_OR_SENTENCE,158,158,1,0.4847921133041382,B02,0
asl_citizen:0401922492754927-SKI-CA,asl_citizen:0401922492754927-SKI-CA,P49,test,GOLD_EXISTING_LEXICAL_OR_SENTENCE,158,158,1,0.8956713676452637,B02,0
asl_citizen:5295150070242614-SKI-CA,asl_citizen:5295150070242614-SKI-CA,P42,test,GOLD_EXISTING_LEXICAL_OR_SENTENCE,158,158,1,0.9975478053092957,B02,0
asl_citizen:41850154065199363-SKI-CA,asl_citizen:41850154065199363-SKI-CA,P35,test,GOLD_EXISTING_LEXICAL_OR_SENTENCE,158,158,1,0.9787406325340271,B02,0
asl_citizen:5472213032730637-SKI-CA,asl_citizen:5472213032730637-SKI-CA,P9,test,GOLD_EXISTING_LEXICAL_OR_SENTENCE,158,158,1,0.8921663761138916,B02,0
asl_citizen:5395594489712972-SKI-CA,asl_citizen:5395594489712972-SKI-CA,P47,test,GOLD_EXISTING_LEXICAL_OR_SENTENCE,158,158,1,0.9992293119430542,B02,0
asl_citizen:390710289933893-SKI-CA,asl_citizen:390710289933893-SKI-CA,P47,test,GOLD_EXISTING_LEXICAL_OR_SENTENCE,158,158,1,0.9983057975769043,B02,0
asl_citizen:34554624060560335-SLIP,asl_citizen:34554624060560335-SLIP,P6,test,GOLD_EXISTING_LEXICAL_OR_SENTENCE,159,126,0,0.3753693103790283,B02,0
asl_citizen:7104950036026689-SLIP,asl_citizen:7104950036026689-SLIP,P35,test,GOLD_EXISTING_LEXICAL_OR_SENTENCE,159,159,1,0.33918094635009766,B02,0
asl_citizen:8395830500298627-SLIP,asl_citizen:8395830500298627-SLIP,P18,test,GOLD_EXISTING_LEXICAL_OR_SENTENCE,159,159,1,0.9808361530303955,B02,0
asl_citizen:8066638436237525-SLIP,asl_citizen:8066638436237525-SLIP,P9,test,GOLD_EXISTING_LEXICAL_OR_SENTENCE,159,159,1,0.9386195540428162,B02,0
asl_citizen:005125580808864827-SLIP,asl_citizen:005125580808864827-SLIP,P48,test,GOLD_EXISTING_LEXICAL_OR_SENTENCE,159,159,1,0.4047323167324066,B02,0
asl_citizen:30018462866258444-SLIP,asl_citizen:30018462866258444-SLIP,P49,test,GOLD_EXISTING_LEXICAL_OR_SENTENCE,159,159,1,0.9333611130714417,B02,0
asl_citizen:5468478715016525-SLIP,asl_citizen:5468478715016525-SLIP,P22,test,GOLD_EXISTING_LEXICAL_OR_SENTENCE,159,159,1,0.6605918407440186,B02,0
asl_citizen:7052830187776828-SLIP,asl_citizen:7052830187776828-SLIP,P6,test,GOLD_EXISTING_LEXICAL_OR_SENTENCE,159,159,1,0.6496426463127136,B02,0
asl_citizen:7416288853276949-SMELL MONEY,asl_citizen:7416288853276949-SMELL MONEY,P15,test,GOLD_EXISTING_LEXICAL_OR_SENTENCE,160,160,1,0.8981909155845642,B02,0
asl_citizen:034097320824441946-SMELL MONEY,asl_citizen:034097320824441946-SMELL MONEY,P42,test,GOLD_EXISTING_LEXICAL_OR_SENTENCE,160,160,1,0.6309963464736938,B02,0
asl_citizen:9237669407499061-SMELL MONEY,asl_citizen:9237669407499061-SMELL MONEY,P49,test,GOLD_EXISTING_LEXICAL_OR_SENTENCE,160,160,1,0.8901731371879578,B02,0
asl_citizen:8285775472419534-SMELL MONEY,asl_citizen:8285775472419534-SMELL MONEY,P48,test,GOLD_EXISTING_LEXICAL_OR_SENTENCE,160,160,1,0.8417601585388184,B02,0
asl_citizen:855539983404578-SMELL MONEY,asl_citizen:855539983404578-SMELL MONEY,P18,test,GOLD_EXISTING_LEXICAL_OR_SENTENCE,160,160,1,0.9656751155853271,B02,0
asl_citizen:3241300306459223-SMELL MONEY,asl_citizen:3241300306459223-SMELL MONEY,P22,test,GOLD_EXISTING_LEXICAL_OR_SENTENCE,160,160,1,0.9232442378997803,B02,0
asl_citizen:44292691668153217-SMELL MONEY,asl_citizen:44292691668153217-SMELL MONEY,P9,test,GOLD_EXISTING_LEXICAL_OR_SENTENCE,160,160,1,0.9151106476783752,B02,0
asl_citizen:6642717834613965-SMELL MONEY,asl_citizen:6642717834613965-SMELL MONEY,P17,test,GOLD_EXISTING_LEXICAL_OR_SENTENCE,160,160,1,0.8262396454811096,B02,0
asl_citizen:8035548352616286-SODA,asl_citizen:8035548352616286-SODA,P42,test,GOLD_EXISTING_LEXICAL_OR_SENTENCE,161,161,1,0.9447111487388611,B02,0
asl_citizen:46740013382390644-SODA,asl_citizen:46740013382390644-SODA,P49,test,GOLD_EXISTING_LEXICAL_OR_SENTENCE,161,161,1,0.902484118938446,B02,0
asl_citizen:19478616623568867-SODA,asl_citizen:19478616623568867-SODA,P35,test,GOLD_EXISTING_LEXICAL_OR_SENTENCE,161,161,1,0.9975383281707764,B02,0
asl_citizen:664135263079644-SODA,asl_citizen:664135263079644-SODA,P47,test,GOLD_EXISTING_LEXICAL_OR_SENTENCE,161,161,1,0.9864903688430786,B02,0
asl_citizen:0042094656857616375-SODA,asl_citizen:0042094656857616375-SODA,P17,test,GOLD_EXISTING_LEXICAL_OR_SENTENCE,161,127,0,0.11597629636526108,B02,0
asl_citizen:4312724660062097-SODA,asl_citizen:4312724660062097-SODA,P48,test,GOLD_EXISTING_LEXICAL_OR_SENTENCE,161,161,1,0.9982863068580627,B02,0
asl_citizen:14672316800115537-SODA,asl_citizen:14672316800115537-SODA,P18,test,GOLD_EXISTING_LEXICAL_OR_SENTENCE,161,161,1,0.9996682405471802,B02,0
asl_citizen:6867026413720294-SODA,asl_citizen:6867026413720294-SODA,P9,test,GOLD_EXISTING_LEXICAL_OR_SENTENCE,161,69,0,0.5637334585189819,B02,0
asl_citizen:31573107118682464-SOON 3,asl_citizen:31573107118682464-SOON 3,P48,test,GOLD_EXISTING_LEXICAL_OR_SENTENCE,162,173,0,0.25459444522857666,B02,0
asl_citizen:5786245403965293-SOON 3,asl_citizen:5786245403965293-SOON 3,P6,test,GOLD_EXISTING_LEXICAL_OR_SENTENCE,162,25,0,0.49681004881858826,B02,0
asl_citizen:17936877528480943-SOON 3,asl_citizen:17936877528480943-SOON 3,P15,test,GOLD_EXISTING_LEXICAL_OR_SENTENCE,162,162,1,0.9994500279426575,B02,0
asl_citizen:12409103675769195-SOON 3,asl_citizen:12409103675769195-SOON 3,P17,test,GOLD_EXISTING_LEXICAL_OR_SENTENCE,162,173,0,0.7772667407989502,B02,0
asl_citizen:023887665833127514-SOON 3,asl_citizen:023887665833127514-SOON 3,P49,test,GOLD_EXISTING_LEXICAL_OR_SENTENCE,162,173,0,0.13187816739082336,B02,0
asl_citizen:8851488150010913-SOON 3,asl_citizen:8851488150010913-SOON 3,P35,test,GOLD_EXISTING_LEXICAL_OR_SENTENCE,162,162,1,0.9996628761291504,B02,0
asl_citizen:6708390328334637-SOON 3,asl_citizen:6708390328334637-SOON 3,P18,test,GOLD_EXISTING_LEXICAL_OR_SENTENCE,162,162,1,0.9985805749893188,B02,0
asl_citizen:9918401531973546-SOON 3,asl_citizen:9918401531973546-SOON 3,P47,test,GOLD_EXISTING_LEXICAL_OR_SENTENCE,162,162,1,0.8802633881568909,B02,0
asl_citizen:4351487484632268-SOUTH,asl_citizen:4351487484632268-SOUTH,P6,test,GOLD_EXISTING_LEXICAL_OR_SENTENCE,163,20,0,0.4438767433166504,B02,0
asl_citizen:0859534901134309-SOUTH,asl_citizen:0859534901134309-SOUTH,P15,test,GOLD_EXISTING_LEXICAL_OR_SENTENCE,163,163,1,0.9665881991386414,B02,0
asl_citizen:22682820533714088-SOUTH,asl_citizen:22682820533714088-SOUTH,P48,test,GOLD_EXISTING_LEXICAL_OR_SENTENCE,163,163,1,0.7654334306716919,B02,0
asl_citizen:1145954363527617-SOUTH,asl_citizen:1145954363527617-SOUTH,P49,test,GOLD_EXISTING_LEXICAL_OR_SENTENCE,163,163,1,0.8275240659713745,B02,0
asl_citizen:22439965265352768-SOUTH,asl_citizen:22439965265352768-SOUTH,P17,test,GOLD_EXISTING_LEXICAL_OR_SENTENCE,163,179,0,0.32676923274993896,B02,0
asl_citizen:3470396748496698-SOUTH,asl_citizen:3470396748496698-SOUTH,P35,test,GOLD_EXISTING_LEXICAL_OR_SENTENCE,163,163,1,0.957715630531311,B02,0
asl_citizen:6792183310777264-SOUTH,asl_citizen:6792183310777264-SOUTH,P18,test,GOLD_EXISTING_LEXICAL_OR_SENTENCE,163,163,1,0.6514421701431274,B02,0
asl_citizen:33397002745583126-SOUTH,asl_citizen:33397002745583126-SOUTH,P42,test,GOLD_EXISTING_LEXICAL_OR_SENTENCE,163,20,0,0.6818106770515442,B02,0
asl_citizen:8611130910053586-SQUARE,asl_citizen:8611130910053586-SQUARE,P48,test,GOLD_EXISTING_LEXICAL_OR_SENTENCE,164,164,1,0.9068951606750488,B02,0
asl_citizen:055551097884108946-SQUARE,asl_citizen:055551097884108946-SQUARE,P9,test,GOLD_EXISTING_LEXICAL_OR_SENTENCE,164,164,1,0.9272769093513489,B02,0
asl_citizen:07963564531915446-SQUARE,asl_citizen:07963564531915446-SQUARE,P42,test,GOLD_EXISTING_LEXICAL_OR_SENTENCE,164,68,0,0.7942140698432922,B02,0
asl_citizen:6885469145021257-SQUARE,asl_citizen:6885469145021257-SQUARE,P6,test,GOLD_EXISTING_LEXICAL_OR_SENTENCE,164,164,1,0.9639360308647156,B02,0
asl_citizen:05340482742741659-SQUARE,asl_citizen:05340482742741659-SQUARE,P47,test,GOLD_EXISTING_LEXICAL_OR_SENTENCE,164,164,1,0.9960324168205261,B02,0
asl_citizen:8922501063940509-SQUARE,asl_citizen:8922501063940509-SQUARE,P49,test,GOLD_EXISTING_LEXICAL_OR_SENTENCE,164,164,1,0.9803712964057922,B02,0
asl_citizen:2603256789477888-SQUARE,asl_citizen:2603256789477888-SQUARE,P15,test,GOLD_EXISTING_LEXICAL_OR_SENTENCE,164,164,1,0.9995699524879456,B02,0
asl_citizen:03496082555320812-SQUARE,asl_citizen:03496082555320812-SQUARE,P17,test,GOLD_EXISTING_LEXICAL_OR_SENTENCE,164,164,1,0.9626454710960388,B02,0
asl_citizen:38189932991869613-STACK 2,asl_citizen:38189932991869613-STACK 2,P47,test,GOLD_EXISTING_LEXICAL_OR_SENTENCE,165,165,1,0.8277298212051392,B02,0
asl_citizen:030272042210044203-STACK 2,asl_citizen:030272042210044203-STACK 2,P6,test,GOLD_EXISTING_LEXICAL_OR_SENTENCE,165,165,1,0.96428382396698,B02,0
asl_citizen:5600833221251182-STACK 2,asl_citizen:5600833221251182-STACK 2,P18,test,GOLD_EXISTING_LEXICAL_OR_SENTENCE,165,165,1,0.9758743643760681,B02,0
asl_citizen:5213203400871151-STACK 2,asl_citizen:5213203400871151-STACK 2,P35,test,GOLD_EXISTING_LEXICAL_OR_SENTENCE,165,165,1,0.9989141225814819,B02,0
asl_citizen:31805195481621107-STACK 2,asl_citizen:31805195481621107-STACK 2,P42,test,GOLD_EXISTING_LEXICAL_OR_SENTENCE,165,165,1,0.9541125297546387,B02,0
asl_citizen:27575147877714956-STACK 2,asl_citizen:27575147877714956-STACK 2,P9,test,GOLD_EXISTING_LEXICAL_OR_SENTENCE,165,165,1,0.8448536992073059,B02,0
asl_citizen:14844352021340468-STACK 2,asl_citizen:14844352021340468-STACK 2,P49,test,GOLD_EXISTING_LEXICAL_OR_SENTENCE,165,165,1,0.9943283200263977,B02,0
asl_citizen:08181607627626408-STACK 2,asl_citizen:08181607627626408-STACK 2,P17,test,GOLD_EXISTING_LEXICAL_OR_SENTENCE,165,165,1,0.6249104738235474,B02,0
asl_citizen:3889459167016627-STACK 3,asl_citizen:3889459167016627-STACK 3,P22,test,GOLD_EXISTING_LEXICAL_OR_SENTENCE,166,166,1,0.6176412105560303,B02,0
asl_citizen:3887300467708441-STACK 3,asl_citizen:3887300467708441-STACK 3,P18,test,GOLD_EXISTING_LEXICAL_OR_SENTENCE,166,166,1,0.9684070348739624,B02,0
asl_citizen:3472034658807368-STACK 3,asl_citizen:3472034658807368-STACK 3,P35,test,GOLD_EXISTING_LEXICAL_OR_SENTENCE,166,166,1,0.9991424083709717,B02,0
asl_citizen:1895591280284934-STACK 3,asl_citizen:1895591280284934-STACK 3,P6,test,GOLD_EXISTING_LEXICAL_OR_SENTENCE,166,166,1,0.9474110007286072,B02,0
asl_citizen:6094801187069259-STACK 3,asl_citizen:6094801187069259-STACK 3,P48,test,GOLD_EXISTING_LEXICAL_OR_SENTENCE,166,166,1,0.9411628246307373,B02,0
asl_citizen:6752935513772733-STACK 3,asl_citizen:6752935513772733-STACK 3,P15,test,GOLD_EXISTING_LEXICAL_OR_SENTENCE,166,166,1,0.9854109287261963,B02,0
asl_citizen:47467264505565-STACK 3,asl_citizen:47467264505565-STACK 3,P9,test,GOLD_EXISTING_LEXICAL_OR_SENTENCE,166,166,1,0.9758368730545044,B02,0
asl_citizen:9192927736176966-STACK 3,asl_citizen:9192927736176966-STACK 3,P49,test,GOLD_EXISTING_LEXICAL_OR_SENTENCE,166,166,1,0.9139716029167175,B02,0
asl_citizen:565365748026234-STEAL,asl_citizen:565365748026234-STEAL,P22,test,GOLD_EXISTING_LEXICAL_OR_SENTENCE,167,167,1,0.9967674016952515,B02,0
asl_citizen:5860400106479933-STEAL,asl_citizen:5860400106479933-STEAL,P9,test,GOLD_EXISTING_LEXICAL_OR_SENTENCE,167,41,0,0.30581754446029663,B02,0
asl_citizen:8628515537642008-STEAL,asl_citizen:8628515537642008-STEAL,P47,test,GOLD_EXISTING_LEXICAL_OR_SENTENCE,167,167,1,0.775201678276062,B02,0
asl_citizen:7375434062573705-STEAL,asl_citizen:7375434062573705-STEAL,P35,test,GOLD_EXISTING_LEXICAL_OR_SENTENCE,167,167,1,0.9998546838760376,B02,0
asl_citizen:7176283320259234-STEAL,asl_citizen:7176283320259234-STEAL,P49,test,GOLD_EXISTING_LEXICAL_OR_SENTENCE,167,139,0,0.22565293312072754,B02,0
asl_citizen:7286778234177558-STEAL,asl_citizen:7286778234177558-STEAL,P42,test,GOLD_EXISTING_LEXICAL_OR_SENTENCE,167,167,1,0.9245822429656982,B02,0
asl_citizen:11084219176634225-STEAL,asl_citizen:11084219176634225-STEAL,P15,test,GOLD_EXISTING_LEXICAL_OR_SENTENCE,167,167,1,0.9988945126533508,B02,0
asl_citizen:610365939948702-STEAL,asl_citizen:610365939948702-STEAL,P18,test,GOLD_EXISTING_LEXICAL_OR_SENTENCE,167,167,1,0.8591251373291016,B02,0
asl_citizen:6766055184534256-STEAM,asl_citizen:6766055184534256-STEAM,P17,test,GOLD_EXISTING_LEXICAL_OR_SENTENCE,168,168,1,0.33725976943969727,B02,0
asl_citizen:6591821166435499-STEAM,asl_citizen:6591821166435499-STEAM,P47,test,GOLD_EXISTING_LEXICAL_OR_SENTENCE,168,168,1,0.9931873083114624,B02,0
asl_citizen:9578272207135259-STEAM,asl_citizen:9578272207135259-STEAM,P48,test,GOLD_EXISTING_LEXICAL_OR_SENTENCE,168,168,1,0.6395648121833801,B02,0
asl_citizen:4176479577425152-STEAM,asl_citizen:4176479577425152-STEAM,P22,test,GOLD_EXISTING_LEXICAL_OR_SENTENCE,168,15,0,0.5785855054855347,B02,0
asl_citizen:6053165596357593-STEAM,asl_citizen:6053165596357593-STEAM,P15,test,GOLD_EXISTING_LEXICAL_OR_SENTENCE,168,168,1,0.5050111413002014,B02,0
asl_citizen:6871802916884833-STEAM,asl_citizen:6871802916884833-STEAM,P42,test,GOLD_EXISTING_LEXICAL_OR_SENTENCE,168,168,1,0.9013289213180542,B02,0
asl_citizen:7424875789105292-STEAM,asl_citizen:7424875789105292-STEAM,P18,test,GOLD_EXISTING_LEXICAL_OR_SENTENCE,168,168,1,0.8966324329376221,B02,0
asl_citizen:038676817890453075-STEAM,asl_citizen:038676817890453075-STEAM,P35,test,GOLD_EXISTING_LEXICAL_OR_SENTENCE,168,168,1,0.9959191679954529,B02,0
asl_citizen:15670971950012635-STOPWATCH,asl_citizen:15670971950012635-STOPWATCH,P22,test,GOLD_EXISTING_LEXICAL_OR_SENTENCE,169,122,0,0.5410807728767395,B02,0
asl_citizen:7141199966648981-STOPWATCH,asl_citizen:7141199966648981-STOPWATCH,P48,test,GOLD_EXISTING_LEXICAL_OR_SENTENCE,169,186,0,0.4754365384578705,B02,0
asl_citizen:13093623534440368-STOPWATCH,asl_citizen:13093623534440368-STOPWATCH,P17,test,GOLD_EXISTING_LEXICAL_OR_SENTENCE,169,169,1,0.9356529712677002,B02,0
asl_citizen:8781826249799136-STOPWATCH,asl_citizen:8781826249799136-STOPWATCH,P18,test,GOLD_EXISTING_LEXICAL_OR_SENTENCE,169,169,1,0.7174369096755981,B02,0
asl_citizen:8112903497602761-STOPWATCH,asl_citizen:8112903497602761-STOPWATCH,P48,test,GOLD_EXISTING_LEXICAL_OR_SENTENCE,169,72,0,0.42925265431404114,B02,0
asl_citizen:0623311784572147-STOPWATCH,asl_citizen:0623311784572147-STOPWATCH,P15,test,GOLD_EXISTING_LEXICAL_OR_SENTENCE,169,169,1,0.9816392660140991,B02,0
asl_citizen:18566619289415098-STOPWATCH,asl_citizen:18566619289415098-STOPWATCH,P49,test,GOLD_EXISTING_LEXICAL_OR_SENTENCE,169,122,0,0.23911413550376892,B02,0
asl_citizen:18497316518740448-STOPWATCH,asl_citizen:18497316518740448-STOPWATCH,P47,test,GOLD_EXISTING_LEXICAL_OR_SENTENCE,169,169,1,0.9163480401039124,B02,0
asl_citizen:7641462023141801-STRANGLE,asl_citizen:7641462023141801-STRANGLE,P35,test,GOLD_EXISTING_LEXICAL_OR_SENTENCE,170,170,1,0.9847131371498108,B02,0
asl_citizen:9553657073753186-STRANGLE,asl_citizen:9553657073753186-STRANGLE,P48,test,GOLD_EXISTING_LEXICAL_OR_SENTENCE,170,8,0,0.7998162508010864,B02,0
asl_citizen:011577331264505553-STRANGLE,asl_citizen:011577331264505553-STRANGLE,P49,test,GOLD_EXISTING_LEXICAL_OR_SENTENCE,170,170,1,0.9310892820358276,B02,0
asl_citizen:7493240096464915-STRANGLE,asl_citizen:7493240096464915-STRANGLE,P6,test,GOLD_EXISTING_LEXICAL_OR_SENTENCE,170,170,1,0.9960248470306396,B02,0
asl_citizen:8770266137685718-STRANGLE,asl_citizen:8770266137685718-STRANGLE,P47,test,GOLD_EXISTING_LEXICAL_OR_SENTENCE,170,170,1,0.9691334366798401,B02,0
asl_citizen:17024964278735033-STRANGLE,asl_citizen:17024964278735033-STRANGLE,P17,test,GOLD_EXISTING_LEXICAL_OR_SENTENCE,170,170,1,0.9871735572814941,B02,0
asl_citizen:4058518267679887-STRANGLE,asl_citizen:4058518267679887-STRANGLE,P22,test,GOLD_EXISTING_LEXICAL_OR_SENTENCE,170,170,1,0.985752284526825,B02,0
asl_citizen:5592882265114305-STRANGLE,asl_citizen:5592882265114305-STRANGLE,P15,test,GOLD_EXISTING_LEXICAL_OR_SENTENCE,170,170,1,0.856031060218811,B02,0
asl_citizen:9053744659444944-STRAWBERRY 4,asl_citizen:9053744659444944-STRAWBERRY 4,P48,test,GOLD_EXISTING_LEXICAL_OR_SENTENCE,171,76,0,0.90340256690979,B02,0
asl_citizen:7099719348748879-STRAWBERRY 4,asl_citizen:7099719348748879-STRAWBERRY 4,P17,test,GOLD_EXISTING_LEXICAL_OR_SENTENCE,171,171,1,0.9702741503715515,B02,0
asl_citizen:7946742352057601-STRAWBERRY 4,asl_citizen:7946742352057601-STRAWBERRY 4,P6,test,GOLD_EXISTING_LEXICAL_OR_SENTENCE,171,122,0,0.5208593010902405,B02,0
asl_citizen:07706836813548601-STRAWBERRY 4,asl_citizen:07706836813548601-STRAWBERRY 4,P49,test,GOLD_EXISTING_LEXICAL_OR_SENTENCE,171,171,1,0.6317778825759888,B02,0
asl_citizen:906449000590027-STRAWBERRY 4,asl_citizen:906449000590027-STRAWBERRY 4,P22,test,GOLD_EXISTING_LEXICAL_OR_SENTENCE,171,171,1,0.9170228838920593,B02,0
asl_citizen:845288025470246-STRAWBERRY 4,asl_citizen:845288025470246-STRAWBERRY 4,P18,test,GOLD_EXISTING_LEXICAL_OR_SENTENCE,171,171,1,0.7466216683387756,B02,0
asl_citizen:646506608906831-STRAWBERRY 4,asl_citizen:646506608906831-STRAWBERRY 4,P35,test,GOLD_EXISTING_LEXICAL_OR_SENTENCE,171,76,0,0.6827605962753296,B02,0
asl_citizen:6468716368550587-STRAWBERRY 4,asl_citizen:6468716368550587-STRAWBERRY 4,P49,test,GOLD_EXISTING_LEXICAL_OR_SENTENCE,171,171,1,0.7021451592445374,B02,0
asl_citizen:16437664427761067-SUMMARIZE,asl_citizen:16437664427761067-SUMMARIZE,P22,test,GOLD_EXISTING_LEXICAL_OR_SENTENCE,172,172,1,0.9791309237480164,B02,0
asl_citizen:6468521263655589-SUMMARIZE,asl_citizen:6468521263655589-SUMMARIZE,P49,test,GOLD_EXISTING_LEXICAL_OR_SENTENCE,172,172,1,0.9715696573257446,B02,0
asl_citizen:9010211121850995-SUMMARIZE,asl_citizen:9010211121850995-SUMMARIZE,P48,test,GOLD_EXISTING_LEXICAL_OR_SENTENCE,172,172,1,0.6985890865325928,B02,0
asl_citizen:1775611816837004-SUMMARIZE,asl_citizen:1775611816837004-SUMMARIZE,P15,test,GOLD_EXISTING_LEXICAL_OR_SENTENCE,172,172,1,0.6559546589851379,B02,0
asl_citizen:9098257785746164-SUMMARIZE,asl_citizen:9098257785746164-SUMMARIZE,P18,test,GOLD_EXISTING_LEXICAL_OR_SENTENCE,172,172,1,0.8848679065704346,B02,0
asl_citizen:8200795300615762-SUMMARIZE,asl_citizen:8200795300615762-SUMMARIZE,P47,test,GOLD_EXISTING_LEXICAL_OR_SENTENCE,172,172,1,0.8689893484115601,B02,0
asl_citizen:9618715434969116-SUMMARIZE,asl_citizen:9618715434969116-SUMMARIZE,P35,test,GOLD_EXISTING_LEXICAL_OR_SENTENCE,172,172,1,0.9923428893089294,B02,0
asl_citizen:5096600279765089-SUMMARIZE,asl_citizen:5096600279765089-SUMMARIZE,P9,test,GOLD_EXISTING_LEXICAL_OR_SENTENCE,172,172,1,0.4395633637905121,B02,0
asl_citizen:7785384085221538-SUNBATHE,asl_citizen:7785384085221538-SUNBATHE,P42,test,GOLD_EXISTING_LEXICAL_OR_SENTENCE,173,173,1,0.9885412454605103,B02,0
asl_citizen:4324287968040399-SUNBATHE,asl_citizen:4324287968040399-SUNBATHE,P49,test,GOLD_EXISTING_LEXICAL_OR_SENTENCE,173,173,1,0.9445799589157104,B02,0
asl_citizen:5268408466380696-SUNBATHE,asl_citizen:5268408466380696-SUNBATHE,P35,test,GOLD_EXISTING_LEXICAL_OR_SENTENCE,173,173,1,0.9959565997123718,B02,0
asl_citizen:9733288448859811-SUNBATHE,asl_citizen:9733288448859811-SUNBATHE,P6,test,GOLD_EXISTING_LEXICAL_OR_SENTENCE,173,173,1,0.9170793294906616,B02,0
asl_citizen:2826528622458522-SUNBATHE,asl_citizen:2826528622458522-SUNBATHE,P18,test,GOLD_EXISTING_LEXICAL_OR_SENTENCE,173,173,1,0.9948214292526245,B02,0
asl_citizen:659144148627137-SUNBATHE,asl_citizen:659144148627137-SUNBATHE,P9,test,GOLD_EXISTING_LEXICAL_OR_SENTENCE,173,173,1,0.9123433232307434,B02,0
asl_citizen:8132569939785297-SUNBATHE,asl_citizen:8132569939785297-SUNBATHE,P15,test,GOLD_EXISTING_LEXICAL_OR_SENTENCE,173,173,1,0.9096490740776062,B02,0
asl_citizen:2171048480300084-SUNBATHE,asl_citizen:2171048480300084-SUNBATHE,P42,test,GOLD_EXISTING_LEXICAL_OR_SENTENCE,173,173,1,0.9977977275848389,B02,0
asl_citizen:27935284170940133-SUNSET,asl_citizen:27935284170940133-SUNSET,P18,test,GOLD_EXISTING_LEXICAL_OR_SENTENCE,174,174,1,0.9986466765403748,B02,0
asl_citizen:6825955480238659-SUNSET,asl_citizen:6825955480238659-SUNSET,P9,test,GOLD_EXISTING_LEXICAL_OR_SENTENCE,174,6,0,0.4269089102745056,B02,0
asl_citizen:5021095450592483-SUNSET,asl_citizen:5021095450592483-SUNSET,P49,test,GOLD_EXISTING_LEXICAL_OR_SENTENCE,174,174,1,0.99925297498703,B02,0
asl_citizen:9123383071713205-SUNSET,asl_citizen:9123383071713205-SUNSET,P15,test,GOLD_EXISTING_LEXICAL_OR_SENTENCE,174,174,1,0.9992223978042603,B02,0
asl_citizen:06506358982014171-SUNSET,asl_citizen:06506358982014171-SUNSET,P48,test,GOLD_EXISTING_LEXICAL_OR_SENTENCE,174,174,1,0.9959100484848022,B02,0
asl_citizen:7862843073865877-SUNSET,asl_citizen:7862843073865877-SUNSET,P22,test,GOLD_EXISTING_LEXICAL_OR_SENTENCE,174,174,1,0.9037915468215942,B02,0
asl_citizen:3461115164564659-SUNSET,asl_citizen:3461115164564659-SUNSET,P6,test,GOLD_EXISTING_LEXICAL_OR_SENTENCE,174,174,1,0.8171756267547607,B02,0
asl_citizen:8092501001075967-SUNSET,asl_citizen:8092501001075967-SUNSET,P17,test,GOLD_EXISTING_LEXICAL_OR_SENTENCE,174,174,1,0.9936281442642212,B02,0
asl_citizen:891336711433921-SWING,asl_citizen:891336711433921-SWING,P9,test,GOLD_EXISTING_LEXICAL_OR_SENTENCE,175,175,1,0.9855603575706482,B02,0
asl_citizen:9216441779532347-SWING,asl_citizen:9216441779532347-SWING,P49,test,GOLD_EXISTING_LEXICAL_OR_SENTENCE,175,175,1,0.28177207708358765,B02,0
asl_citizen:7953932354072486-SWING,asl_citizen:7953932354072486-SWING,P17,test,GOLD_EXISTING_LEXICAL_OR_SENTENCE,175,146,0,0.7387117147445679,B02,0
asl_citizen:19688601805642403-SWING,asl_citizen:19688601805642403-SWING,P6,test,GOLD_EXISTING_LEXICAL_OR_SENTENCE,175,175,1,0.42419084906578064,B02,0
asl_citizen:26742284873321864-SWING,asl_citizen:26742284873321864-SWING,P15,test,GOLD_EXISTING_LEXICAL_OR_SENTENCE,175,175,1,0.5777977108955383,B02,0
asl_citizen:10142627950544636-SWING,asl_citizen:10142627950544636-SWING,P48,test,GOLD_EXISTING_LEXICAL_OR_SENTENCE,175,175,1,0.6229907274246216,B02,0
asl_citizen:18925072514040986-SWING,asl_citizen:18925072514040986-SWING,P35,test,GOLD_EXISTING_LEXICAL_OR_SENTENCE,175,175,1,0.9837831854820251,B02,0
asl_citizen:9971794176561564-SWING,asl_citizen:9971794176561564-SWING,P48,test,GOLD_EXISTING_LEXICAL_OR_SENTENCE,175,175,1,0.46234044432640076,B02,0
asl_citizen:9540082859729386-TABLET,asl_citizen:9540082859729386-TABLET,P22,test,GOLD_EXISTING_LEXICAL_OR_SENTENCE,176,176,1,0.9965922236442566,B02,0
asl_citizen:6837589196625506-TABLET,asl_citizen:6837589196625506-TABLET,P17,test,GOLD_EXISTING_LEXICAL_OR_SENTENCE,176,58,0,0.25046589970588684,B02,0
asl_citizen:33367097199818696-TABLET,asl_citizen:33367097199818696-TABLET,P9,test,GOLD_EXISTING_LEXICAL_OR_SENTENCE,176,10,0,0.5486851334571838,B02,0
asl_citizen:25939399503786387-TABLET,asl_citizen:25939399503786387-TABLET,P6,test,GOLD_EXISTING_LEXICAL_OR_SENTENCE,176,126,0,0.6718193292617798,B02,0
asl_citizen:9468436070886592-TABLET,asl_citizen:9468436070886592-TABLET,P49,test,GOLD_EXISTING_LEXICAL_OR_SENTENCE,176,176,1,0.6393115520477295,B02,0
asl_citizen:2571819895692886-TABLET,asl_citizen:2571819895692886-TABLET,P18,test,GOLD_EXISTING_LEXICAL_OR_SENTENCE,176,176,1,0.8528289198875427,B02,0
asl_citizen:6157701127439372-TABLET,asl_citizen:6157701127439372-TABLET,P42,test,GOLD_EXISTING_LEXICAL_OR_SENTENCE,176,2,0,0.09653323143720627,B02,0
asl_citizen:7760660783665272-TABLET,asl_citizen:7760660783665272-TABLET,P48,test,GOLD_EXISTING_LEXICAL_OR_SENTENCE,176,126,0,0.42330703139305115,B02,0
asl_citizen:3539307587055758-TALK,asl_citizen:3539307587055758-TALK,P9,test,GOLD_EXISTING_LEXICAL_OR_SENTENCE,177,177,1,0.9411957859992981,B02,0
asl_citizen:6297418641690293-TALK,asl_citizen:6297418641690293-TALK,P6,test,GOLD_EXISTING_LEXICAL_OR_SENTENCE,177,58,0,0.619574785232544,B02,0
asl_citizen:5491362491271357-TALK,asl_citizen:5491362491271357-TALK,P15,test,GOLD_EXISTING_LEXICAL_OR_SENTENCE,177,177,1,0.987179696559906,B02,0
asl_citizen:24117064463804905-TALK,asl_citizen:24117064463804905-TALK,P42,test,GOLD_EXISTING_LEXICAL_OR_SENTENCE,177,177,1,0.9542328119277954,B02,0
asl_citizen:09884440955953999-TALK,asl_citizen:09884440955953999-TALK,P22,test,GOLD_EXISTING_LEXICAL_OR_SENTENCE,177,177,1,0.31417933106422424,B02,0
asl_citizen:29204473692320576-TALK,asl_citizen:29204473692320576-TALK,P47,test,GOLD_EXISTING_LEXICAL_OR_SENTENCE,177,177,1,0.9852122068405151,B02,0
asl_citizen:19204130312234513-TALK,asl_citizen:19204130312234513-TALK,P48,test,GOLD_EXISTING_LEXICAL_OR_SENTENCE,177,177,1,0.9542332291603088,B02,0
asl_citizen:7239292697268376-TALK,asl_citizen:7239292697268376-TALK,P9,test,GOLD_EXISTING_LEXICAL_OR_SENTENCE,177,177,1,0.8125752806663513,B02,0
asl_citizen:40998030560886-TALL 2,asl_citizen:40998030560886-TALL 2,P42,test,GOLD_EXISTING_LEXICAL_OR_SENTENCE,178,178,1,0.8052840232849121,B02,0
asl_citizen:0837664095962023-TALL 2,asl_citizen:0837664095962023-TALL 2,P6,test,GOLD_EXISTING_LEXICAL_OR_SENTENCE,178,178,1,0.8941207528114319,B02,0
asl_citizen:5655754767247636-TALL 2,asl_citizen:5655754767247636-TALL 2,P35,test,GOLD_EXISTING_LEXICAL_OR_SENTENCE,178,178,1,0.9088189601898193,B02,0
asl_citizen:46493285393005324-TALL 2,asl_citizen:46493285393005324-TALL 2,P49,test,GOLD_EXISTING_LEXICAL_OR_SENTENCE,178,178,1,0.7676985859870911,B02,0
asl_citizen:5380247180636004-TALL 2,asl_citizen:5380247180636004-TALL 2,P42,test,GOLD_EXISTING_LEXICAL_OR_SENTENCE,178,178,1,0.9927549958229065,B02,0
asl_citizen:23239426425542065-TALL 2,asl_citizen:23239426425542065-TALL 2,P18,test,GOLD_EXISTING_LEXICAL_OR_SENTENCE,178,178,1,0.5854802131652832,B02,0
asl_citizen:8506327807309408-TALL 2,asl_citizen:8506327807309408-TALL 2,P9,test,GOLD_EXISTING_LEXICAL_OR_SENTENCE,178,43,0,0.3492434322834015,B02,0
asl_citizen:7198384708137529-TALL 2,asl_citizen:7198384708137529-TALL 2,P22,test,GOLD_EXISTING_LEXICAL_OR_SENTENCE,178,178,1,0.7384984493255615,B02,0
asl_citizen:3841038781632844-TEENAGER,asl_citizen:3841038781632844-TEENAGER,P48,test,GOLD_EXISTING_LEXICAL_OR_SENTENCE,179,179,1,0.959304690361023,B02,0
asl_citizen:6852032624784132-TEENAGER,asl_citizen:6852032624784132-TEENAGER,P49,test,GOLD_EXISTING_LEXICAL_OR_SENTENCE,179,179,1,0.9866176247596741,B02,0
asl_citizen:6602261622676402-TEENAGER,asl_citizen:6602261622676402-TEENAGER,P35,test,GOLD_EXISTING_LEXICAL_OR_SENTENCE,179,179,1,0.9726009368896484,B02,0
asl_citizen:8435615186457843-TEENAGER,asl_citizen:8435615186457843-TEENAGER,P15,test,GOLD_EXISTING_LEXICAL_OR_SENTENCE,179,179,1,0.9195894598960876,B02,0
asl_citizen:16452235352261413-TEENAGER,asl_citizen:16452235352261413-TEENAGER,P6,test,GOLD_EXISTING_LEXICAL_OR_SENTENCE,179,179,1,0.9896906614303589,B02,0
asl_citizen:15748326978076665-TEENAGER,asl_citizen:15748326978076665-TEENAGER,P42,test,GOLD_EXISTING_LEXICAL_OR_SENTENCE,179,179,1,0.9973199963569641,B02,0
asl_citizen:5911017231962736-TEENAGER,asl_citizen:5911017231962736-TEENAGER,P47,test,GOLD_EXISTING_LEXICAL_OR_SENTENCE,179,179,1,0.8528038263320923,B02,0
asl_citizen:27453564984077805-TEENAGER,asl_citizen:27453564984077805-TEENAGER,P17,test,GOLD_EXISTING_LEXICAL_OR_SENTENCE,179,179,1,0.9976257681846619,B02,0
asl_citizen:476191381405501-THINGS,asl_citizen:476191381405501-THINGS,P49,test,GOLD_EXISTING_LEXICAL_OR_SENTENCE,180,180,1,0.783099889755249,B02,0
asl_citizen:16274037374177985-THINGS,asl_citizen:16274037374177985-THINGS,P35,test,GOLD_EXISTING_LEXICAL_OR_SENTENCE,180,180,1,0.7132958173751831,B02,0
asl_citizen:3284551020399038-THINGS,asl_citizen:3284551020399038-THINGS,P35,test,GOLD_EXISTING_LEXICAL_OR_SENTENCE,180,180,1,0.9885193705558777,B02,0
asl_citizen:8262944416317639-THINGS,asl_citizen:8262944416317639-THINGS,P48,test,GOLD_EXISTING_LEXICAL_OR_SENTENCE,180,92,0,0.31786176562309265,B02,0
asl_citizen:9517126728502001-THINGS,asl_citizen:9517126728502001-THINGS,P9,test,GOLD_EXISTING_LEXICAL_OR_SENTENCE,180,180,1,0.7536355257034302,B02,0
asl_citizen:574012686048849-THINGS,asl_citizen:574012686048849-THINGS,P9,test,GOLD_EXISTING_LEXICAL_OR_SENTENCE,180,180,1,0.9880958795547485,B02,0
asl_citizen:8386051714886842-THINGS,asl_citizen:8386051714886842-THINGS,P47,test,GOLD_EXISTING_LEXICAL_OR_SENTENCE,180,180,1,0.9881520867347717,B02,0
asl_citizen:417826314556792-THINGS,asl_citizen:417826314556792-THINGS,P6,test,GOLD_EXISTING_LEXICAL_OR_SENTENCE,180,180,1,0.7101373672485352,B02,0
asl_citizen:4891421858471512-THIRSTY,asl_citizen:4891421858471512-THIRSTY,P9,test,GOLD_EXISTING_LEXICAL_OR_SENTENCE,181,181,1,0.9282040596008301,B02,0
asl_citizen:9033123431693635-THIRSTY,asl_citizen:9033123431693635-THIRSTY,P49,test,GOLD_EXISTING_LEXICAL_OR_SENTENCE,181,181,1,0.796195924282074,B02,0
asl_citizen:9822080726080076-THIRSTY,asl_citizen:9822080726080076-THIRSTY,P35,test,GOLD_EXISTING_LEXICAL_OR_SENTENCE,181,181,1,0.8743382096290588,B02,0
asl_citizen:6389127475790424-THIRSTY,asl_citizen:6389127475790424-THIRSTY,P47,test,GOLD_EXISTING_LEXICAL_OR_SENTENCE,181,181,1,0.979001522064209,B02,0
asl_citizen:1348177330360374-THIRSTY,asl_citizen:1348177330360374-THIRSTY,P17,test,GOLD_EXISTING_LEXICAL_OR_SENTENCE,181,59,0,0.4247116446495056,B02,0
asl_citizen:5561232882497655-THIRSTY,asl_citizen:5561232882497655-THIRSTY,P6,test,GOLD_EXISTING_LEXICAL_OR_SENTENCE,181,181,1,0.3300144076347351,B02,0
asl_citizen:28821753424545804-THIRSTY,asl_citizen:28821753424545804-THIRSTY,P18,test,GOLD_EXISTING_LEXICAL_OR_SENTENCE,181,181,1,0.9846269488334656,B02,0
asl_citizen:012755114496634024-THIRSTY,asl_citizen:012755114496634024-THIRSTY,P49,test,GOLD_EXISTING_LEXICAL_OR_SENTENCE,181,181,1,0.9707099199295044,B02,0
asl_citizen:3652933102269593-THREE,asl_citizen:3652933102269593-THREE,P42,test,GOLD_EXISTING_LEXICAL_OR_SENTENCE,182,182,1,0.9825054407119751,B02,0
asl_citizen:5391945071870843-THREE,asl_citizen:5391945071870843-THREE,P48,test,GOLD_EXISTING_LEXICAL_OR_SENTENCE,182,182,1,0.9701600074768066,B02,0
asl_citizen:2119034306255807-THREE,asl_citizen:2119034306255807-THREE,P35,test,GOLD_EXISTING_LEXICAL_OR_SENTENCE,182,182,1,0.9943028688430786,B02,0
asl_citizen:024827291322842227-THREE,asl_citizen:024827291322842227-THREE,P48,test,GOLD_EXISTING_LEXICAL_OR_SENTENCE,182,182,1,0.9923398494720459,B02,0
asl_citizen:5134737021726334-THREE,asl_citizen:5134737021726334-THREE,P49,test,GOLD_EXISTING_LEXICAL_OR_SENTENCE,182,182,1,0.9137740135192871,B02,0
asl_citizen:08174157238013158-THREE,asl_citizen:08174157238013158-THREE,P22,test,GOLD_EXISTING_LEXICAL_OR_SENTENCE,182,182,1,0.31233954429626465,B02,0
asl_citizen:8161476726173267-THREE,asl_citizen:8161476726173267-THREE,P6,test,GOLD_EXISTING_LEXICAL_OR_SENTENCE,182,182,1,0.9715895652770996,B02,0
asl_citizen:9857350479542466-THREE,asl_citizen:9857350479542466-THREE,P15,test,GOLD_EXISTING_LEXICAL_OR_SENTENCE,182,182,1,0.9979307651519775,B02,0
asl_citizen:9850367559409725-THURSDAY,asl_citizen:9850367559409725-THURSDAY,P18,test,GOLD_EXISTING_LEXICAL_OR_SENTENCE,183,183,1,0.8783960938453674,B02,0
asl_citizen:4890416881667763-THURSDAY,asl_citizen:4890416881667763-THURSDAY,P47,test,GOLD_EXISTING_LEXICAL_OR_SENTENCE,183,183,1,0.9675438404083252,B02,0
asl_citizen:5871729923873938-THURSDAY,asl_citizen:5871729923873938-THURSDAY,P22,test,GOLD_EXISTING_LEXICAL_OR_SENTENCE,183,183,1,0.9243147373199463,B02,0
asl_citizen:6102100798298136-THURSDAY,asl_citizen:6102100798298136-THURSDAY,P49,test,GOLD_EXISTING_LEXICAL_OR_SENTENCE,183,75,0,0.22547616064548492,B02,0
asl_citizen:9200876618450688-THURSDAY,asl_citizen:9200876618450688-THURSDAY,P15,test,GOLD_EXISTING_LEXICAL_OR_SENTENCE,183,183,1,0.8885462880134583,B02,0
asl_citizen:16256523808991896-THURSDAY,asl_citizen:16256523808991896-THURSDAY,P42,test,GOLD_EXISTING_LEXICAL_OR_SENTENCE,183,183,1,0.5419685244560242,B02,0
asl_citizen:6969935261020788-THURSDAY,asl_citizen:6969935261020788-THURSDAY,P6,test,GOLD_EXISTING_LEXICAL_OR_SENTENCE,183,183,1,0.7577612400054932,B02,0
asl_citizen:28953962618372686-THURSDAY,asl_citizen:28953962618372686-THURSDAY,P17,test,GOLD_EXISTING_LEXICAL_OR_SENTENCE,183,183,1,0.7251189351081848,B02,0
asl_citizen:9393722583369333-TIE UP_1,asl_citizen:9393722583369333-TIE UP_1,P18,test,GOLD_EXISTING_LEXICAL_OR_SENTENCE,184,184,1,0.7288891673088074,B02,0
asl_citizen:9583244272122073-TIE UP_1,asl_citizen:9583244272122073-TIE UP_1,P22,test,GOLD_EXISTING_LEXICAL_OR_SENTENCE,184,184,1,0.9894372224807739,B02,0
asl_citizen:5192615975633734-TIE UP_1,asl_citizen:5192615975633734-TIE UP_1,P47,test,GOLD_EXISTING_LEXICAL_OR_SENTENCE,184,184,1,0.6068129539489746,B02,0
asl_citizen:3777756529429386-TIE UP_1,asl_citizen:3777756529429386-TIE UP_1,P48,test,GOLD_EXISTING_LEXICAL_OR_SENTENCE,184,184,1,0.8747296333312988,B02,0
asl_citizen:2026143207180635-TIE UP_1,asl_citizen:2026143207180635-TIE UP_1,P35,test,GOLD_EXISTING_LEXICAL_OR_SENTENCE,184,68,0,0.8300724029541016,B02,0
asl_citizen:714766270423653-TIE UP_1,asl_citizen:714766270423653-TIE UP_1,P42,test,GOLD_EXISTING_LEXICAL_OR_SENTENCE,184,184,1,0.7502180933952332,B02,0
asl_citizen:4474343843754307-TIE UP_1,asl_citizen:4474343843754307-TIE UP_1,P6,test,GOLD_EXISTING_LEXICAL_OR_SENTENCE,184,184,1,0.978524386882782,B02,0
asl_citizen:049227810118646964-TIE UP_1,asl_citizen:049227810118646964-TIE UP_1,P15,test,GOLD_EXISTING_LEXICAL_OR_SENTENCE,184,184,1,0.9895591735839844,B02,0
asl_citizen:8582081133628761-TINY,asl_citizen:8582081133628761-TINY,P6,test,GOLD_EXISTING_LEXICAL_OR_SENTENCE,185,66,0,0.6183301210403442,B02,0
asl_citizen:10703906146469544-TINY,asl_citizen:10703906146469544-TINY,P22,test,GOLD_EXISTING_LEXICAL_OR_SENTENCE,185,185,1,0.8756836652755737,B02,0
asl_citizen:2732757606315379-TINY,asl_citizen:2732757606315379-TINY,P48,test,GOLD_EXISTING_LEXICAL_OR_SENTENCE,185,185,1,0.9058032035827637,B02,0
asl_citizen:5467382410629027-TINY,asl_citizen:5467382410629027-TINY,P18,test,GOLD_EXISTING_LEXICAL_OR_SENTENCE,185,185,1,0.9948235750198364,B02,0
asl_citizen:7835153573711628-TINY,asl_citizen:7835153573711628-TINY,P6,test,GOLD_EXISTING_LEXICAL_OR_SENTENCE,185,185,1,0.7945805788040161,B02,0
asl_citizen:7131247482749883-TINY,asl_citizen:7131247482749883-TINY,P42,test,GOLD_EXISTING_LEXICAL_OR_SENTENCE,185,185,1,0.985140323638916,B02,0
asl_citizen:4996965960691149-TINY,asl_citizen:4996965960691149-TINY,P15,test,GOLD_EXISTING_LEXICAL_OR_SENTENCE,185,185,1,0.9502201676368713,B02,0
asl_citizen:21030898208435467-TINY,asl_citizen:21030898208435467-TINY,P18,test,GOLD_EXISTING_LEXICAL_OR_SENTENCE,185,185,1,0.8655554056167603,B02,0
asl_citizen:7894459854982301-TOMORROW,asl_citizen:7894459854982301-TOMORROW,P18,test,GOLD_EXISTING_LEXICAL_OR_SENTENCE,186,186,1,0.9637643694877625,B02,0
asl_citizen:7888206684117145-TOMORROW,asl_citizen:7888206684117145-TOMORROW,P15,test,GOLD_EXISTING_LEXICAL_OR_SENTENCE,186,186,1,0.6769633889198303,B02,0
asl_citizen:6760301363332382-TOMORROW,asl_citizen:6760301363332382-TOMORROW,P35,test,GOLD_EXISTING_LEXICAL_OR_SENTENCE,186,186,1,0.6331545114517212,B02,0
asl_citizen:2180976995279913-TOMORROW,asl_citizen:2180976995279913-TOMORROW,P9,test,GOLD_EXISTING_LEXICAL_OR_SENTENCE,186,186,1,0.9657373428344727,B02,0
asl_citizen:17146907031431446-TOMORROW,asl_citizen:17146907031431446-TOMORROW,P17,test,GOLD_EXISTING_LEXICAL_OR_SENTENCE,186,83,0,0.49852699041366577,B02,0
asl_citizen:9807986685399508-TOMORROW,asl_citizen:9807986685399508-TOMORROW,P47,test,GOLD_EXISTING_LEXICAL_OR_SENTENCE,186,169,0,0.22035329043865204,B02,0
asl_citizen:217274752867896-TOMORROW,asl_citizen:217274752867896-TOMORROW,P6,test,GOLD_EXISTING_LEXICAL_OR_SENTENCE,186,169,0,0.21877913177013397,B02,0
asl_citizen:20613001181771762-TOMORROW,asl_citizen:20613001181771762-TOMORROW,P48,test,GOLD_EXISTING_LEXICAL_OR_SENTENCE,186,186,1,0.7894973158836365,B02,0
asl_citizen:8747935741523143-UDDER,asl_citizen:8747935741523143-UDDER,P48,test,GOLD_EXISTING_LEXICAL_OR_SENTENCE,187,187,1,0.7812833189964294,B02,0
asl_citizen:24543681285831953-UDDER,asl_citizen:24543681285831953-UDDER,P42,test,GOLD_EXISTING_LEXICAL_OR_SENTENCE,187,187,1,0.8355767130851746,B02,0
asl_citizen:018297144698995016-UDDER,asl_citizen:018297144698995016-UDDER,P22,test,GOLD_EXISTING_LEXICAL_OR_SENTENCE,187,187,1,0.9439217448234558,B02,0
asl_citizen:33615510067727095-UDDER,asl_citizen:33615510067727095-UDDER,P47,test,GOLD_EXISTING_LEXICAL_OR_SENTENCE,187,187,1,0.5492692589759827,B02,0
asl_citizen:931397073356518-UDDER,asl_citizen:931397073356518-UDDER,P15,test,GOLD_EXISTING_LEXICAL_OR_SENTENCE,187,187,1,0.3620343506336212,B02,0
asl_citizen:06394035628227313-UDDER,asl_citizen:06394035628227313-UDDER,P17,test,GOLD_EXISTING_LEXICAL_OR_SENTENCE,187,187,1,0.5879659056663513,B02,0
asl_citizen:6674988896929304-UDDER,asl_citizen:6674988896929304-UDDER,P42,test,GOLD_EXISTING_LEXICAL_OR_SENTENCE,187,187,1,0.991806149482727,B02,0
asl_citizen:16617293192606675-UDDER,asl_citizen:16617293192606675-UDDER,P18,test,GOLD_EXISTING_LEXICAL_OR_SENTENCE,187,158,0,0.7029964923858643,B02,0
asl_citizen:8068422285701771-UMBRELLA,asl_citizen:8068422285701771-UMBRELLA,P6,test,GOLD_EXISTING_LEXICAL_OR_SENTENCE,188,158,0,0.7445554137229919,B02,0
asl_citizen:8920763966673622-UMBRELLA,asl_citizen:8920763966673622-UMBRELLA,P17,test,GOLD_EXISTING_LEXICAL_OR_SENTENCE,188,197,0,0.4981827139854431,B02,0
asl_citizen:7343580019907621-UMBRELLA,asl_citizen:7343580019907621-UMBRELLA,P9,test,GOLD_EXISTING_LEXICAL_OR_SENTENCE,188,184,0,0.18461206555366516,B02,0
asl_citizen:8664817888928291-UMBRELLA,asl_citizen:8664817888928291-UMBRELLA,P22,test,GOLD_EXISTING_LEXICAL_OR_SENTENCE,188,188,1,0.920718789100647,B02,0
asl_citizen:7898925196390936-UMBRELLA,asl_citizen:7898925196390936-UMBRELLA,P35,test,GOLD_EXISTING_LEXICAL_OR_SENTENCE,188,188,1,0.7628112435340881,B02,0
asl_citizen:04748460657107523-UMBRELLA,asl_citizen:04748460657107523-UMBRELLA,P47,test,GOLD_EXISTING_LEXICAL_OR_SENTENCE,188,188,1,0.985562801361084,B02,0
asl_citizen:6632437193350971-UMBRELLA,asl_citizen:6632437193350971-UMBRELLA,P18,test,GOLD_EXISTING_LEXICAL_OR_SENTENCE,188,188,1,0.6522181034088135,B02,0
asl_citizen:3412518906815425-UMBRELLA,asl_citizen:3412518906815425-UMBRELLA,P42,test,GOLD_EXISTING_LEXICAL_OR_SENTENCE,188,188,1,0.9480880498886108,B02,0
asl_citizen:0006330190300916083-WASH DISHES,asl_citizen:0006330190300916083-WASH DISHES,P49,test,GOLD_EXISTING_LEXICAL_OR_SENTENCE,189,189,1,0.9974905252456665,B02,0
asl_citizen:6318058656220054-WASH DISHES,asl_citizen:6318058656220054-WASH DISHES,P18,test,GOLD_EXISTING_LEXICAL_OR_SENTENCE,189,189,1,0.9881132245063782,B02,0
asl_citizen:44238266729683384-WASH DISHES,asl_citizen:44238266729683384-WASH DISHES,P42,test,GOLD_EXISTING_LEXICAL_OR_SENTENCE,189,189,1,0.9813488125801086,B02,0
asl_citizen:3111057512912141-WASH DISHES,asl_citizen:3111057512912141-WASH DISHES,P48,test,GOLD_EXISTING_LEXICAL_OR_SENTENCE,189,189,1,0.9894847273826599,B02,0
asl_citizen:39759657793845493-WASH DISHES,asl_citizen:39759657793845493-WASH DISHES,P9,test,GOLD_EXISTING_LEXICAL_OR_SENTENCE,189,180,0,0.1556239128112793,B02,0
asl_citizen:10743688625017245-WASH DISHES,asl_citizen:10743688625017245-WASH DISHES,P35,test,GOLD_EXISTING_LEXICAL_OR_SENTENCE,189,189,1,0.9940252900123596,B02,0
asl_citizen:014568138994724977-WASH DISHES,asl_citizen:014568138994724977-WASH DISHES,P15,test,GOLD_EXISTING_LEXICAL_OR_SENTENCE,189,189,1,0.4003892242908478,B02,0
asl_citizen:6763684162767629-WASH DISHES,asl_citizen:6763684162767629-WASH DISHES,P47,test,GOLD_EXISTING_LEXICAL_OR_SENTENCE,189,189,1,0.9953391551971436,B02,0
asl_citizen:9742393555058024-WEAK,asl_citizen:9742393555058024-WEAK,P18,test,GOLD_EXISTING_LEXICAL_OR_SENTENCE,190,190,1,0.9253461360931396,B02,0
asl_citizen:5296047430710822-WEAK,asl_citizen:5296047430710822-WEAK,P18,test,GOLD_EXISTING_LEXICAL_OR_SENTENCE,190,190,1,0.8744133710861206,B02,0
asl_citizen:01014912198071638-WEAK,asl_citizen:01014912198071638-WEAK,P48,test,GOLD_EXISTING_LEXICAL_OR_SENTENCE,190,190,1,0.51186603307724,B02,0
asl_citizen:6566779628049222-WEAK,asl_citizen:6566779628049222-WEAK,P9,test,GOLD_EXISTING_LEXICAL_OR_SENTENCE,190,18,0,0.6169145703315735,B02,0
asl_citizen:07956373742817546-WEAK,asl_citizen:07956373742817546-WEAK,P17,test,GOLD_EXISTING_LEXICAL_OR_SENTENCE,190,21,0,0.22646331787109375,B02,0
asl_citizen:755471286197448-WEAK,asl_citizen:755471286197448-WEAK,P42,test,GOLD_EXISTING_LEXICAL_OR_SENTENCE,190,190,1,0.7693543434143066,B02,0
asl_citizen:7686765051975586-WEAK,asl_citizen:7686765051975586-WEAK,P6,test,GOLD_EXISTING_LEXICAL_OR_SENTENCE,190,18,0,0.6060553789138794,B02,0
asl_citizen:5372406455360808-WEAK,asl_citizen:5372406455360808-WEAK,P49,test,GOLD_EXISTING_LEXICAL_OR_SENTENCE,190,60,0,0.20943038165569305,B02,0
asl_citizen:9939943673068379-WHEEL,asl_citizen:9939943673068379-WHEEL,P47,test,GOLD_EXISTING_LEXICAL_OR_SENTENCE,191,191,1,0.993782103061676,B02,0
asl_citizen:8999958850223064-WHEEL,asl_citizen:8999958850223064-WHEEL,P18,test,GOLD_EXISTING_LEXICAL_OR_SENTENCE,191,191,1,0.9993330836296082,B02,0
asl_citizen:9795294817135527-WHEEL,asl_citizen:9795294817135527-WHEEL,P48,test,GOLD_EXISTING_LEXICAL_OR_SENTENCE,191,191,1,0.7701489329338074,B02,0
asl_citizen:9614456518757373-WHEEL,asl_citizen:9614456518757373-WHEEL,P17,test,GOLD_EXISTING_LEXICAL_OR_SENTENCE,191,191,1,0.9919295310974121,B02,0
asl_citizen:4147843029424443-WHEEL,asl_citizen:4147843029424443-WHEEL,P6,test,GOLD_EXISTING_LEXICAL_OR_SENTENCE,191,191,1,0.9973272085189819,B02,0
asl_citizen:576828483636135-WHEEL,asl_citizen:576828483636135-WHEEL,P35,test,GOLD_EXISTING_LEXICAL_OR_SENTENCE,191,191,1,0.821467399597168,B02,0
asl_citizen:3319502331073456-WHEEL,asl_citizen:3319502331073456-WHEEL,P15,test,GOLD_EXISTING_LEXICAL_OR_SENTENCE,191,191,1,0.9755433797836304,B02,0
asl_citizen:636540660893252-WHEEL,asl_citizen:636540660893252-WHEEL,P49,test,GOLD_EXISTING_LEXICAL_OR_SENTENCE,191,191,1,0.991081953048706,B02,0
asl_citizen:887476484317782-WINE,asl_citizen:887476484317782-WINE,P17,test,GOLD_EXISTING_LEXICAL_OR_SENTENCE,192,192,1,0.6476566195487976,B02,0
asl_citizen:704506261599023-WINE,asl_citizen:704506261599023-WINE,P48,test,GOLD_EXISTING_LEXICAL_OR_SENTENCE,192,192,1,0.41689369082450867,B02,0
asl_citizen:2587305799160813-WINE,asl_citizen:2587305799160813-WINE,P42,test,GOLD_EXISTING_LEXICAL_OR_SENTENCE,192,192,1,0.9924346208572388,B02,0
asl_citizen:7265120785580961-WINE,asl_citizen:7265120785580961-WINE,P49,test,GOLD_EXISTING_LEXICAL_OR_SENTENCE,192,192,1,0.4316188097000122,B02,0
asl_citizen:5374074524886607-WINE,asl_citizen:5374074524886607-WINE,P49,test,GOLD_EXISTING_LEXICAL_OR_SENTENCE,192,192,1,0.6419711709022522,B02,0
asl_citizen:755254932868199-WINE,asl_citizen:755254932868199-WINE,P22,test,GOLD_EXISTING_LEXICAL_OR_SENTENCE,192,192,1,0.9997097849845886,B02,0
asl_citizen:8567611014085075-WINE,asl_citizen:8567611014085075-WINE,P35,test,GOLD_EXISTING_LEXICAL_OR_SENTENCE,192,192,1,0.9951871633529663,B02,0
asl_citizen:547368719804554-WINE,asl_citizen:547368719804554-WINE,P9,test,GOLD_EXISTING_LEXICAL_OR_SENTENCE,192,192,1,0.9887999296188354,B02,0
asl_citizen:6855019384418222-WOMAN,asl_citizen:6855019384418222-WOMAN,P49,test,GOLD_EXISTING_LEXICAL_OR_SENTENCE,193,122,0,0.6690964698791504,B02,0
asl_citizen:5874584211477107-WOMAN,asl_citizen:5874584211477107-WOMAN,P47,test,GOLD_EXISTING_LEXICAL_OR_SENTENCE,193,193,1,0.8589479923248291,B02,0
asl_citizen:15475602014471002-WOMAN,asl_citizen:15475602014471002-WOMAN,P18,test,GOLD_EXISTING_LEXICAL_OR_SENTENCE,193,58,0,0.6952417492866516,B02,0
asl_citizen:6425925223370912-WOMAN,asl_citizen:6425925223370912-WOMAN,P35,test,GOLD_EXISTING_LEXICAL_OR_SENTENCE,193,177,0,0.6952282190322876,B02,0
asl_citizen:9414769082542918-WOMAN,asl_citizen:9414769082542918-WOMAN,P15,test,GOLD_EXISTING_LEXICAL_OR_SENTENCE,193,177,0,0.8627438545227051,B02,0
asl_citizen:5955809588514023-WOMAN,asl_citizen:5955809588514023-WOMAN,P47,test,GOLD_EXISTING_LEXICAL_OR_SENTENCE,193,193,1,0.9040428996086121,B02,0
asl_citizen:07128613198470624-WOMAN,asl_citizen:07128613198470624-WOMAN,P18,test,GOLD_EXISTING_LEXICAL_OR_SENTENCE,193,193,1,0.7088221311569214,B02,0
asl_citizen:41751768001215694-WOMAN,asl_citizen:41751768001215694-WOMAN,P6,test,GOLD_EXISTING_LEXICAL_OR_SENTENCE,193,121,0,0.7750071287155151,B02,0
asl_citizen:03945007591252714-WOW,asl_citizen:03945007591252714-WOW,P15,test,GOLD_EXISTING_LEXICAL_OR_SENTENCE,194,177,0,0.40811118483543396,B02,0
asl_citizen:42320422183529693-WOW,asl_citizen:42320422183529693-WOW,P17,test,GOLD_EXISTING_LEXICAL_OR_SENTENCE,194,194,1,0.8492223024368286,B02,0
asl_citizen:665862690743207-WOW,asl_citizen:665862690743207-WOW,P35,test,GOLD_EXISTING_LEXICAL_OR_SENTENCE,194,194,1,0.9979346990585327,B02,0
asl_citizen:9690538715878685-WOW,asl_citizen:9690538715878685-WOW,P9,test,GOLD_EXISTING_LEXICAL_OR_SENTENCE,194,194,1,0.9776540398597717,B02,0
asl_citizen:6053421818563727-WOW,asl_citizen:6053421818563727-WOW,P47,test,GOLD_EXISTING_LEXICAL_OR_SENTENCE,194,194,1,0.9046477675437927,B02,0
asl_citizen:5744417518874771-WOW,asl_citizen:5744417518874771-WOW,P18,test,GOLD_EXISTING_LEXICAL_OR_SENTENCE,194,194,1,0.9198848009109497,B02,0
asl_citizen:04482146862387171-WOW,asl_citizen:04482146862387171-WOW,P48,test,GOLD_EXISTING_LEXICAL_OR_SENTENCE,194,194,1,0.568733811378479,B02,0
asl_citizen:19002120726939387-WOW,asl_citizen:19002120726939387-WOW,P22,test,GOLD_EXISTING_LEXICAL_OR_SENTENCE,194,194,1,0.9949446320533752,B02,0
asl_citizen:9779859732299716-WRISTWATCH,asl_citizen:9779859732299716-WRISTWATCH,P48,test,GOLD_EXISTING_LEXICAL_OR_SENTENCE,195,55,0,0.40521296858787537,B02,0
asl_citizen:8207812477575451-WRISTWATCH,asl_citizen:8207812477575451-WRISTWATCH,P15,test,GOLD_EXISTING_LEXICAL_OR_SENTENCE,195,51,0,0.9974620342254639,B02,0
asl_citizen:630240205784057-WRISTWATCH,asl_citizen:630240205784057-WRISTWATCH,P9,test,GOLD_EXISTING_LEXICAL_OR_SENTENCE,195,162,0,0.9383453726768494,B02,0
asl_citizen:17995917917470172-WRISTWATCH,asl_citizen:17995917917470172-WRISTWATCH,P35,test,GOLD_EXISTING_LEXICAL_OR_SENTENCE,195,195,1,0.9101705551147461,B02,0
asl_citizen:7814690543239826-WRISTWATCH,asl_citizen:7814690543239826-WRISTWATCH,P49,test,GOLD_EXISTING_LEXICAL_OR_SENTENCE,195,195,1,0.5742455720901489,B02,0
asl_citizen:6675475386923464-WRISTWATCH,asl_citizen:6675475386923464-WRISTWATCH,P6,test,GOLD_EXISTING_LEXICAL_OR_SENTENCE,195,6,0,0.560206413269043,B02,0
asl_citizen:465661876417766-WRISTWATCH,asl_citizen:465661876417766-WRISTWATCH,P47,test,GOLD_EXISTING_LEXICAL_OR_SENTENCE,195,195,1,0.9867420792579651,B02,0
asl_citizen:026570931268709908-WRISTWATCH,asl_citizen:026570931268709908-WRISTWATCH,P17,test,GOLD_EXISTING_LEXICAL_OR_SENTENCE,195,38,0,0.2380542755126953,B02,0
asl_citizen:7337335913981982-YAWN 4,asl_citizen:7337335913981982-YAWN 4,P47,test,GOLD_EXISTING_LEXICAL_OR_SENTENCE,196,196,1,0.9873009920120239,B02,0
asl_citizen:3754179661960846-YAWN 4,asl_citizen:3754179661960846-YAWN 4,P9,test,GOLD_EXISTING_LEXICAL_OR_SENTENCE,196,196,1,0.9920972585678101,B02,0
asl_citizen:4971006561882043-YAWN 4,asl_citizen:4971006561882043-YAWN 4,P42,test,GOLD_EXISTING_LEXICAL_OR_SENTENCE,196,196,1,0.9594992399215698,B02,0
asl_citizen:4797015473524757-YAWN 4,asl_citizen:4797015473524757-YAWN 4,P48,test,GOLD_EXISTING_LEXICAL_OR_SENTENCE,196,196,1,0.4228825569152832,B02,0
asl_citizen:18542409573081642-YAWN 4,asl_citizen:18542409573081642-YAWN 4,P17,test,GOLD_EXISTING_LEXICAL_OR_SENTENCE,196,196,1,0.9501212239265442,B02,0
asl_citizen:18719007765173634-YAWN 4,asl_citizen:18719007765173634-YAWN 4,P22,test,GOLD_EXISTING_LEXICAL_OR_SENTENCE,196,196,1,0.9937360286712646,B02,0
asl_citizen:48676189387398416-YAWN 4,asl_citizen:48676189387398416-YAWN 4,P18,test,GOLD_EXISTING_LEXICAL_OR_SENTENCE,196,196,1,0.9063893556594849,B02,0
asl_citizen:49859099958281616-YAWN 4,asl_citizen:49859099958281616-YAWN 4,P15,test,GOLD_EXISTING_LEXICAL_OR_SENTENCE,196,196,1,0.946419894695282,B02,0
asl_citizen:08090451600558746-YEAR,asl_citizen:08090451600558746-YEAR,P9,test,GOLD_EXISTING_LEXICAL_OR_SENTENCE,197,184,0,0.4682559072971344,B02,0
asl_citizen:2330293199408191-YEAR,asl_citizen:2330293199408191-YEAR,P17,test,GOLD_EXISTING_LEXICAL_OR_SENTENCE,197,197,1,0.5970439910888672,B02,0
asl_citizen:2724933845029811-YEAR,asl_citizen:2724933845029811-YEAR,P35,test,GOLD_EXISTING_LEXICAL_OR_SENTENCE,197,27,0,0.614243745803833,B02,0
asl_citizen:5420082138524283-YEAR,asl_citizen:5420082138524283-YEAR,P9,test,GOLD_EXISTING_LEXICAL_OR_SENTENCE,197,197,1,0.9192686676979065,B02,0
asl_citizen:3413515011784971-YEAR,asl_citizen:3413515011784971-YEAR,P18,test,GOLD_EXISTING_LEXICAL_OR_SENTENCE,197,197,1,0.8546837568283081,B02,0
asl_citizen:013886274329008907-YEAR,asl_citizen:013886274329008907-YEAR,P47,test,GOLD_EXISTING_LEXICAL_OR_SENTENCE,197,197,1,0.8939574360847473,B02,0
asl_citizen:756097656914722-YEAR,asl_citizen:756097656914722-YEAR,P42,test,GOLD_EXISTING_LEXICAL_OR_SENTENCE,197,27,0,0.5498067140579224,B02,0
asl_citizen:5991757826723607-YEAR,asl_citizen:5991757826723607-YEAR,P48,test,GOLD_EXISTING_LEXICAL_OR_SENTENCE,197,197,1,0.4459752142429352,B02,0
asl_citizen:28361232762737765-YOYO,asl_citizen:28361232762737765-YOYO,P47,test,GOLD_EXISTING_LEXICAL_OR_SENTENCE,198,198,1,0.9662125110626221,B02,0
asl_citizen:45146213031734517-YOYO,asl_citizen:45146213031734517-YOYO,P47,test,GOLD_EXISTING_LEXICAL_OR_SENTENCE,198,198,1,0.9492547512054443,B02,0
asl_citizen:11914875605500996-YOYO,asl_citizen:11914875605500996-YOYO,P9,test,GOLD_EXISTING_LEXICAL_OR_SENTENCE,198,198,1,0.9684165120124817,B02,0
asl_citizen:3440409218762699-YOYO,asl_citizen:3440409218762699-YOYO,P35,test,GOLD_EXISTING_LEXICAL_OR_SENTENCE,198,198,1,0.9280881285667419,B02,0
asl_citizen:5156306252274956-YOYO,asl_citizen:5156306252274956-YOYO,P22,test,GOLD_EXISTING_LEXICAL_OR_SENTENCE,198,198,1,0.8632091879844666,B02,0
asl_citizen:9915818826533946-YOYO,asl_citizen:9915818826533946-YOYO,P49,test,GOLD_EXISTING_LEXICAL_OR_SENTENCE,198,198,1,0.9935864806175232,B02,0
asl_citizen:43594714917873434-YOYO,asl_citizen:43594714917873434-YOYO,P17,test,GOLD_EXISTING_LEXICAL_OR_SENTENCE,198,198,1,0.9055355787277222,B02,0
asl_citizen:4973716085033886-YOYO,asl_citizen:4973716085033886-YOYO,P48,test,GOLD_EXISTING_LEXICAL_OR_SENTENCE,198,198,1,0.9567521810531616,B02,0
asl_citizen:18681573078207636-ZIPPER,asl_citizen:18681573078207636-ZIPPER,P9,test,GOLD_EXISTING_LEXICAL_OR_SENTENCE,199,48,0,0.7849870324134827,B02,0
asl_citizen:8788811832101551-ZIPPER,asl_citizen:8788811832101551-ZIPPER,P47,test,GOLD_EXISTING_LEXICAL_OR_SENTENCE,199,199,1,0.46549782156944275,B02,0
asl_citizen:11865494552434197-ZIPPER,asl_citizen:11865494552434197-ZIPPER,P18,test,GOLD_EXISTING_LEXICAL_OR_SENTENCE,199,199,1,0.6424759030342102,B02,0
asl_citizen:0980294359113636-ZIPPER,asl_citizen:0980294359113636-ZIPPER,P17,test,GOLD_EXISTING_LEXICAL_OR_SENTENCE,199,48,0,0.3269634544849396,B02,0
asl_citizen:024041678740859274-ZIPPER,asl_citizen:024041678740859274-ZIPPER,P49,test,GOLD_EXISTING_LEXICAL_OR_SENTENCE,199,199,1,0.9839989542961121,B02,0
asl_citizen:39444334899161193-ZIPPER,asl_citizen:39444334899161193-ZIPPER,P22,test,GOLD_EXISTING_LEXICAL_OR_SENTENCE,199,199,1,0.9956913590431213,B02,0
asl_citizen:02496791690037914-ZIPPER,asl_citizen:02496791690037914-ZIPPER,P35,test,GOLD_EXISTING_LEXICAL_OR_SENTENCE,199,199,1,0.9596452116966248,B02,0
asl_citizen:7258187008264652-ZIPPER,asl_citizen:7258187008264652-ZIPPER,P42,test,GOLD_EXISTING_LEXICAL_OR_SENTENCE,199,199,1,0.9874889254570007,B02,0
