sample_id,recording_group,signer_id,split,gold_status,gold,prediction,correct,score,baseline,seed
asl_citizen:45980993280809357-ABBREVIATE,asl_citizen:45980993280809357-ABBREVIATE,P15,test,GOLD_EXISTING_LEXICAL_OR_SENTENCE,0,0,1,0.7461283206939697,B02,1
asl_citizen:5283589351044176-ABBREVIATE,asl_citizen:5283589351044176-ABBREVIATE,P9,test,GOLD_EXISTING_LEXICAL_OR_SENTENCE,0,0,1,0.47274327278137207,B02,1
asl_citizen:9778015109909495-ABBREVIATE,asl_citizen:9778015109909495-ABBREVIATE,P42,test,GOLD_EXISTING_LEXICAL_OR_SENTENCE,0,107,0,0.18882133066654205,B02,1
asl_citizen:3126916427345261-ABBREVIATE,asl_citizen:3126916427345261-ABBREVIATE,P48,test,GOLD_EXISTING_LEXICAL_OR_SENTENCE,0,0,1,0.8032028675079346,B02,1
asl_citizen:4243943671256212-ABBREVIATE,asl_citizen:4243943671256212-ABBREVIATE,P22,test,GOLD_EXISTING_LEXICAL_OR_SENTENCE,0,0,1,0.3262846767902374,B02,1
asl_citizen:46439447576422177-ABBREVIATE,asl_citizen:46439447576422177-ABBREVIATE,P47,test,GOLD_EXISTING_LEXICAL_OR_SENTENCE,0,0,1,0.9901975393295288,B02,1
asl_citizen:20970863889599456-ABBREVIATE,asl_citizen:20970863889599456-ABBREVIATE,P18,test,GOLD_EXISTING_LEXICAL_OR_SENTENCE,0,0,1,0.9827044606208801,B02,1
asl_citizen:48018767140953345-ABBREVIATE,asl_citizen:48018767140953345-ABBREVIATE,P35,test,GOLD_EXISTING_LEXICAL_OR_SENTENCE,0,0,1,0.9801484942436218,B02,1
asl_citizen:6814197298390192-ACCOUNTANT,asl_citizen:6814197298390192-ACCOUNTANT,P35,test,GOLD_EXISTING_LEXICAL_OR_SENTENCE,1,1,1,0.9987381100654602,B02,1
asl_citizen:826841392956869-ACCOUNTANT,asl_citizen:826841392956869-ACCOUNTANT,P47,test,GOLD_EXISTING_LEXICAL_OR_SENTENCE,1,1,1,0.9785100221633911,B02,1
asl_citizen:8430446432208341-ACCOUNTANT,asl_citizen:8430446432208341-ACCOUNTANT,P6,test,GOLD_EXISTING_LEXICAL_OR_SENTENCE,1,159,0,0.2663935124874115,B02,1
asl_citizen:661972801331969-ACCOUNTANT,asl_citizen:661972801331969-ACCOUNTANT,P35,test,GOLD_EXISTING_LEXICAL_OR_SENTENCE,1,1,1,0.9906717538833618,B02,1
asl_citizen:4936764223876715-ACCOUNTANT,asl_citizen:4936764223876715-ACCOUNTANT,P17,test,GOLD_EXISTING_LEXICAL_OR_SENTENCE,1,40,0,0.380249947309494,B02,1
asl_citizen:572407310565471-ACCOUNTANT,asl_citizen:572407310565471-ACCOUNTANT,P18,test,GOLD_EXISTING_LEXICAL_OR_SENTENCE,1,1,1,0.9901524186134338,B02,1
asl_citizen:1500289916043709-ACCOUNTANT,asl_citizen:1500289916043709-ACCOUNTANT,P22,test,GOLD_EXISTING_LEXICAL_OR_SENTENCE,1,1,1,0.7785278558731079,B02,1
asl_citizen:4367002172710075-ACCOUNTANT,asl_citizen:4367002172710075-ACCOUNTANT,P9,test,GOLD_EXISTING_LEXICAL_OR_SENTENCE,1,159,0,0.30915606021881104,B02,1
asl_citizen:29921705550419175-ADVANTAGE,asl_citizen:29921705550419175-ADVANTAGE,P6,test,GOLD_EXISTING_LEXICAL_OR_SENTENCE,2,126,0,0.644935131072998,B02,1
asl_citizen:4874146950243392-ADVANTAGE,asl_citizen:4874146950243392-ADVANTAGE,P49,test,GOLD_EXISTING_LEXICAL_OR_SENTENCE,2,2,1,0.9628347158432007,B02,1
asl_citizen:2842246784524669-ADVANTAGE,asl_citizen:2842246784524669-ADVANTAGE,P22,test,GOLD_EXISTING_LEXICAL_OR_SENTENCE,2,95,0,0.708777666091919,B02,1
asl_citizen:8025096374663689-ADVANTAGE,asl_citizen:8025096374663689-ADVANTAGE,P42,test,GOLD_EXISTING_LEXICAL_OR_SENTENCE,2,2,1,0.9186980724334717,B02,1
asl_citizen:9693306524089746-ADVANTAGE,asl_citizen:9693306524089746-ADVANTAGE,P9,test,GOLD_EXISTING_LEXICAL_OR_SENTENCE,2,95,0,0.5511729717254639,B02,1
asl_citizen:8415508443939812-ADVANTAGE,asl_citizen:8415508443939812-ADVANTAGE,P18,test,GOLD_EXISTING_LEXICAL_OR_SENTENCE,2,2,1,0.8952195048332214,B02,1
asl_citizen:7914674915609925-ADVANTAGE,asl_citizen:7914674915609925-ADVANTAGE,P17,test,GOLD_EXISTING_LEXICAL_OR_SENTENCE,2,95,0,0.5026745200157166,B02,1
asl_citizen:7414933199770992-ADVANTAGE,asl_citizen:7414933199770992-ADVANTAGE,P47,test,GOLD_EXISTING_LEXICAL_OR_SENTENCE,2,2,1,0.9363685846328735,B02,1
asl_citizen:23777351543576053-AGAIN,asl_citizen:23777351543576053-AGAIN,P48,test,GOLD_EXISTING_LEXICAL_OR_SENTENCE,3,3,1,0.9547008872032166,B02,1
asl_citizen:40995728871512394-AGAIN,asl_citizen:40995728871512394-AGAIN,P42,test,GOLD_EXISTING_LEXICAL_OR_SENTENCE,3,3,1,0.9951116442680359,B02,1
asl_citizen:6271715526397399-AGAIN,asl_citizen:6271715526397399-AGAIN,P17,test,GOLD_EXISTING_LEXICAL_OR_SENTENCE,3,3,1,0.6266018152236938,B02,1
asl_citizen:916944292262917-AGAIN,asl_citizen:916944292262917-AGAIN,P22,test,GOLD_EXISTING_LEXICAL_OR_SENTENCE,3,3,1,0.3148815929889679,B02,1
asl_citizen:16798754221947831-AGAIN,asl_citizen:16798754221947831-AGAIN,P15,test,GOLD_EXISTING_LEXICAL_OR_SENTENCE,3,3,1,0.9930220246315002,B02,1
asl_citizen:023787576451673953-AGAIN,asl_citizen:023787576451673953-AGAIN,P49,test,GOLD_EXISTING_LEXICAL_OR_SENTENCE,3,3,1,0.9610942006111145,B02,1
asl_citizen:9059301553642072-AGAIN,asl_citizen:9059301553642072-AGAIN,P9,test,GOLD_EXISTING_LEXICAL_OR_SENTENCE,3,180,0,0.4980025589466095,B02,1
asl_citizen:11794226320729084-AGAIN,asl_citizen:11794226320729084-AGAIN,P18,test,GOLD_EXISTING_LEXICAL_OR_SENTENCE,3,3,1,0.9899251461029053,B02,1
asl_citizen:5699019995816961-ALL,asl_citizen:5699019995816961-ALL,P48,test,GOLD_EXISTING_LEXICAL_OR_SENTENCE,4,4,1,0.22152671217918396,B02,1
asl_citizen:8790279150116067-ALL,asl_citizen:8790279150116067-ALL,P15,test,GOLD_EXISTING_LEXICAL_OR_SENTENCE,4,4,1,0.9631676077842712,B02,1
asl_citizen:14271576596096258-ALL,asl_citizen:14271576596096258-ALL,P47,test,GOLD_EXISTING_LEXICAL_OR_SENTENCE,4,4,1,0.6166383028030396,B02,1
asl_citizen:6345921613868126-ALL,asl_citizen:6345921613868126-ALL,P17,test,GOLD_EXISTING_LEXICAL_OR_SENTENCE,4,89,0,0.6993575692176819,B02,1
asl_citizen:40507215869597446-ALL,asl_citizen:40507215869597446-ALL,P35,test,GOLD_EXISTING_LEXICAL_OR_SENTENCE,4,4,1,0.9545005559921265,B02,1
asl_citizen:05901009748897512-ALL,asl_citizen:05901009748897512-ALL,P42,test,GOLD_EXISTING_LEXICAL_OR_SENTENCE,4,4,1,0.9873669147491455,B02,1
asl_citizen:926861907005698-ALL,asl_citizen:926861907005698-ALL,P22,test,GOLD_EXISTING_LEXICAL_OR_SENTENCE,4,126,0,0.5219721794128418,B02,1
asl_citizen:8622188011930683-ALL,asl_citizen:8622188011930683-ALL,P6,test,GOLD_EXISTING_LEXICAL_OR_SENTENCE,4,157,0,0.4285566508769989,B02,1
asl_citizen:09342170613573075-APRIL,asl_citizen:09342170613573075-APRIL,P48,test,GOLD_EXISTING_LEXICAL_OR_SENTENCE,5,5,1,0.9899382591247559,B02,1
asl_citizen:48699657059171453-APRIL,asl_citizen:48699657059171453-APRIL,P47,test,GOLD_EXISTING_LEXICAL_OR_SENTENCE,5,5,1,0.989038348197937,B02,1
asl_citizen:4056232817127601-APRIL,asl_citizen:4056232817127601-APRIL,P9,test,GOLD_EXISTING_LEXICAL_OR_SENTENCE,5,5,1,0.9980500936508179,B02,1
asl_citizen:3710366030253349-APRIL,asl_citizen:3710366030253349-APRIL,P6,test,GOLD_EXISTING_LEXICAL_OR_SENTENCE,5,5,1,0.6566808223724365,B02,1
asl_citizen:6119197197708666-APRIL,asl_citizen:6119197197708666-APRIL,P35,test,GOLD_EXISTING_LEXICAL_OR_SENTENCE,5,196,0,0.40266257524490356,B02,1
asl_citizen:29403411159180814-APRIL,asl_citizen:29403411159180814-APRIL,P49,test,GOLD_EXISTING_LEXICAL_OR_SENTENCE,5,5,1,0.9465435743331909,B02,1
asl_citizen:45498123525694534-APRIL,asl_citizen:45498123525694534-APRIL,P22,test,GOLD_EXISTING_LEXICAL_OR_SENTENCE,5,5,1,0.6349696516990662,B02,1
asl_citizen:037040307113561655-APRIL,asl_citizen:037040307113561655-APRIL,P42,test,GOLD_EXISTING_LEXICAL_OR_SENTENCE,5,5,1,0.9968869090080261,B02,1
asl_citizen:3498673920766573-ARREST 3,asl_citizen:3498673920766573-ARREST 3,P18,test,GOLD_EXISTING_LEXICAL_OR_SENTENCE,6,6,1,0.9855535626411438,B02,1
asl_citizen:33663367792029497-ARREST 3,asl_citizen:33663367792029497-ARREST 3,P35,test,GOLD_EXISTING_LEXICAL_OR_SENTENCE,6,6,1,0.999543309211731,B02,1
asl_citizen:9515099463796044-ARREST 3,asl_citizen:9515099463796044-ARREST 3,P9,test,GOLD_EXISTING_LEXICAL_OR_SENTENCE,6,6,1,0.9226969480514526,B02,1
asl_citizen:6472255600745414-ARREST 3,asl_citizen:6472255600745414-ARREST 3,P15,test,GOLD_EXISTING_LEXICAL_OR_SENTENCE,6,6,1,0.9973456263542175,B02,1
asl_citizen:2986243666527464-ARREST 3,asl_citizen:2986243666527464-ARREST 3,P48,test,GOLD_EXISTING_LEXICAL_OR_SENTENCE,6,6,1,0.9471074938774109,B02,1
asl_citizen:4623483856020305-ARREST 3,asl_citizen:4623483856020305-ARREST 3,P49,test,GOLD_EXISTING_LEXICAL_OR_SENTENCE,6,6,1,0.9700239300727844,B02,1
asl_citizen:8664370020897636-ARREST 3,asl_citizen:8664370020897636-ARREST 3,P47,test,GOLD_EXISTING_LEXICAL_OR_SENTENCE,6,6,1,0.7168322801589966,B02,1
asl_citizen:41761667366739585-ARREST 3,asl_citizen:41761667366739585-ARREST 3,P42,test,GOLD_EXISTING_LEXICAL_OR_SENTENCE,6,6,1,0.9268614649772644,B02,1
asl_citizen:17597114212490883-ASK,asl_citizen:17597114212490883-ASK,P42,test,GOLD_EXISTING_LEXICAL_OR_SENTENCE,7,7,1,0.9928245544433594,B02,1
asl_citizen:6754054426478515-ASK,asl_citizen:6754054426478515-ASK,P47,test,GOLD_EXISTING_LEXICAL_OR_SENTENCE,7,7,1,0.9778468608856201,B02,1
asl_citizen:375964197411883-ASK,asl_citizen:375964197411883-ASK,P6,test,GOLD_EXISTING_LEXICAL_OR_SENTENCE,7,7,1,0.8410837650299072,B02,1
asl_citizen:8926729576160704-ASK,asl_citizen:8926729576160704-ASK,P18,test,GOLD_EXISTING_LEXICAL_OR_SENTENCE,7,7,1,0.9947559833526611,B02,1
asl_citizen:5976950094284144-ASK,asl_citizen:5976950094284144-ASK,P17,test,GOLD_EXISTING_LEXICAL_OR_SENTENCE,7,7,1,0.6790777444839478,B02,1
asl_citizen:7989597695584512-ASK,asl_citizen:7989597695584512-ASK,P15,test,GOLD_EXISTING_LEXICAL_OR_SENTENCE,7,7,1,0.37810400128364563,B02,1
asl_citizen:5187180924403598-ASK,asl_citizen:5187180924403598-ASK,P35,test,GOLD_EXISTING_LEXICAL_OR_SENTENCE,7,7,1,0.9812193512916565,B02,1
asl_citizen:32589649401310283-ASK,asl_citizen:32589649401310283-ASK,P49,test,GOLD_EXISTING_LEXICAL_OR_SENTENCE,7,7,1,0.8895434141159058,B02,1
asl_citizen:4344488363060912-BALL,asl_citizen:4344488363060912-BALL,P17,test,GOLD_EXISTING_LEXICAL_OR_SENTENCE,8,8,1,0.990807831287384,B02,1
asl_citizen:6633450467674022-BALL,asl_citizen:6633450467674022-BALL,P17,test,GOLD_EXISTING_LEXICAL_OR_SENTENCE,8,8,1,0.996683657169342,B02,1
asl_citizen:1598405566222576-BALL,asl_citizen:1598405566222576-BALL,P9,test,GOLD_EXISTING_LEXICAL_OR_SENTENCE,8,8,1,0.9955561757087708,B02,1
asl_citizen:2543941341529852-BALL,asl_citizen:2543941341529852-BALL,P22,test,GOLD_EXISTING_LEXICAL_OR_SENTENCE,8,8,1,0.9629654884338379,B02,1
asl_citizen:5124593672960627-BALL,asl_citizen:5124593672960627-BALL,P15,test,GOLD_EXISTING_LEXICAL_OR_SENTENCE,8,8,1,0.8802773356437683,B02,1
asl_citizen:2899102483752909-BALL,asl_citizen:2899102483752909-BALL,P6,test,GOLD_EXISTING_LEXICAL_OR_SENTENCE,8,8,1,0.9396083354949951,B02,1
asl_citizen:23746635240974534-BALL,asl_citizen:23746635240974534-BALL,P35,test,GOLD_EXISTING_LEXICAL_OR_SENTENCE,8,8,1,0.9960195422172546,B02,1
asl_citizen:5977427146335326-BALL,asl_citizen:5977427146335326-BALL,P42,test,GOLD_EXISTING_LEXICAL_OR_SENTENCE,8,8,1,0.9988064765930176,B02,1
asl_citizen:549196424730944-BANK,asl_citizen:549196424730944-BANK,P9,test,GOLD_EXISTING_LEXICAL_OR_SENTENCE,9,9,1,0.8145281672477722,B02,1
asl_citizen:2582906950708326-BANK,asl_citizen:2582906950708326-BANK,P15,test,GOLD_EXISTING_LEXICAL_OR_SENTENCE,9,9,1,0.8852065205574036,B02,1
asl_citizen:005459098435778076-BANK,asl_citizen:005459098435778076-BANK,P22,test,GOLD_EXISTING_LEXICAL_OR_SENTENCE,9,9,1,0.9915863275527954,B02,1
asl_citizen:8326105348503952-BANK,asl_citizen:8326105348503952-BANK,P17,test,GOLD_EXISTING_LEXICAL_OR_SENTENCE,9,9,1,0.9646397829055786,B02,1
asl_citizen:8532462591349732-BANK,asl_citizen:8532462591349732-BANK,P47,test,GOLD_EXISTING_LEXICAL_OR_SENTENCE,9,9,1,0.9705315828323364,B02,1
asl_citizen:44271644851478054-BANK,asl_citizen:44271644851478054-BANK,P42,test,GOLD_EXISTING_LEXICAL_OR_SENTENCE,9,9,1,0.9358401298522949,B02,1
asl_citizen:5778886468255948-BANK,asl_citizen:5778886468255948-BANK,P49,test,GOLD_EXISTING_LEXICAL_OR_SENTENCE,9,9,1,0.685606062412262,B02,1
asl_citizen:6766382204103578-BANK,asl_citizen:6766382204103578-BANK,P6,test,GOLD_EXISTING_LEXICAL_OR_SENTENCE,9,56,0,0.33230000734329224,B02,1
asl_citizen:8606689824558562-BEDROOM,asl_citizen:8606689824558562-BEDROOM,P42,test,GOLD_EXISTING_LEXICAL_OR_SENTENCE,10,10,1,0.3024824261665344,B02,1
asl_citizen:717955427433185-BEDROOM,asl_citizen:717955427433185-BEDROOM,P49,test,GOLD_EXISTING_LEXICAL_OR_SENTENCE,10,10,1,0.981212317943573,B02,1
asl_citizen:9355466119753539-BEDROOM,asl_citizen:9355466119753539-BEDROOM,P15,test,GOLD_EXISTING_LEXICAL_OR_SENTENCE,10,10,1,0.9899675846099854,B02,1
asl_citizen:9483880207030069-BEDROOM,asl_citizen:9483880207030069-BEDROOM,P47,test,GOLD_EXISTING_LEXICAL_OR_SENTENCE,10,10,1,0.9146268367767334,B02,1
asl_citizen:4909580955968704-BEDROOM,asl_citizen:4909580955968704-BEDROOM,P6,test,GOLD_EXISTING_LEXICAL_OR_SENTENCE,10,10,1,0.9548251628875732,B02,1
asl_citizen:16201647939654906-BEDROOM,asl_citizen:16201647939654906-BEDROOM,P17,test,GOLD_EXISTING_LEXICAL_OR_SENTENCE,10,10,1,0.9899841547012329,B02,1
asl_citizen:6398357285466825-BEDROOM,asl_citizen:6398357285466825-BEDROOM,P9,test,GOLD_EXISTING_LEXICAL_OR_SENTENCE,10,10,1,0.9971839785575867,B02,1
asl_citizen:532633297898772-BEDROOM,asl_citizen:532633297898772-BEDROOM,P22,test,GOLD_EXISTING_LEXICAL_OR_SENTENCE,10,115,0,0.1657511442899704,B02,1
asl_citizen:621774538662446-BITE,asl_citizen:621774538662446-BITE,P49,test,GOLD_EXISTING_LEXICAL_OR_SENTENCE,11,196,0,0.6891947388648987,B02,1
asl_citizen:5847209256499839-BITE,asl_citizen:5847209256499839-BITE,P35,test,GOLD_EXISTING_LEXICAL_OR_SENTENCE,11,11,1,0.47761067748069763,B02,1
asl_citizen:6414342540777798-BITE,asl_citizen:6414342540777798-BITE,P42,test,GOLD_EXISTING_LEXICAL_OR_SENTENCE,11,11,1,0.9881597757339478,B02,1
asl_citizen:7602627316216253-BITE,asl_citizen:7602627316216253-BITE,P9,test,GOLD_EXISTING_LEXICAL_OR_SENTENCE,11,182,0,0.2839968502521515,B02,1
asl_citizen:9492151554510415-BITE,asl_citizen:9492151554510415-BITE,P48,test,GOLD_EXISTING_LEXICAL_OR_SENTENCE,11,182,0,0.6674779057502747,B02,1
asl_citizen:07934406900594504-BITE,asl_citizen:07934406900594504-BITE,P35,test,GOLD_EXISTING_LEXICAL_OR_SENTENCE,11,18,0,0.7168043851852417,B02,1
asl_citizen:6369165146385125-BITE,asl_citizen:6369165146385125-BITE,P17,test,GOLD_EXISTING_LEXICAL_OR_SENTENCE,11,11,1,0.7897891402244568,B02,1
asl_citizen:47018728424793843-BITE,asl_citizen:47018728424793843-BITE,P47,test,GOLD_EXISTING_LEXICAL_OR_SENTENCE,11,11,1,0.5049528479576111,B02,1
asl_citizen:7275098259327448-BLOW CANDLE_2,asl_citizen:7275098259327448-BLOW CANDLE_2,P47,test,GOLD_EXISTING_LEXICAL_OR_SENTENCE,12,12,1,0.9972162246704102,B02,1
asl_citizen:21665994553057621-BLOW CANDLE_2,asl_citizen:21665994553057621-BLOW CANDLE_2,P6,test,GOLD_EXISTING_LEXICAL_OR_SENTENCE,12,99,0,0.574517011642456,B02,1
asl_citizen:8925073101084446-BLOW CANDLE_2,asl_citizen:8925073101084446-BLOW CANDLE_2,P42,test,GOLD_EXISTING_LEXICAL_OR_SENTENCE,12,99,0,0.49594593048095703,B02,1
asl_citizen:15681826924584508-BLOW CANDLE_2,asl_citizen:15681826924584508-BLOW CANDLE_2,P17,test,GOLD_EXISTING_LEXICAL_OR_SENTENCE,12,42,0,0.5882147550582886,B02,1
asl_citizen:8379347582469792-BLOW CANDLE_2,asl_citizen:8379347582469792-BLOW CANDLE_2,P49,test,GOLD_EXISTING_LEXICAL_OR_SENTENCE,12,99,0,0.9631543159484863,B02,1
asl_citizen:412725439462448-BLOW CANDLE_2,asl_citizen:412725439462448-BLOW CANDLE_2,P48,test,GOLD_EXISTING_LEXICAL_OR_SENTENCE,12,12,1,0.8455615639686584,B02,1
asl_citizen:517320186641052-BLOW CANDLE_2,asl_citizen:517320186641052-BLOW CANDLE_2,P22,test,GOLD_EXISTING_LEXICAL_OR_SENTENCE,12,99,0,0.49459779262542725,B02,1
asl_citizen:3745596366786186-BLOW CANDLE_2,asl_citizen:3745596366786186-BLOW CANDLE_2,P18,test,GOLD_EXISTING_LEXICAL_OR_SENTENCE,12,12,1,0.9745643138885498,B02,1
asl_citizen:27276752894820944-BOIL,asl_citizen:27276752894820944-BOIL,P49,test,GOLD_EXISTING_LEXICAL_OR_SENTENCE,13,13,1,0.9989302754402161,B02,1
asl_citizen:6595287135146255-BOIL,asl_citizen:6595287135146255-BOIL,P42,test,GOLD_EXISTING_LEXICAL_OR_SENTENCE,13,13,1,0.9993632435798645,B02,1
asl_citizen:32058532627535197-BOIL,asl_citizen:32058532627535197-BOIL,P18,test,GOLD_EXISTING_LEXICAL_OR_SENTENCE,13,13,1,0.9993589520454407,B02,1
asl_citizen:9352965810590708-BOIL,asl_citizen:9352965810590708-BOIL,P22,test,GOLD_EXISTING_LEXICAL_OR_SENTENCE,13,13,1,0.9629520773887634,B02,1
asl_citizen:0570319703381732-BOIL,asl_citizen:0570319703381732-BOIL,P6,test,GOLD_EXISTING_LEXICAL_OR_SENTENCE,13,13,1,0.9947320222854614,B02,1
asl_citizen:7130889839565913-BOIL,asl_citizen:7130889839565913-BOIL,P48,test,GOLD_EXISTING_LEXICAL_OR_SENTENCE,13,13,1,0.9675870537757874,B02,1
asl_citizen:39544595991627407-BOIL,asl_citizen:39544595991627407-BOIL,P15,test,GOLD_EXISTING_LEXICAL_OR_SENTENCE,13,13,1,0.9849493503570557,B02,1
asl_citizen:5531572245815393-BOIL,asl_citizen:5531572245815393-BOIL,P22,test,GOLD_EXISTING_LEXICAL_OR_SENTENCE,13,13,1,0.9990284442901611,B02,1
asl_citizen:22677466456199014-BOOTS,asl_citizen:22677466456199014-BOOTS,P15,test,GOLD_EXISTING_LEXICAL_OR_SENTENCE,14,14,1,0.9953151941299438,B02,1
asl_citizen:5026615446569762-BOOTS,asl_citizen:5026615446569762-BOOTS,P47,test,GOLD_EXISTING_LEXICAL_OR_SENTENCE,14,14,1,0.9865236878395081,B02,1
asl_citizen:13674032513972945-BOOTS,asl_citizen:13674032513972945-BOOTS,P35,test,GOLD_EXISTING_LEXICAL_OR_SENTENCE,14,14,1,0.9850080013275146,B02,1
asl_citizen:14162532662557892-BOOTS,asl_citizen:14162532662557892-BOOTS,P6,test,GOLD_EXISTING_LEXICAL_OR_SENTENCE,14,14,1,0.982109546661377,B02,1
asl_citizen:7125113979541049-BOOTS,asl_citizen:7125113979541049-BOOTS,P17,test,GOLD_EXISTING_LEXICAL_OR_SENTENCE,14,14,1,0.983758270740509,B02,1
asl_citizen:8721584672154532-BOOTS,asl_citizen:8721584672154532-BOOTS,P17,test,GOLD_EXISTING_LEXICAL_OR_SENTENCE,14,14,1,0.9929710030555725,B02,1
asl_citizen:5579135289958872-BOOTS,asl_citizen:5579135289958872-BOOTS,P42,test,GOLD_EXISTING_LEXICAL_OR_SENTENCE,14,14,1,0.96417635679245,B02,1
asl_citizen:8746981102018425-BOOTS,asl_citizen:8746981102018425-BOOTS,P49,test,GOLD_EXISTING_LEXICAL_OR_SENTENCE,14,14,1,0.9590921998023987,B02,1
asl_citizen:6359605839912268-BUBBLES,asl_citizen:6359605839912268-BUBBLES,P22,test,GOLD_EXISTING_LEXICAL_OR_SENTENCE,15,15,1,0.9770659804344177,B02,1
asl_citizen:191722109193168-BUBBLES,asl_citizen:191722109193168-BUBBLES,P17,test,GOLD_EXISTING_LEXICAL_OR_SENTENCE,15,15,1,0.9827766418457031,B02,1
asl_citizen:9298123349761758-BUBBLES,asl_citizen:9298123349761758-BUBBLES,P47,test,GOLD_EXISTING_LEXICAL_OR_SENTENCE,15,15,1,0.9513992667198181,B02,1
asl_citizen:8152528515041348-BUBBLES,asl_citizen:8152528515041348-BUBBLES,P9,test,GOLD_EXISTING_LEXICAL_OR_SENTENCE,15,110,0,0.5569753646850586,B02,1
asl_citizen:4477753410256695-BUBBLES,asl_citizen:4477753410256695-BUBBLES,P15,test,GOLD_EXISTING_LEXICAL_OR_SENTENCE,15,76,0,0.7751877903938293,B02,1
asl_citizen:8958372029817201-BUBBLES,asl_citizen:8958372029817201-BUBBLES,P35,test,GOLD_EXISTING_LEXICAL_OR_SENTENCE,15,15,1,0.8039355278015137,B02,1
asl_citizen:25284167549462677-BUBBLES,asl_citizen:25284167549462677-BUBBLES,P6,test,GOLD_EXISTING_LEXICAL_OR_SENTENCE,15,15,1,0.9577033519744873,B02,1
asl_citizen:3549418566401099-BUBBLES,asl_citizen:3549418566401099-BUBBLES,P18,test,GOLD_EXISTING_LEXICAL_OR_SENTENCE,15,15,1,0.9395967721939087,B02,1
asl_citizen:820084302221151-BULL,asl_citizen:820084302221151-BULL,P48,test,GOLD_EXISTING_LEXICAL_OR_SENTENCE,16,16,1,0.9824649691581726,B02,1
asl_citizen:049246275493112224-BULL,asl_citizen:049246275493112224-BULL,P6,test,GOLD_EXISTING_LEXICAL_OR_SENTENCE,16,16,1,0.9905822277069092,B02,1
asl_citizen:26332991609482725-BULL,asl_citizen:26332991609482725-BULL,P18,test,GOLD_EXISTING_LEXICAL_OR_SENTENCE,16,143,0,0.5228108167648315,B02,1
asl_citizen:23899693527664345-BULL,asl_citizen:23899693527664345-BULL,P17,test,GOLD_EXISTING_LEXICAL_OR_SENTENCE,16,16,1,0.9950463771820068,B02,1
asl_citizen:08065373633074802-BULL,asl_citizen:08065373633074802-BULL,P49,test,GOLD_EXISTING_LEXICAL_OR_SENTENCE,16,16,1,0.8344213366508484,B02,1
asl_citizen:6502992831454479-BULL,asl_citizen:6502992831454479-BULL,P9,test,GOLD_EXISTING_LEXICAL_OR_SENTENCE,16,16,1,0.9846971035003662,B02,1
asl_citizen:17011086869772996-BULL,asl_citizen:17011086869772996-BULL,P47,test,GOLD_EXISTING_LEXICAL_OR_SENTENCE,16,16,1,0.9861599802970886,B02,1
asl_citizen:7843795518321164-BULL,asl_citizen:7843795518321164-BULL,P22,test,GOLD_EXISTING_LEXICAL_OR_SENTENCE,16,16,1,0.9964469075202942,B02,1
asl_citizen:10079985187781215-BUN,asl_citizen:10079985187781215-BUN,P48,test,GOLD_EXISTING_LEXICAL_OR_SENTENCE,17,173,0,0.7281538844108582,B02,1
asl_citizen:7141846353753423-BUN,asl_citizen:7141846353753423-BUN,P47,test,GOLD_EXISTING_LEXICAL_OR_SENTENCE,17,17,1,0.9980396628379822,B02,1
asl_citizen:31657641095611466-BUN,asl_citizen:31657641095611466-BUN,P42,test,GOLD_EXISTING_LEXICAL_OR_SENTENCE,17,17,1,0.9989456534385681,B02,1
asl_citizen:058398931617168914-BUN,asl_citizen:058398931617168914-BUN,P17,test,GOLD_EXISTING_LEXICAL_OR_SENTENCE,17,173,0,0.5006611943244934,B02,1
asl_citizen:63133167165681-BUN,asl_citizen:63133167165681-BUN,P9,test,GOLD_EXISTING_LEXICAL_OR_SENTENCE,17,17,1,0.9958103895187378,B02,1
asl_citizen:1614966703172378-BUN,asl_citizen:1614966703172378-BUN,P18,test,GOLD_EXISTING_LEXICAL_OR_SENTENCE,17,17,1,0.9995672106742859,B02,1
asl_citizen:21042629354295284-BUN,asl_citizen:21042629354295284-BUN,P6,test,GOLD_EXISTING_LEXICAL_OR_SENTENCE,17,122,0,0.5102267265319824,B02,1
asl_citizen:7380062868964739-BUN,asl_citizen:7380062868964739-BUN,P15,test,GOLD_EXISTING_LEXICAL_OR_SENTENCE,17,17,1,0.9166345596313477,B02,1
asl_citizen:30913421926998064-CAKE,asl_citizen:30913421926998064-CAKE,P48,test,GOLD_EXISTING_LEXICAL_OR_SENTENCE,18,18,1,0.9266152381896973,B02,1
asl_citizen:6233032187329319-CAKE,asl_citizen:6233032187329319-CAKE,P9,test,GOLD_EXISTING_LEXICAL_OR_SENTENCE,18,18,1,0.8158981800079346,B02,1
asl_citizen:9928980956844513-CAKE,asl_citizen:9928980956844513-CAKE,P17,test,GOLD_EXISTING_LEXICAL_OR_SENTENCE,18,18,1,0.5451764464378357,B02,1
asl_citizen:5271006014534543-CAKE,asl_citizen:5271006014534543-CAKE,P22,test,GOLD_EXISTING_LEXICAL_OR_SENTENCE,18,18,1,0.8615137934684753,B02,1
asl_citizen:9315782717362171-CAKE,asl_citizen:9315782717362171-CAKE,P15,test,GOLD_EXISTING_LEXICAL_OR_SENTENCE,18,18,1,0.883264422416687,B02,1
asl_citizen:5109724328307228-CAKE,asl_citizen:5109724328307228-CAKE,P35,test,GOLD_EXISTING_LEXICAL_OR_SENTENCE,18,18,1,0.9919014573097229,B02,1
asl_citizen:6765137668516614-CAKE,asl_citizen:6765137668516614-CAKE,P18,test,GOLD_EXISTING_LEXICAL_OR_SENTENCE,18,18,1,0.49937185645103455,B02,1
asl_citizen:11618946787608664-CAKE,asl_citizen:11618946787608664-CAKE,P47,test,GOLD_EXISTING_LEXICAL_OR_SENTENCE,18,35,0,0.5240105986595154,B02,1
asl_citizen:8326083675883345-CAPE,asl_citizen:8326083675883345-CAPE,P35,test,GOLD_EXISTING_LEXICAL_OR_SENTENCE,19,19,1,0.9746863842010498,B02,1
asl_citizen:5584968787559905-CAPE,asl_citizen:5584968787559905-CAPE,P47,test,GOLD_EXISTING_LEXICAL_OR_SENTENCE,19,19,1,0.9679492115974426,B02,1
asl_citizen:8614129742651941-CAPE,asl_citizen:8614129742651941-CAPE,P18,test,GOLD_EXISTING_LEXICAL_OR_SENTENCE,19,19,1,0.9862333536148071,B02,1
asl_citizen:1522839054008891-CAPE,asl_citizen:1522839054008891-CAPE,P22,test,GOLD_EXISTING_LEXICAL_OR_SENTENCE,19,19,1,0.9995218515396118,B02,1
asl_citizen:4322211934472928-CAPE,asl_citizen:4322211934472928-CAPE,P48,test,GOLD_EXISTING_LEXICAL_OR_SENTENCE,19,19,1,0.8104727864265442,B02,1
asl_citizen:7492155827826377-CAPE,asl_citizen:7492155827826377-CAPE,P9,test,GOLD_EXISTING_LEXICAL_OR_SENTENCE,19,19,1,0.8921520113945007,B02,1
asl_citizen:9050983696160242-CAPE,asl_citizen:9050983696160242-CAPE,P6,test,GOLD_EXISTING_LEXICAL_OR_SENTENCE,19,19,1,0.9911825656890869,B02,1
asl_citizen:14326985061875686-CAPE,asl_citizen:14326985061875686-CAPE,P42,test,GOLD_EXISTING_LEXICAL_OR_SENTENCE,19,19,1,0.9477482438087463,B02,1
asl_citizen:7904901627638738-CARROT 2,asl_citizen:7904901627638738-CARROT 2,P47,test,GOLD_EXISTING_LEXICAL_OR_SENTENCE,20,20,1,0.5006735920906067,B02,1
asl_citizen:08534086019845089-CARROT 2,asl_citizen:08534086019845089-CARROT 2,P22,test,GOLD_EXISTING_LEXICAL_OR_SENTENCE,20,179,0,0.9046854376792908,B02,1
asl_citizen:6098674383569929-CARROT 2,asl_citizen:6098674383569929-CARROT 2,P9,test,GOLD_EXISTING_LEXICAL_OR_SENTENCE,20,20,1,0.45237672328948975,B02,1
asl_citizen:413362145586478-CARROT 2,asl_citizen:413362145586478-CARROT 2,P48,test,GOLD_EXISTING_LEXICAL_OR_SENTENCE,20,20,1,0.5498535633087158,B02,1
asl_citizen:44493173697993127-CARROT 2,asl_citizen:44493173697993127-CARROT 2,P42,test,GOLD_EXISTING_LEXICAL_OR_SENTENCE,20,91,0,0.4928259253501892,B02,1
asl_citizen:012139717157638064-CARROT 2,asl_citizen:012139717157638064-CARROT 2,P18,test,GOLD_EXISTING_LEXICAL_OR_SENTENCE,20,20,1,0.57253497838974,B02,1
asl_citizen:05649193343091641-CARROT 2,asl_citizen:05649193343091641-CARROT 2,P15,test,GOLD_EXISTING_LEXICAL_OR_SENTENCE,20,20,1,0.9787209033966064,B02,1
asl_citizen:7760637104521355-CARROT 2,asl_citizen:7760637104521355-CARROT 2,P17,test,GOLD_EXISTING_LEXICAL_OR_SENTENCE,20,20,1,0.8486636877059937,B02,1
asl_citizen:3609986388063575-CAUSE,asl_citizen:3609986388063575-CAUSE,P35,test,GOLD_EXISTING_LEXICAL_OR_SENTENCE,21,21,1,0.8886256814002991,B02,1
asl_citizen:45036742781960815-CAUSE,asl_citizen:45036742781960815-CAUSE,P9,test,GOLD_EXISTING_LEXICAL_OR_SENTENCE,21,21,1,0.9203429222106934,B02,1
asl_citizen:041791626910966384-CAUSE,asl_citizen:041791626910966384-CAUSE,P17,test,GOLD_EXISTING_LEXICAL_OR_SENTENCE,21,172,0,0.6261489987373352,B02,1
asl_citizen:24377942882474857-CAUSE,asl_citizen:24377942882474857-CAUSE,P15,test,GOLD_EXISTING_LEXICAL_OR_SENTENCE,21,21,1,0.8887370824813843,B02,1
asl_citizen:9781132259160135-CAUSE,asl_citizen:9781132259160135-CAUSE,P18,test,GOLD_EXISTING_LEXICAL_OR_SENTENCE,21,21,1,0.9744875431060791,B02,1
asl_citizen:6281144612368519-CAUSE,asl_citizen:6281144612368519-CAUSE,P22,test,GOLD_EXISTING_LEXICAL_OR_SENTENCE,21,21,1,0.9234654903411865,B02,1
asl_citizen:5758854895959542-CAUSE,asl_citizen:5758854895959542-CAUSE,P42,test,GOLD_EXISTING_LEXICAL_OR_SENTENCE,21,21,1,0.8542854189872742,B02,1
asl_citizen:5578433871272797-CAUSE,asl_citizen:5578433871272797-CAUSE,P48,test,GOLD_EXISTING_LEXICAL_OR_SENTENCE,21,21,1,0.8037025928497314,B02,1
asl_citizen:27209873325437006-CEREAL,asl_citizen:27209873325437006-CEREAL,P35,test,GOLD_EXISTING_LEXICAL_OR_SENTENCE,22,22,1,0.9970906972885132,B02,1
asl_citizen:4249025771898469-CEREAL,asl_citizen:4249025771898469-CEREAL,P49,test,GOLD_EXISTING_LEXICAL_OR_SENTENCE,22,22,1,0.49620962142944336,B02,1
asl_citizen:17525686363330384-CEREAL,asl_citizen:17525686363330384-CEREAL,P42,test,GOLD_EXISTING_LEXICAL_OR_SENTENCE,22,22,1,0.664550244808197,B02,1
asl_citizen:3011734609522634-CEREAL,asl_citizen:3011734609522634-CEREAL,P48,test,GOLD_EXISTING_LEXICAL_OR_SENTENCE,22,22,1,0.6401540637016296,B02,1
asl_citizen:263137447131514-CEREAL,asl_citizen:263137447131514-CEREAL,P18,test,GOLD_EXISTING_LEXICAL_OR_SENTENCE,22,24,0,0.5739367008209229,B02,1
asl_citizen:08365513789167056-CEREAL,asl_citizen:08365513789167056-CEREAL,P15,test,GOLD_EXISTING_LEXICAL_OR_SENTENCE,22,4,0,0.4523909389972687,B02,1
asl_citizen:35176136543803715-CEREAL,asl_citizen:35176136543803715-CEREAL,P17,test,GOLD_EXISTING_LEXICAL_OR_SENTENCE,22,22,1,0.6840832829475403,B02,1
asl_citizen:25617566016520144-CEREAL,asl_citizen:25617566016520144-CEREAL,P22,test,GOLD_EXISTING_LEXICAL_OR_SENTENCE,22,49,0,0.43087026476860046,B02,1
asl_citizen:24402194664298138-CERTIFICATE,asl_citizen:24402194664298138-CERTIFICATE,P35,test,GOLD_EXISTING_LEXICAL_OR_SENTENCE,23,23,1,0.9981929659843445,B02,1
asl_citizen:8130283725011924-CERTIFICATE,asl_citizen:8130283725011924-CERTIFICATE,P35,test,GOLD_EXISTING_LEXICAL_OR_SENTENCE,23,23,1,0.9994731545448303,B02,1
asl_citizen:43612684917597-CERTIFICATE,asl_citizen:43612684917597-CERTIFICATE,P15,test,GOLD_EXISTING_LEXICAL_OR_SENTENCE,23,177,0,0.3207246959209442,B02,1
asl_citizen:5270656415335608-CERTIFICATE,asl_citizen:5270656415335608-CERTIFICATE,P47,test,GOLD_EXISTING_LEXICAL_OR_SENTENCE,23,23,1,0.8274592161178589,B02,1
asl_citizen:4655100403774468-CERTIFICATE,asl_citizen:4655100403774468-CERTIFICATE,P17,test,GOLD_EXISTING_LEXICAL_OR_SENTENCE,23,23,1,0.9987730383872986,B02,1
asl_citizen:003308486619603368-CERTIFICATE,asl_citizen:003308486619603368-CERTIFICATE,P22,test,GOLD_EXISTING_LEXICAL_OR_SENTENCE,23,23,1,0.9954162836074829,B02,1
asl_citizen:19544164515033535-CERTIFICATE,asl_citizen:19544164515033535-CERTIFICATE,P48,test,GOLD_EXISTING_LEXICAL_OR_SENTENCE,23,23,1,0.9715619683265686,B02,1
asl_citizen:24476780704972878-CERTIFICATE,asl_citizen:24476780704972878-CERTIFICATE,P49,test,GOLD_EXISTING_LEXICAL_OR_SENTENCE,23,23,1,0.5662449598312378,B02,1
asl_citizen:5274212110709813-CHEEK,asl_citizen:5274212110709813-CHEEK,P17,test,GOLD_EXISTING_LEXICAL_OR_SENTENCE,24,184,0,0.4812127649784088,B02,1
asl_citizen:1276420379859602-CHEEK,asl_citizen:1276420379859602-CHEEK,P18,test,GOLD_EXISTING_LEXICAL_OR_SENTENCE,24,24,1,0.534485399723053,B02,1
asl_citizen:6417613431345404-CHEEK,asl_citizen:6417613431345404-CHEEK,P48,test,GOLD_EXISTING_LEXICAL_OR_SENTENCE,24,24,1,0.8248938918113708,B02,1
asl_citizen:871492835507548-CHEEK,asl_citizen:871492835507548-CHEEK,P49,test,GOLD_EXISTING_LEXICAL_OR_SENTENCE,24,24,1,0.8934675455093384,B02,1
asl_citizen:4387438322401891-CHEEK,asl_citizen:4387438322401891-CHEEK,P47,test,GOLD_EXISTING_LEXICAL_OR_SENTENCE,24,24,1,0.887539803981781,B02,1
asl_citizen:9654296103105799-CHEEK,asl_citizen:9654296103105799-CHEEK,P35,test,GOLD_EXISTING_LEXICAL_OR_SENTENCE,24,24,1,0.9673610925674438,B02,1
asl_citizen:028495375833406555-CHEEK,asl_citizen:028495375833406555-CHEEK,P15,test,GOLD_EXISTING_LEXICAL_OR_SENTENCE,24,24,1,0.7399731278419495,B02,1
asl_citizen:5240585169048262-CHEEK,asl_citizen:5240585169048262-CHEEK,P9,test,GOLD_EXISTING_LEXICAL_OR_SENTENCE,24,111,0,0.3322337567806244,B02,1
asl_citizen:7902958071330217-CHEESE GRATER,asl_citizen:7902958071330217-CHEESE GRATER,P17,test,GOLD_EXISTING_LEXICAL_OR_SENTENCE,25,151,0,0.967370331287384,B02,1
asl_citizen:2820444224020271-CHEESE GRATER,asl_citizen:2820444224020271-CHEESE GRATER,P49,test,GOLD_EXISTING_LEXICAL_OR_SENTENCE,25,25,1,0.9897741079330444,B02,1
asl_citizen:35781885230783694-CHEESE GRATER,asl_citizen:35781885230783694-CHEESE GRATER,P9,test,GOLD_EXISTING_LEXICAL_OR_SENTENCE,25,199,0,0.7839710712432861,B02,1
asl_citizen:04125584598262866-CHEESE GRATER,asl_citizen:04125584598262866-CHEESE GRATER,P47,test,GOLD_EXISTING_LEXICAL_OR_SENTENCE,25,25,1,0.8914573192596436,B02,1
asl_citizen:910107238080224-CHEESE GRATER,asl_citizen:910107238080224-CHEESE GRATER,P22,test,GOLD_EXISTING_LEXICAL_OR_SENTENCE,25,25,1,0.7273290157318115,B02,1
asl_citizen:6130841323450544-CHEESE GRATER,asl_citizen:6130841323450544-CHEESE GRATER,P48,test,GOLD_EXISTING_LEXICAL_OR_SENTENCE,25,87,0,0.47253161668777466,B02,1
asl_citizen:2631942203458184-CHEESE GRATER,asl_citizen:2631942203458184-CHEESE GRATER,P18,test,GOLD_EXISTING_LEXICAL_OR_SENTENCE,25,25,1,0.9991932511329651,B02,1
asl_citizen:23887793850909178-CHEESE GRATER,asl_citizen:23887793850909178-CHEESE GRATER,P42,test,GOLD_EXISTING_LEXICAL_OR_SENTENCE,25,25,1,0.9725208282470703,B02,1
asl_citizen:016520259998072273-CHEW 1,asl_citizen:016520259998072273-CHEW 1,P18,test,GOLD_EXISTING_LEXICAL_OR_SENTENCE,26,26,1,0.977209746837616,B02,1
asl_citizen:40707551490420535-CHEW 1,asl_citizen:40707551490420535-CHEW 1,P42,test,GOLD_EXISTING_LEXICAL_OR_SENTENCE,26,26,1,0.9763102531433105,B02,1
asl_citizen:9384132099938827-CHEW 1,asl_citizen:9384132099938827-CHEW 1,P49,test,GOLD_EXISTING_LEXICAL_OR_SENTENCE,26,26,1,0.8141264915466309,B02,1
asl_citizen:44092597435079806-CHEW 1,asl_citizen:44092597435079806-CHEW 1,P22,test,GOLD_EXISTING_LEXICAL_OR_SENTENCE,26,189,0,0.25300082564353943,B02,1
asl_citizen:8590654228637811-CHEW 1,asl_citizen:8590654228637811-CHEW 1,P6,test,GOLD_EXISTING_LEXICAL_OR_SENTENCE,26,132,0,0.6174201369285583,B02,1
asl_citizen:2906103734534655-CHEW 1,asl_citizen:2906103734534655-CHEW 1,P17,test,GOLD_EXISTING_LEXICAL_OR_SENTENCE,26,26,1,0.7726542949676514,B02,1
asl_citizen:24341288821381601-CHEW 1,asl_citizen:24341288821381601-CHEW 1,P47,test,GOLD_EXISTING_LEXICAL_OR_SENTENCE,26,26,1,0.689954400062561,B02,1
asl_citizen:42954035938307666-CHEW 1,asl_citizen:42954035938307666-CHEW 1,P35,test,GOLD_EXISTING_LEXICAL_OR_SENTENCE,26,26,1,0.9964620471000671,B02,1
asl_citizen:8179782143151055-CHURN,asl_citizen:8179782143151055-CHURN,P18,test,GOLD_EXISTING_LEXICAL_OR_SENTENCE,27,27,1,0.9463746547698975,B02,1
asl_citizen:8120566066273938-CHURN,asl_citizen:8120566066273938-CHURN,P47,test,GOLD_EXISTING_LEXICAL_OR_SENTENCE,27,188,0,0.9598273634910583,B02,1
asl_citizen:22536400773023613-CHURN,asl_citizen:22536400773023613-CHURN,P42,test,GOLD_EXISTING_LEXICAL_OR_SENTENCE,27,27,1,0.7805841565132141,B02,1
asl_citizen:9803817792251945-CHURN,asl_citizen:9803817792251945-CHURN,P22,test,GOLD_EXISTING_LEXICAL_OR_SENTENCE,27,188,0,0.6099698543548584,B02,1
asl_citizen:1561063158166085-CHURN,asl_citizen:1561063158166085-CHURN,P35,test,GOLD_EXISTING_LEXICAL_OR_SENTENCE,27,27,1,0.8872326612472534,B02,1
asl_citizen:8304274678676038-CHURN,asl_citizen:8304274678676038-CHURN,P49,test,GOLD_EXISTING_LEXICAL_OR_SENTENCE,27,27,1,0.6531391739845276,B02,1
asl_citizen:8921137456348354-CHURN,asl_citizen:8921137456348354-CHURN,P48,test,GOLD_EXISTING_LEXICAL_OR_SENTENCE,27,188,0,0.7217981219291687,B02,1
asl_citizen:8509655945525334-CHURN,asl_citizen:8509655945525334-CHURN,P15,test,GOLD_EXISTING_LEXICAL_OR_SENTENCE,27,27,1,0.8661651611328125,B02,1
asl_citizen:517945828072724-CIRCUSWHEEL,asl_citizen:517945828072724-CIRCUSWHEEL,P15,test,GOLD_EXISTING_LEXICAL_OR_SENTENCE,28,28,1,0.9116738438606262,B02,1
asl_citizen:23200266231570033-CIRCUSWHEEL,asl_citizen:23200266231570033-CIRCUSWHEEL,P35,test,GOLD_EXISTING_LEXICAL_OR_SENTENCE,28,28,1,0.6460915803909302,B02,1
asl_citizen:6542981676540034-CIRCUSWHEEL,asl_citizen:6542981676540034-CIRCUSWHEEL,P47,test,GOLD_EXISTING_LEXICAL_OR_SENTENCE,28,28,1,0.8886906504631042,B02,1
asl_citizen:5982656946251841-CIRCUSWHEEL,asl_citizen:5982656946251841-CIRCUSWHEEL,P48,test,GOLD_EXISTING_LEXICAL_OR_SENTENCE,28,28,1,0.5361183881759644,B02,1
asl_citizen:7771489268934204-CIRCUSWHEEL,asl_citizen:7771489268934204-CIRCUSWHEEL,P49,test,GOLD_EXISTING_LEXICAL_OR_SENTENCE,28,28,1,0.9420170187950134,B02,1
asl_citizen:4888565597437038-CIRCUSWHEEL,asl_citizen:4888565597437038-CIRCUSWHEEL,P15,test,GOLD_EXISTING_LEXICAL_OR_SENTENCE,28,28,1,0.9888578653335571,B02,1
asl_citizen:33880288807202885-CIRCUSWHEEL,asl_citizen:33880288807202885-CIRCUSWHEEL,P9,test,GOLD_EXISTING_LEXICAL_OR_SENTENCE,28,28,1,0.9962843656539917,B02,1
asl_citizen:905060739104464-CIRCUSWHEEL,asl_citizen:905060739104464-CIRCUSWHEEL,P22,test,GOLD_EXISTING_LEXICAL_OR_SENTENCE,28,28,1,0.8558072447776794,B02,1
asl_citizen:695427596361849-CLAUSE,asl_citizen:695427596361849-CLAUSE,P22,test,GOLD_EXISTING_LEXICAL_OR_SENTENCE,29,29,1,0.9994810223579407,B02,1
asl_citizen:13534997307596663-CLAUSE,asl_citizen:13534997307596663-CLAUSE,P47,test,GOLD_EXISTING_LEXICAL_OR_SENTENCE,29,29,1,0.9968647360801697,B02,1
asl_citizen:30308179649612454-CLAUSE,asl_citizen:30308179649612454-CLAUSE,P17,test,GOLD_EXISTING_LEXICAL_OR_SENTENCE,29,29,1,0.9986239671707153,B02,1
asl_citizen:9555906568597852-CLAUSE,asl_citizen:9555906568597852-CLAUSE,P15,test,GOLD_EXISTING_LEXICAL_OR_SENTENCE,29,29,1,0.9888395667076111,B02,1
asl_citizen:2829337445416813-CLAUSE,asl_citizen:2829337445416813-CLAUSE,P6,test,GOLD_EXISTING_LEXICAL_OR_SENTENCE,29,29,1,0.8960776925086975,B02,1
asl_citizen:1767124542091516-CLAUSE,asl_citizen:1767124542091516-CLAUSE,P49,test,GOLD_EXISTING_LEXICAL_OR_SENTENCE,29,29,1,0.9995251893997192,B02,1
asl_citizen:6920193169990707-CLAUSE,asl_citizen:6920193169990707-CLAUSE,P6,test,GOLD_EXISTING_LEXICAL_OR_SENTENCE,29,29,1,0.982134222984314,B02,1
asl_citizen:9437580287721425-CLAUSE,asl_citizen:9437580287721425-CLAUSE,P48,test,GOLD_EXISTING_LEXICAL_OR_SENTENCE,29,29,1,0.978046178817749,B02,1
asl_citizen:35522148352517346-CLOUD 4,asl_citizen:35522148352517346-CLOUD 4,P15,test,GOLD_EXISTING_LEXICAL_OR_SENTENCE,30,30,1,0.9484816789627075,B02,1
asl_citizen:841856614542758-CLOUD 4,asl_citizen:841856614542758-CLOUD 4,P49,test,GOLD_EXISTING_LEXICAL_OR_SENTENCE,30,30,1,0.9459218382835388,B02,1
asl_citizen:04191446918346475-CLOUD 4,asl_citizen:04191446918346475-CLOUD 4,P22,test,GOLD_EXISTING_LEXICAL_OR_SENTENCE,30,30,1,0.9991973042488098,B02,1
asl_citizen:3764304277142856-CLOUD 4,asl_citizen:3764304277142856-CLOUD 4,P18,test,GOLD_EXISTING_LEXICAL_OR_SENTENCE,30,30,1,0.9872949719429016,B02,1
asl_citizen:17285969818214442-CLOUD 4,asl_citizen:17285969818214442-CLOUD 4,P9,test,GOLD_EXISTING_LEXICAL_OR_SENTENCE,30,30,1,0.8917548060417175,B02,1
asl_citizen:1046401228542222-CLOUD 4,asl_citizen:1046401228542222-CLOUD 4,P6,test,GOLD_EXISTING_LEXICAL_OR_SENTENCE,30,30,1,0.7606327533721924,B02,1
asl_citizen:28820089218315137-CLOUD 4,asl_citizen:28820089218315137-CLOUD 4,P15,test,GOLD_EXISTING_LEXICAL_OR_SENTENCE,30,30,1,0.9851770401000977,B02,1
asl_citizen:10972365731203082-CLOUD 4,asl_citizen:10972365731203082-CLOUD 4,P17,test,GOLD_EXISTING_LEXICAL_OR_SENTENCE,30,30,1,0.9547273516654968,B02,1
asl_citizen:8546055141402078-COINS,asl_citizen:8546055141402078-COINS,P42,test,GOLD_EXISTING_LEXICAL_OR_SENTENCE,31,31,1,0.8478531241416931,B02,1
asl_citizen:1717721401808805-COINS,asl_citizen:1717721401808805-COINS,P49,test,GOLD_EXISTING_LEXICAL_OR_SENTENCE,31,31,1,0.9837297797203064,B02,1
asl_citizen:3397704842602376-COINS,asl_citizen:3397704842602376-COINS,P48,test,GOLD_EXISTING_LEXICAL_OR_SENTENCE,31,86,0,0.24298590421676636,B02,1
asl_citizen:10188876196683094-COINS,asl_citizen:10188876196683094-COINS,P9,test,GOLD_EXISTING_LEXICAL_OR_SENTENCE,31,57,0,0.38300278782844543,B02,1
asl_citizen:347217905865262-COINS,asl_citizen:347217905865262-COINS,P49,test,GOLD_EXISTING_LEXICAL_OR_SENTENCE,31,31,1,0.9799363613128662,B02,1
asl_citizen:7809728710828288-COINS,asl_citizen:7809728710828288-COINS,P15,test,GOLD_EXISTING_LEXICAL_OR_SENTENCE,31,31,1,0.9822277426719666,B02,1
asl_citizen:7316629916824233-COINS,asl_citizen:7316629916824233-COINS,P6,test,GOLD_EXISTING_LEXICAL_OR_SENTENCE,31,31,1,0.29526710510253906,B02,1
asl_citizen:7070564983067709-COINS,asl_citizen:7070564983067709-COINS,P35,test,GOLD_EXISTING_LEXICAL_OR_SENTENCE,31,31,1,0.9768432378768921,B02,1
asl_citizen:43465593353899346-COME HERE,asl_citizen:43465593353899346-COME HERE,P6,test,GOLD_EXISTING_LEXICAL_OR_SENTENCE,32,53,0,0.5541468858718872,B02,1
asl_citizen:6762488178921731-COME HERE,asl_citizen:6762488178921731-COME HERE,P6,test,GOLD_EXISTING_LEXICAL_OR_SENTENCE,32,53,0,0.9792405366897583,B02,1
asl_citizen:6742546281006112-COME HERE,asl_citizen:6742546281006112-COME HERE,P48,test,GOLD_EXISTING_LEXICAL_OR_SENTENCE,32,53,0,0.6143987774848938,B02,1
asl_citizen:7586512560063088-COME HERE,asl_citizen:7586512560063088-COME HERE,P42,test,GOLD_EXISTING_LEXICAL_OR_SENTENCE,32,32,1,0.9347114562988281,B02,1
asl_citizen:8399316048555681-COME HERE,asl_citizen:8399316048555681-COME HERE,P49,test,GOLD_EXISTING_LEXICAL_OR_SENTENCE,32,53,0,0.5015183687210083,B02,1
asl_citizen:5896522962536301-COME HERE,asl_citizen:5896522962536301-COME HERE,P22,test,GOLD_EXISTING_LEXICAL_OR_SENTENCE,32,123,0,0.9515777826309204,B02,1
asl_citizen:36676421453236063-COME HERE,asl_citizen:36676421453236063-COME HERE,P18,test,GOLD_EXISTING_LEXICAL_OR_SENTENCE,32,32,1,0.8774433732032776,B02,1
asl_citizen:2986413960093939-COME HERE,asl_citizen:2986413960093939-COME HERE,P9,test,GOLD_EXISTING_LEXICAL_OR_SENTENCE,32,53,0,0.4682665765285492,B02,1
asl_citizen:9529780784044839-COMFORTABLE,asl_citizen:9529780784044839-COMFORTABLE,P15,test,GOLD_EXISTING_LEXICAL_OR_SENTENCE,33,33,1,0.6470938324928284,B02,1
asl_citizen:7888264321260077-COMFORTABLE,asl_citizen:7888264321260077-COMFORTABLE,P42,test,GOLD_EXISTING_LEXICAL_OR_SENTENCE,33,33,1,0.9970958232879639,B02,1
asl_citizen:05311656717579627-COMFORTABLE,asl_citizen:05311656717579627-COMFORTABLE,P9,test,GOLD_EXISTING_LEXICAL_OR_SENTENCE,33,33,1,0.3906567692756653,B02,1
asl_citizen:6338334832078081-COMFORTABLE,asl_citizen:6338334832078081-COMFORTABLE,P17,test,GOLD_EXISTING_LEXICAL_OR_SENTENCE,33,33,1,0.6421883702278137,B02,1
asl_citizen:21551632716516034-COMFORTABLE,asl_citizen:21551632716516034-COMFORTABLE,P22,test,GOLD_EXISTING_LEXICAL_OR_SENTENCE,33,33,1,0.8741952180862427,B02,1
asl_citizen:9443362606305203-COMFORTABLE,asl_citizen:9443362606305203-COMFORTABLE,P6,test,GOLD_EXISTING_LEXICAL_OR_SENTENCE,33,33,1,0.9110438227653503,B02,1
asl_citizen:9627037454056087-COMFORTABLE,asl_citizen:9627037454056087-COMFORTABLE,P47,test,GOLD_EXISTING_LEXICAL_OR_SENTENCE,33,33,1,0.6144545078277588,B02,1
asl_citizen:3422942530472397-COMFORTABLE,asl_citizen:3422942530472397-COMFORTABLE,P49,test,GOLD_EXISTING_LEXICAL_OR_SENTENCE,33,33,1,0.8759040236473083,B02,1
asl_citizen:7454997844279365-CONVINCE,asl_citizen:7454997844279365-CONVINCE,P49,test,GOLD_EXISTING_LEXICAL_OR_SENTENCE,34,34,1,0.9986677169799805,B02,1
asl_citizen:025213524562938794-CONVINCE,asl_citizen:025213524562938794-CONVINCE,P18,test,GOLD_EXISTING_LEXICAL_OR_SENTENCE,34,34,1,0.9787973165512085,B02,1
asl_citizen:7697607890624658-CONVINCE,asl_citizen:7697607890624658-CONVINCE,P17,test,GOLD_EXISTING_LEXICAL_OR_SENTENCE,34,82,0,0.8012332916259766,B02,1
asl_citizen:8984605495912987-CONVINCE,asl_citizen:8984605495912987-CONVINCE,P15,test,GOLD_EXISTING_LEXICAL_OR_SENTENCE,34,34,1,0.9623172283172607,B02,1
asl_citizen:8410058823000932-CONVINCE,asl_citizen:8410058823000932-CONVINCE,P18,test,GOLD_EXISTING_LEXICAL_OR_SENTENCE,34,34,1,0.997760534286499,B02,1
asl_citizen:47532772286976366-CONVINCE,asl_citizen:47532772286976366-CONVINCE,P6,test,GOLD_EXISTING_LEXICAL_OR_SENTENCE,34,93,0,0.8282597661018372,B02,1
asl_citizen:9435214601469297-CONVINCE,asl_citizen:9435214601469297-CONVINCE,P47,test,GOLD_EXISTING_LEXICAL_OR_SENTENCE,34,34,1,0.9241690635681152,B02,1
asl_citizen:9547739378800184-CONVINCE,asl_citizen:9547739378800184-CONVINCE,P9,test,GOLD_EXISTING_LEXICAL_OR_SENTENCE,34,93,0,0.3833504617214203,B02,1
asl_citizen:05791738577676808-COOKIE,asl_citizen:05791738577676808-COOKIE,P35,test,GOLD_EXISTING_LEXICAL_OR_SENTENCE,35,18,0,0.9870284795761108,B02,1
asl_citizen:5696598052261024-COOKIE,asl_citizen:5696598052261024-COOKIE,P49,test,GOLD_EXISTING_LEXICAL_OR_SENTENCE,35,35,1,0.6731052398681641,B02,1
asl_citizen:4211909682375219-COOKIE,asl_citizen:4211909682375219-COOKIE,P6,test,GOLD_EXISTING_LEXICAL_OR_SENTENCE,35,170,0,0.19238358736038208,B02,1
asl_citizen:6727106667328284-COOKIE,asl_citizen:6727106667328284-COOKIE,P9,test,GOLD_EXISTING_LEXICAL_OR_SENTENCE,35,18,0,0.2547881007194519,B02,1
asl_citizen:9945760945131519-COOKIE,asl_citizen:9945760945131519-COOKIE,P17,test,GOLD_EXISTING_LEXICAL_OR_SENTENCE,35,8,0,0.9141920804977417,B02,1
asl_citizen:4423494271155266-COOKIE,asl_citizen:4423494271155266-COOKIE,P47,test,GOLD_EXISTING_LEXICAL_OR_SENTENCE,35,18,0,0.5089191794395447,B02,1
asl_citizen:8616693559712005-COOKIE,asl_citizen:8616693559712005-COOKIE,P42,test,GOLD_EXISTING_LEXICAL_OR_SENTENCE,35,18,0,0.9607576131820679,B02,1
asl_citizen:36045951028564516-COOKIE,asl_citizen:36045951028564516-COOKIE,P48,test,GOLD_EXISTING_LEXICAL_OR_SENTENCE,35,35,1,0.2980429530143738,B02,1
asl_citizen:546916865186261-CORN 3,asl_citizen:546916865186261-CORN 3,P6,test,GOLD_EXISTING_LEXICAL_OR_SENTENCE,36,36,1,0.9965662956237793,B02,1
asl_citizen:7653146961920794-CORN 3,asl_citizen:7653146961920794-CORN 3,P15,test,GOLD_EXISTING_LEXICAL_OR_SENTENCE,36,22,0,0.8226572275161743,B02,1
asl_citizen:9061028348105911-CORN 3,asl_citizen:9061028348105911-CORN 3,P22,test,GOLD_EXISTING_LEXICAL_OR_SENTENCE,36,100,0,0.5633041858673096,B02,1
asl_citizen:7132337589347257-CORN 3,asl_citizen:7132337589347257-CORN 3,P47,test,GOLD_EXISTING_LEXICAL_OR_SENTENCE,36,36,1,0.9689856767654419,B02,1
asl_citizen:2551820935400537-CORN 3,asl_citizen:2551820935400537-CORN 3,P18,test,GOLD_EXISTING_LEXICAL_OR_SENTENCE,36,36,1,0.8317800760269165,B02,1
asl_citizen:35226222530776363-CORN 3,asl_citizen:35226222530776363-CORN 3,P48,test,GOLD_EXISTING_LEXICAL_OR_SENTENCE,36,36,1,0.5961844325065613,B02,1
asl_citizen:4152492198860762-CORN 3,asl_citizen:4152492198860762-CORN 3,P9,test,GOLD_EXISTING_LEXICAL_OR_SENTENCE,36,36,1,0.676324188709259,B02,1
asl_citizen:9598865051280174-CORN 3,asl_citizen:9598865051280174-CORN 3,P35,test,GOLD_EXISTING_LEXICAL_OR_SENTENCE,36,36,1,0.9995471835136414,B02,1
asl_citizen:41178562520918804-CROSS 2,asl_citizen:41178562520918804-CROSS 2,P18,test,GOLD_EXISTING_LEXICAL_OR_SENTENCE,37,37,1,0.9981069564819336,B02,1
asl_citizen:35494017369148145-CROSS 2,asl_citizen:35494017369148145-CROSS 2,P15,test,GOLD_EXISTING_LEXICAL_OR_SENTENCE,37,37,1,0.9774643778800964,B02,1
asl_citizen:1921329002496006-CROSS 2,asl_citizen:1921329002496006-CROSS 2,P48,test,GOLD_EXISTING_LEXICAL_OR_SENTENCE,37,37,1,0.9281426668167114,B02,1
asl_citizen:850080984855919-CROSS 2,asl_citizen:850080984855919-CROSS 2,P17,test,GOLD_EXISTING_LEXICAL_OR_SENTENCE,37,58,0,0.43956834077835083,B02,1
asl_citizen:2514447760767491-CROSS 2,asl_citizen:2514447760767491-CROSS 2,P9,test,GOLD_EXISTING_LEXICAL_OR_SENTENCE,37,89,0,0.7539598941802979,B02,1
asl_citizen:27273684048017666-CROSS 2,asl_citizen:27273684048017666-CROSS 2,P35,test,GOLD_EXISTING_LEXICAL_OR_SENTENCE,37,37,1,0.9048531651496887,B02,1
asl_citizen:13789873303622358-CROSS 2,asl_citizen:13789873303622358-CROSS 2,P22,test,GOLD_EXISTING_LEXICAL_OR_SENTENCE,37,37,1,0.9333406090736389,B02,1
asl_citizen:36638486317021024-CROSS 2,asl_citizen:36638486317021024-CROSS 2,P6,test,GOLD_EXISTING_LEXICAL_OR_SENTENCE,37,89,0,0.3429335355758667,B02,1
asl_citizen:7740012758634425-CURTSEY 2,asl_citizen:7740012758634425-CURTSEY 2,P22,test,GOLD_EXISTING_LEXICAL_OR_SENTENCE,38,38,1,0.5410938858985901,B02,1
asl_citizen:4016075530679275-CURTSEY 2,asl_citizen:4016075530679275-CURTSEY 2,P48,test,GOLD_EXISTING_LEXICAL_OR_SENTENCE,38,38,1,0.7735514044761658,B02,1
asl_citizen:08697549130833249-CURTSEY 2,asl_citizen:08697549130833249-CURTSEY 2,P17,test,GOLD_EXISTING_LEXICAL_OR_SENTENCE,38,195,0,0.36104321479797363,B02,1
asl_citizen:4058272327458856-CURTSEY 2,asl_citizen:4058272327458856-CURTSEY 2,P42,test,GOLD_EXISTING_LEXICAL_OR_SENTENCE,38,38,1,0.9430516958236694,B02,1
asl_citizen:9600475696810875-CURTSEY 2,asl_citizen:9600475696810875-CURTSEY 2,P6,test,GOLD_EXISTING_LEXICAL_OR_SENTENCE,38,18,0,0.1634775847196579,B02,1
asl_citizen:6409124360469198-CURTSEY 2,asl_citizen:6409124360469198-CURTSEY 2,P18,test,GOLD_EXISTING_LEXICAL_OR_SENTENCE,38,38,1,0.9397454857826233,B02,1
asl_citizen:131636294054444-CURTSEY 2,asl_citizen:131636294054444-CURTSEY 2,P35,test,GOLD_EXISTING_LEXICAL_OR_SENTENCE,38,38,1,0.9928353428840637,B02,1
asl_citizen:08564626037791156-CURTSEY 2,asl_citizen:08564626037791156-CURTSEY 2,P47,test,GOLD_EXISTING_LEXICAL_OR_SENTENCE,38,38,1,0.9881895780563354,B02,1
asl_citizen:4298430360542438-CURTSEY 1,asl_citizen:4298430360542438-CURTSEY 1,P42,test,GOLD_EXISTING_LEXICAL_OR_SENTENCE,39,39,1,0.9985688924789429,B02,1
asl_citizen:12471897096667339-CURTSEY 1,asl_citizen:12471897096667339-CURTSEY 1,P22,test,GOLD_EXISTING_LEXICAL_OR_SENTENCE,39,105,0,0.9794256091117859,B02,1
asl_citizen:041546918969012525-CURTSEY 1,asl_citizen:041546918969012525-CURTSEY 1,P9,test,GOLD_EXISTING_LEXICAL_OR_SENTENCE,39,39,1,0.9995086193084717,B02,1
asl_citizen:44035142435498287-CURTSEY 1,asl_citizen:44035142435498287-CURTSEY 1,P49,test,GOLD_EXISTING_LEXICAL_OR_SENTENCE,39,39,1,0.9924997687339783,B02,1
asl_citizen:7557149689846145-CURTSEY 1,asl_citizen:7557149689846145-CURTSEY 1,P42,test,GOLD_EXISTING_LEXICAL_OR_SENTENCE,39,39,1,0.999940037727356,B02,1
asl_citizen:656628674642048-CURTSEY 1,asl_citizen:656628674642048-CURTSEY 1,P6,test,GOLD_EXISTING_LEXICAL_OR_SENTENCE,39,39,1,0.9983392953872681,B02,1
asl_citizen:9575004908513354-CURTSEY 1,asl_citizen:9575004908513354-CURTSEY 1,P18,test,GOLD_EXISTING_LEXICAL_OR_SENTENCE,39,39,1,0.9999085664749146,B02,1
asl_citizen:9420725128931253-CURTSEY 1,asl_citizen:9420725128931253-CURTSEY 1,P48,test,GOLD_EXISTING_LEXICAL_OR_SENTENCE,39,105,0,0.5511074662208557,B02,1
asl_citizen:7764407168011447-DANCER,asl_citizen:7764407168011447-DANCER,P17,test,GOLD_EXISTING_LEXICAL_OR_SENTENCE,40,40,1,0.22966323792934418,B02,1
asl_citizen:4373824274522664-DANCER,asl_citizen:4373824274522664-DANCER,P18,test,GOLD_EXISTING_LEXICAL_OR_SENTENCE,40,40,1,0.9965882301330566,B02,1
asl_citizen:20813440712519538-DANCER,asl_citizen:20813440712519538-DANCER,P48,test,GOLD_EXISTING_LEXICAL_OR_SENTENCE,40,40,1,0.9482570290565491,B02,1
asl_citizen:29792791854014156-DANCER,asl_citizen:29792791854014156-DANCER,P22,test,GOLD_EXISTING_LEXICAL_OR_SENTENCE,40,40,1,0.7899215221405029,B02,1
asl_citizen:3492710761221747-DANCER,asl_citizen:3492710761221747-DANCER,P6,test,GOLD_EXISTING_LEXICAL_OR_SENTENCE,40,40,1,0.6343032121658325,B02,1
asl_citizen:5766434484176026-DANCER,asl_citizen:5766434484176026-DANCER,P9,test,GOLD_EXISTING_LEXICAL_OR_SENTENCE,40,40,1,0.6447321772575378,B02,1
asl_citizen:7835871024785799-DANCER,asl_citizen:7835871024785799-DANCER,P15,test,GOLD_EXISTING_LEXICAL_OR_SENTENCE,40,40,1,0.9950008988380432,B02,1
asl_citizen:1703737248609971-DANCER,asl_citizen:1703737248609971-DANCER,P42,test,GOLD_EXISTING_LEXICAL_OR_SENTENCE,40,40,1,0.5260109305381775,B02,1
asl_citizen:08726146864495243-DENTIST,asl_citizen:08726146864495243-DENTIST,P48,test,GOLD_EXISTING_LEXICAL_OR_SENTENCE,41,41,1,0.965502917766571,B02,1
asl_citizen:5019797191499862-DENTIST,asl_citizen:5019797191499862-DENTIST,P22,test,GOLD_EXISTING_LEXICAL_OR_SENTENCE,41,41,1,0.9946818947792053,B02,1
asl_citizen:24625771680497088-DENTIST,asl_citizen:24625771680497088-DENTIST,P15,test,GOLD_EXISTING_LEXICAL_OR_SENTENCE,41,41,1,0.732629120349884,B02,1
asl_citizen:059903520041906466-DENTIST,asl_citizen:059903520041906466-DENTIST,P9,test,GOLD_EXISTING_LEXICAL_OR_SENTENCE,41,53,0,0.7875857949256897,B02,1
asl_citizen:0963890365490514-DENTIST,asl_citizen:0963890365490514-DENTIST,P6,test,GOLD_EXISTING_LEXICAL_OR_SENTENCE,41,41,1,0.9945607781410217,B02,1
asl_citizen:2904251953296175-DENTIST,asl_citizen:2904251953296175-DENTIST,P42,test,GOLD_EXISTING_LEXICAL_OR_SENTENCE,41,41,1,0.9940640330314636,B02,1
asl_citizen:5681304528842461-DENTIST,asl_citizen:5681304528842461-DENTIST,P42,test,GOLD_EXISTING_LEXICAL_OR_SENTENCE,41,41,1,0.99959796667099,B02,1
asl_citizen:8599984313952511-DENTIST,asl_citizen:8599984313952511-DENTIST,P18,test,GOLD_EXISTING_LEXICAL_OR_SENTENCE,41,41,1,0.9982117414474487,B02,1
asl_citizen:48570714821161354-DIFFERENT SITUATION,asl_citizen:48570714821161354-DIFFERENT SITUATION,P17,test,GOLD_EXISTING_LEXICAL_OR_SENTENCE,42,42,1,0.590711772441864,B02,1
asl_citizen:8962616345166248-DIFFERENT SITUATION,asl_citizen:8962616345166248-DIFFERENT SITUATION,P9,test,GOLD_EXISTING_LEXICAL_OR_SENTENCE,42,42,1,0.9540504813194275,B02,1
asl_citizen:4317325524432325-DIFFERENT SITUATION,asl_citizen:4317325524432325-DIFFERENT SITUATION,P35,test,GOLD_EXISTING_LEXICAL_OR_SENTENCE,42,42,1,0.735847532749176,B02,1
asl_citizen:7875066246194335-DIFFERENT SITUATION,asl_citizen:7875066246194335-DIFFERENT SITUATION,P48,test,GOLD_EXISTING_LEXICAL_OR_SENTENCE,42,74,0,0.5388120412826538,B02,1
asl_citizen:5405853507718759-DIFFERENT SITUATION,asl_citizen:5405853507718759-DIFFERENT SITUATION,P22,test,GOLD_EXISTING_LEXICAL_OR_SENTENCE,42,42,1,0.5238670110702515,B02,1
asl_citizen:7140193660319123-DIFFERENT SITUATION,asl_citizen:7140193660319123-DIFFERENT SITUATION,P49,test,GOLD_EXISTING_LEXICAL_OR_SENTENCE,42,42,1,0.5718374848365784,B02,1
asl_citizen:13521464986162113-DIFFERENT SITUATION,asl_citizen:13521464986162113-DIFFERENT SITUATION,P6,test,GOLD_EXISTING_LEXICAL_OR_SENTENCE,42,42,1,0.919736921787262,B02,1
asl_citizen:6675272277821382-DIFFERENT SITUATION,asl_citizen:6675272277821382-DIFFERENT SITUATION,P42,test,GOLD_EXISTING_LEXICAL_OR_SENTENCE,42,42,1,0.6336439251899719,B02,1
asl_citizen:8224849241610261-DINOSAUR,asl_citizen:8224849241610261-DINOSAUR,P6,test,GOLD_EXISTING_LEXICAL_OR_SENTENCE,43,43,1,0.7343261241912842,B02,1
asl_citizen:24033943465091467-DINOSAUR,asl_citizen:24033943465091467-DINOSAUR,P15,test,GOLD_EXISTING_LEXICAL_OR_SENTENCE,43,43,1,0.9829849600791931,B02,1
asl_citizen:7470823700840046-DINOSAUR,asl_citizen:7470823700840046-DINOSAUR,P48,test,GOLD_EXISTING_LEXICAL_OR_SENTENCE,43,43,1,0.6711370944976807,B02,1
asl_citizen:40509855695085895-DINOSAUR,asl_citizen:40509855695085895-DINOSAUR,P22,test,GOLD_EXISTING_LEXICAL_OR_SENTENCE,43,43,1,0.9995854496955872,B02,1
asl_citizen:9136238581664009-DINOSAUR,asl_citizen:9136238581664009-DINOSAUR,P35,test,GOLD_EXISTING_LEXICAL_OR_SENTENCE,43,43,1,0.9994043111801147,B02,1
asl_citizen:6247730414714647-DINOSAUR,asl_citizen:6247730414714647-DINOSAUR,P49,test,GOLD_EXISTING_LEXICAL_OR_SENTENCE,43,43,1,0.9955348968505859,B02,1
asl_citizen:5290344293429206-DINOSAUR,asl_citizen:5290344293429206-DINOSAUR,P17,test,GOLD_EXISTING_LEXICAL_OR_SENTENCE,43,43,1,0.7355378270149231,B02,1
asl_citizen:28960805716887217-DINOSAUR,asl_citizen:28960805716887217-DINOSAUR,P42,test,GOLD_EXISTING_LEXICAL_OR_SENTENCE,43,43,1,0.893233060836792,B02,1
asl_citizen:8440854457144005-DONT NEED,asl_citizen:8440854457144005-DONT NEED,P9,test,GOLD_EXISTING_LEXICAL_OR_SENTENCE,44,49,0,0.5785660147666931,B02,1
asl_citizen:9419016560970019-DONT NEED,asl_citizen:9419016560970019-DONT NEED,P22,test,GOLD_EXISTING_LEXICAL_OR_SENTENCE,44,140,0,0.23918351531028748,B02,1
asl_citizen:1553945684887208-DONT NEED,asl_citizen:1553945684887208-DONT NEED,P49,test,GOLD_EXISTING_LEXICAL_OR_SENTENCE,44,44,1,0.7540860176086426,B02,1
asl_citizen:10365778744170284-DONT NEED,asl_citizen:10365778744170284-DONT NEED,P35,test,GOLD_EXISTING_LEXICAL_OR_SENTENCE,44,44,1,0.6795139312744141,B02,1
asl_citizen:24272059297973403-DONT NEED,asl_citizen:24272059297973403-DONT NEED,P6,test,GOLD_EXISTING_LEXICAL_OR_SENTENCE,44,7,0,0.45922398567199707,B02,1
asl_citizen:5041697196223054-DONT NEED,asl_citizen:5041697196223054-DONT NEED,P17,test,GOLD_EXISTING_LEXICAL_OR_SENTENCE,44,44,1,0.30142730474472046,B02,1
asl_citizen:524777456764691-DONT NEED,asl_citizen:524777456764691-DONT NEED,P15,test,GOLD_EXISTING_LEXICAL_OR_SENTENCE,44,44,1,0.9575775265693665,B02,1
asl_citizen:019122337627372588-DONT NEED,asl_citizen:019122337627372588-DONT NEED,P18,test,GOLD_EXISTING_LEXICAL_OR_SENTENCE,44,44,1,0.953386664390564,B02,1
asl_citizen:14794439442498897-DONUT,asl_citizen:14794439442498897-DONUT,P48,test,GOLD_EXISTING_LEXICAL_OR_SENTENCE,45,45,1,0.6527116894721985,B02,1
asl_citizen:8847191760973006-DONUT,asl_citizen:8847191760973006-DONUT,P49,test,GOLD_EXISTING_LEXICAL_OR_SENTENCE,45,45,1,0.5247222781181335,B02,1
asl_citizen:7886002222537167-DONUT,asl_citizen:7886002222537167-DONUT,P35,test,GOLD_EXISTING_LEXICAL_OR_SENTENCE,45,45,1,0.9887796640396118,B02,1
asl_citizen:18287285058424363-DONUT,asl_citizen:18287285058424363-DONUT,P15,test,GOLD_EXISTING_LEXICAL_OR_SENTENCE,45,86,0,0.34334999322891235,B02,1
asl_citizen:8935673196518124-DONUT,asl_citizen:8935673196518124-DONUT,P42,test,GOLD_EXISTING_LEXICAL_OR_SENTENCE,45,45,1,0.998497486114502,B02,1
asl_citizen:1953229262690248-DONUT,asl_citizen:1953229262690248-DONUT,P9,test,GOLD_EXISTING_LEXICAL_OR_SENTENCE,45,45,1,0.9954403638839722,B02,1
asl_citizen:5190684951541689-DONUT,asl_citizen:5190684951541689-DONUT,P47,test,GOLD_EXISTING_LEXICAL_OR_SENTENCE,45,45,1,0.8808997869491577,B02,1
asl_citizen:34421005968261076-DONUT,asl_citizen:34421005968261076-DONUT,P22,test,GOLD_EXISTING_LEXICAL_OR_SENTENCE,45,144,0,0.4282919764518738,B02,1
asl_citizen:8969483703544663-DREADLOCKS,asl_citizen:8969483703544663-DREADLOCKS,P18,test,GOLD_EXISTING_LEXICAL_OR_SENTENCE,46,46,1,0.946372389793396,B02,1
asl_citizen:8475332639331787-DREADLOCKS,asl_citizen:8475332639331787-DREADLOCKS,P17,test,GOLD_EXISTING_LEXICAL_OR_SENTENCE,46,46,1,0.9807589650154114,B02,1
asl_citizen:9964208748810202-DREADLOCKS,asl_citizen:9964208748810202-DREADLOCKS,P22,test,GOLD_EXISTING_LEXICAL_OR_SENTENCE,46,46,1,0.999359667301178,B02,1
asl_citizen:6677742542220313-DREADLOCKS,asl_citizen:6677742542220313-DREADLOCKS,P49,test,GOLD_EXISTING_LEXICAL_OR_SENTENCE,46,46,1,0.8337137699127197,B02,1
asl_citizen:14083566476396148-DREADLOCKS,asl_citizen:14083566476396148-DREADLOCKS,P18,test,GOLD_EXISTING_LEXICAL_OR_SENTENCE,46,46,1,0.8835226893424988,B02,1
asl_citizen:6462102009921986-DREADLOCKS,asl_citizen:6462102009921986-DREADLOCKS,P9,test,GOLD_EXISTING_LEXICAL_OR_SENTENCE,46,46,1,0.9682764410972595,B02,1
asl_citizen:8768896099459327-DREADLOCKS,asl_citizen:8768896099459327-DREADLOCKS,P48,test,GOLD_EXISTING_LEXICAL_OR_SENTENCE,46,46,1,0.9915037751197815,B02,1
asl_citizen:4971665444961535-DREADLOCKS,asl_citizen:4971665444961535-DREADLOCKS,P42,test,GOLD_EXISTING_LEXICAL_OR_SENTENCE,46,46,1,0.9991499185562134,B02,1
asl_citizen:7014946316095072-DRESSER,asl_citizen:7014946316095072-DRESSER,P6,test,GOLD_EXISTING_LEXICAL_OR_SENTENCE,47,47,1,0.9157822728157043,B02,1
asl_citizen:9405563000067301-DRESSER,asl_citizen:9405563000067301-DRESSER,P15,test,GOLD_EXISTING_LEXICAL_OR_SENTENCE,47,47,1,0.8775992393493652,B02,1
asl_citizen:8824524207032118-DRESSER,asl_citizen:8824524207032118-DRESSER,P35,test,GOLD_EXISTING_LEXICAL_OR_SENTENCE,47,47,1,0.9591847658157349,B02,1
asl_citizen:06584008318442769-DRESSER,asl_citizen:06584008318442769-DRESSER,P47,test,GOLD_EXISTING_LEXICAL_OR_SENTENCE,47,47,1,0.9853578805923462,B02,1
asl_citizen:6139319501468969-DRESSER,asl_citizen:6139319501468969-DRESSER,P49,test,GOLD_EXISTING_LEXICAL_OR_SENTENCE,47,47,1,0.912835419178009,B02,1
asl_citizen:3408798620807487-DRESSER,asl_citizen:3408798620807487-DRESSER,P42,test,GOLD_EXISTING_LEXICAL_OR_SENTENCE,47,158,0,0.9970492720603943,B02,1
asl_citizen:7518151106010977-DRESSER,asl_citizen:7518151106010977-DRESSER,P18,test,GOLD_EXISTING_LEXICAL_OR_SENTENCE,47,47,1,0.9937589168548584,B02,1
asl_citizen:6895143079423383-DRESSER,asl_citizen:6895143079423383-DRESSER,P48,test,GOLD_EXISTING_LEXICAL_OR_SENTENCE,47,47,1,0.842079222202301,B02,1
asl_citizen:9415209992076334-DRUM,asl_citizen:9415209992076334-DRUM,P6,test,GOLD_EXISTING_LEXICAL_OR_SENTENCE,48,48,1,0.9939847588539124,B02,1
asl_citizen:07588569202112305-DRUM,asl_citizen:07588569202112305-DRUM,P42,test,GOLD_EXISTING_LEXICAL_OR_SENTENCE,48,48,1,0.9795692563056946,B02,1
asl_citizen:8071657517283295-DRUM,asl_citizen:8071657517283295-DRUM,P18,test,GOLD_EXISTING_LEXICAL_OR_SENTENCE,48,48,1,0.9988638162612915,B02,1
asl_citizen:09060364193085024-DRUM,asl_citizen:09060364193085024-DRUM,P15,test,GOLD_EXISTING_LEXICAL_OR_SENTENCE,48,48,1,0.9519827365875244,B02,1
asl_citizen:6450812439798763-DRUM,asl_citizen:6450812439798763-DRUM,P48,test,GOLD_EXISTING_LEXICAL_OR_SENTENCE,48,48,1,0.9851858019828796,B02,1
asl_citizen:5875294253699073-DRUM,asl_citizen:5875294253699073-DRUM,P48,test,GOLD_EXISTING_LEXICAL_OR_SENTENCE,48,48,1,0.9612616896629333,B02,1
asl_citizen:41421331187326427-DRUM,asl_citizen:41421331187326427-DRUM,P17,test,GOLD_EXISTING_LEXICAL_OR_SENTENCE,48,48,1,0.8389092087745667,B02,1
asl_citizen:20462672928804748-DRUM,asl_citizen:20462672928804748-DRUM,P47,test,GOLD_EXISTING_LEXICAL_OR_SENTENCE,48,48,1,0.968989372253418,B02,1
asl_citizen:534679563275158-DRYER,asl_citizen:534679563275158-DRYER,P18,test,GOLD_EXISTING_LEXICAL_OR_SENTENCE,49,49,1,0.7837899923324585,B02,1
asl_citizen:47384714847457543-DRYER,asl_citizen:47384714847457543-DRYER,P9,test,GOLD_EXISTING_LEXICAL_OR_SENTENCE,49,39,0,0.8172459602355957,B02,1
asl_citizen:42836141582183584-DRYER,asl_citizen:42836141582183584-DRYER,P35,test,GOLD_EXISTING_LEXICAL_OR_SENTENCE,49,49,1,0.9631861448287964,B02,1
asl_citizen:11826627794464328-DRYER,asl_citizen:11826627794464328-DRYER,P42,test,GOLD_EXISTING_LEXICAL_OR_SENTENCE,49,49,1,0.8374708294868469,B02,1
asl_citizen:17863050096155098-DRYER,asl_citizen:17863050096155098-DRYER,P48,test,GOLD_EXISTING_LEXICAL_OR_SENTENCE,49,49,1,0.4775187373161316,B02,1
asl_citizen:21691361704041068-DRYER,asl_citizen:21691361704041068-DRYER,P15,test,GOLD_EXISTING_LEXICAL_OR_SENTENCE,49,49,1,0.9278171062469482,B02,1
asl_citizen:011488380804917542-DRYER,asl_citizen:011488380804917542-DRYER,P22,test,GOLD_EXISTING_LEXICAL_OR_SENTENCE,49,49,1,0.9505139589309692,B02,1
asl_citizen:6164673859688161-DRYER,asl_citizen:6164673859688161-DRYER,P49,test,GOLD_EXISTING_LEXICAL_OR_SENTENCE,49,49,1,0.32287710905075073,B02,1
asl_citizen:9293623251960783-DUCK 2,asl_citizen:9293623251960783-DUCK 2,P18,test,GOLD_EXISTING_LEXICAL_OR_SENTENCE,50,50,1,0.9889504313468933,B02,1
asl_citizen:34259005286492283-DUCK 2,asl_citizen:34259005286492283-DUCK 2,P9,test,GOLD_EXISTING_LEXICAL_OR_SENTENCE,50,50,1,0.9963052272796631,B02,1
asl_citizen:16623696034388358-DUCK 2,asl_citizen:16623696034388358-DUCK 2,P48,test,GOLD_EXISTING_LEXICAL_OR_SENTENCE,50,50,1,0.9333143830299377,B02,1
asl_citizen:6258894718452575-DUCK 2,asl_citizen:6258894718452575-DUCK 2,P15,test,GOLD_EXISTING_LEXICAL_OR_SENTENCE,50,50,1,0.5825115442276001,B02,1
asl_citizen:31240500007069394-DUCK 2,asl_citizen:31240500007069394-DUCK 2,P22,test,GOLD_EXISTING_LEXICAL_OR_SENTENCE,50,50,1,0.9720954298973083,B02,1
asl_citizen:6168597708632786-DUCK 2,asl_citizen:6168597708632786-DUCK 2,P47,test,GOLD_EXISTING_LEXICAL_OR_SENTENCE,50,50,1,0.9522740840911865,B02,1
asl_citizen:9545054248282718-DUCK 2,asl_citizen:9545054248282718-DUCK 2,P35,test,GOLD_EXISTING_LEXICAL_OR_SENTENCE,50,50,1,0.9963287711143494,B02,1
asl_citizen:9830704733653335-DUCK 2,asl_citizen:9830704733653335-DUCK 2,P49,test,GOLD_EXISTING_LEXICAL_OR_SENTENCE,50,50,1,0.8773086667060852,B02,1
asl_citizen:7185317708350305-EARTH,asl_citizen:7185317708350305-EARTH,P49,test,GOLD_EXISTING_LEXICAL_OR_SENTENCE,51,166,0,0.5678086876869202,B02,1
asl_citizen:21586706235470188-EARTH,asl_citizen:21586706235470188-EARTH,P15,test,GOLD_EXISTING_LEXICAL_OR_SENTENCE,51,51,1,0.998820960521698,B02,1
asl_citizen:571332153238566-EARTH,asl_citizen:571332153238566-EARTH,P42,test,GOLD_EXISTING_LEXICAL_OR_SENTENCE,51,51,1,0.8353464007377625,B02,1
asl_citizen:09494923096084729-EARTH,asl_citizen:09494923096084729-EARTH,P9,test,GOLD_EXISTING_LEXICAL_OR_SENTENCE,51,190,0,0.4053037464618683,B02,1
asl_citizen:2156021914016497-EARTH,asl_citizen:2156021914016497-EARTH,P17,test,GOLD_EXISTING_LEXICAL_OR_SENTENCE,51,54,0,0.5687640905380249,B02,1
asl_citizen:10992747810592252-EARTH,asl_citizen:10992747810592252-EARTH,P18,test,GOLD_EXISTING_LEXICAL_OR_SENTENCE,51,51,1,0.9431811571121216,B02,1
asl_citizen:6616272734675506-EARTH,asl_citizen:6616272734675506-EARTH,P17,test,GOLD_EXISTING_LEXICAL_OR_SENTENCE,51,6,0,0.4212926924228668,B02,1
asl_citizen:10068658998354385-EARTH,asl_citizen:10068658998354385-EARTH,P6,test,GOLD_EXISTING_LEXICAL_OR_SENTENCE,51,6,0,0.4415990710258484,B02,1
asl_citizen:3051883673355753-EGO,asl_citizen:3051883673355753-EGO,P17,test,GOLD_EXISTING_LEXICAL_OR_SENTENCE,52,143,0,0.9853281378746033,B02,1
asl_citizen:895907512177432-EGO,asl_citizen:895907512177432-EGO,P35,test,GOLD_EXISTING_LEXICAL_OR_SENTENCE,52,52,1,0.9974714517593384,B02,1
asl_citizen:9762997659456683-EGO,asl_citizen:9762997659456683-EGO,P18,test,GOLD_EXISTING_LEXICAL_OR_SENTENCE,52,24,0,0.34350621700286865,B02,1
asl_citizen:897462003292989-EGO,asl_citizen:897462003292989-EGO,P48,test,GOLD_EXISTING_LEXICAL_OR_SENTENCE,52,143,0,0.9204405546188354,B02,1
asl_citizen:640906104558836-EGO,asl_citizen:640906104558836-EGO,P9,test,GOLD_EXISTING_LEXICAL_OR_SENTENCE,52,52,1,0.8778900504112244,B02,1
asl_citizen:4313618179082721-EGO,asl_citizen:4313618179082721-EGO,P22,test,GOLD_EXISTING_LEXICAL_OR_SENTENCE,52,52,1,0.944891631603241,B02,1
asl_citizen:6880505874364926-EGO,asl_citizen:6880505874364926-EGO,P15,test,GOLD_EXISTING_LEXICAL_OR_SENTENCE,52,52,1,0.8959264755249023,B02,1
asl_citizen:19965146429539837-EGO,asl_citizen:19965146429539837-EGO,P47,test,GOLD_EXISTING_LEXICAL_OR_SENTENCE,52,52,1,0.9925927519798279,B02,1
asl_citizen:1520648884549911-ELEVEN,asl_citizen:1520648884549911-ELEVEN,P42,test,GOLD_EXISTING_LEXICAL_OR_SENTENCE,53,53,1,0.9905434250831604,B02,1
asl_citizen:27462200189883235-ELEVEN,asl_citizen:27462200189883235-ELEVEN,P47,test,GOLD_EXISTING_LEXICAL_OR_SENTENCE,53,53,1,0.7809954881668091,B02,1
asl_citizen:2531498398025418-ELEVEN,asl_citizen:2531498398025418-ELEVEN,P9,test,GOLD_EXISTING_LEXICAL_OR_SENTENCE,53,53,1,0.8428764939308167,B02,1
asl_citizen:4812862159396367-ELEVEN,asl_citizen:4812862159396367-ELEVEN,P17,test,GOLD_EXISTING_LEXICAL_OR_SENTENCE,53,53,1,0.9914029240608215,B02,1
asl_citizen:057862460825067075-ELEVEN,asl_citizen:057862460825067075-ELEVEN,P49,test,GOLD_EXISTING_LEXICAL_OR_SENTENCE,53,53,1,0.9780729413032532,B02,1
asl_citizen:06996746044765945-ELEVEN,asl_citizen:06996746044765945-ELEVEN,P22,test,GOLD_EXISTING_LEXICAL_OR_SENTENCE,53,53,1,0.5402833819389343,B02,1
asl_citizen:3629914148785658-ELEVEN,asl_citizen:3629914148785658-ELEVEN,P35,test,GOLD_EXISTING_LEXICAL_OR_SENTENCE,53,32,0,0.38694918155670166,B02,1
asl_citizen:23706248733890045-ELEVEN,asl_citizen:23706248733890045-ELEVEN,P22,test,GOLD_EXISTING_LEXICAL_OR_SENTENCE,53,53,1,0.6453684568405151,B02,1
asl_citizen:6365349433650775-ENGAGEMENT,asl_citizen:6365349433650775-ENGAGEMENT,P35,test,GOLD_EXISTING_LEXICAL_OR_SENTENCE,54,54,1,0.9983277916908264,B02,1
asl_citizen:8110867110510334-ENGAGEMENT,asl_citizen:8110867110510334-ENGAGEMENT,P35,test,GOLD_EXISTING_LEXICAL_OR_SENTENCE,54,54,1,0.9683799743652344,B02,1
asl_citizen:4274024278592232-ENGAGEMENT,asl_citizen:4274024278592232-ENGAGEMENT,P42,test,GOLD_EXISTING_LEXICAL_OR_SENTENCE,54,54,1,0.9731728434562683,B02,1
asl_citizen:1964731246660285-ENGAGEMENT,asl_citizen:1964731246660285-ENGAGEMENT,P22,test,GOLD_EXISTING_LEXICAL_OR_SENTENCE,54,54,1,0.9193317294120789,B02,1
asl_citizen:6959082317167715-ENGAGEMENT,asl_citizen:6959082317167715-ENGAGEMENT,P9,test,GOLD_EXISTING_LEXICAL_OR_SENTENCE,54,28,0,0.5703719258308411,B02,1
asl_citizen:20654284295569725-ENGAGEMENT,asl_citizen:20654284295569725-ENGAGEMENT,P15,test,GOLD_EXISTING_LEXICAL_OR_SENTENCE,54,54,1,0.8675298094749451,B02,1
asl_citizen:2675727528631562-ENGAGEMENT,asl_citizen:2675727528631562-ENGAGEMENT,P18,test,GOLD_EXISTING_LEXICAL_OR_SENTENCE,54,54,1,0.9919654130935669,B02,1
asl_citizen:05188174496254283-ENGAGEMENT,asl_citizen:05188174496254283-ENGAGEMENT,P47,test,GOLD_EXISTING_LEXICAL_OR_SENTENCE,54,54,1,0.396769255399704,B02,1
asl_citizen:89691706454057-EVERY NIGHT,asl_citizen:89691706454057-EVERY NIGHT,P15,test,GOLD_EXISTING_LEXICAL_OR_SENTENCE,55,55,1,0.9750801920890808,B02,1
asl_citizen:20245537165714622-EVERY NIGHT,asl_citizen:20245537165714622-EVERY NIGHT,P15,test,GOLD_EXISTING_LEXICAL_OR_SENTENCE,55,55,1,0.9684315323829651,B02,1
asl_citizen:34343499292212565-EVERY NIGHT,asl_citizen:34343499292212565-EVERY NIGHT,P48,test,GOLD_EXISTING_LEXICAL_OR_SENTENCE,55,55,1,0.9703246355056763,B02,1
asl_citizen:2578882900323458-EVERY NIGHT,asl_citizen:2578882900323458-EVERY NIGHT,P42,test,GOLD_EXISTING_LEXICAL_OR_SENTENCE,55,55,1,0.9789626002311707,B02,1
asl_citizen:4951391348030525-EVERY NIGHT,asl_citizen:4951391348030525-EVERY NIGHT,P6,test,GOLD_EXISTING_LEXICAL_OR_SENTENCE,55,6,0,0.6735581755638123,B02,1
asl_citizen:9930137053923829-EVERY NIGHT,asl_citizen:9930137053923829-EVERY NIGHT,P18,test,GOLD_EXISTING_LEXICAL_OR_SENTENCE,55,55,1,0.9871377944946289,B02,1
asl_citizen:40171022700798575-EVERY NIGHT,asl_citizen:40171022700798575-EVERY NIGHT,P49,test,GOLD_EXISTING_LEXICAL_OR_SENTENCE,55,55,1,0.9981606602668762,B02,1
asl_citizen:7110693894309206-EVERY NIGHT,asl_citizen:7110693894309206-EVERY NIGHT,P35,test,GOLD_EXISTING_LEXICAL_OR_SENTENCE,55,55,1,0.9992019534111023,B02,1
asl_citizen:013061639347932363-FALL 2,asl_citizen:013061639347932363-FALL 2,P6,test,GOLD_EXISTING_LEXICAL_OR_SENTENCE,56,125,0,0.43397122621536255,B02,1
asl_citizen:5535373342686922-FALL 2,asl_citizen:5535373342686922-FALL 2,P17,test,GOLD_EXISTING_LEXICAL_OR_SENTENCE,56,101,0,0.5641443729400635,B02,1
asl_citizen:365145500396562-FALL 2,asl_citizen:365145500396562-FALL 2,P22,test,GOLD_EXISTING_LEXICAL_OR_SENTENCE,56,180,0,0.24868252873420715,B02,1
asl_citizen:7473413509149174-FALL 2,asl_citizen:7473413509149174-FALL 2,P18,test,GOLD_EXISTING_LEXICAL_OR_SENTENCE,56,56,1,0.4896535277366638,B02,1
asl_citizen:9878698239353016-FALL 2,asl_citizen:9878698239353016-FALL 2,P47,test,GOLD_EXISTING_LEXICAL_OR_SENTENCE,56,56,1,0.9858119487762451,B02,1
asl_citizen:0304273385488667-FALL 2,asl_citizen:0304273385488667-FALL 2,P42,test,GOLD_EXISTING_LEXICAL_OR_SENTENCE,56,56,1,0.9310975670814514,B02,1
asl_citizen:5673448736549853-FALL 2,asl_citizen:5673448736549853-FALL 2,P18,test,GOLD_EXISTING_LEXICAL_OR_SENTENCE,56,56,1,0.7098661661148071,B02,1
asl_citizen:39275811013827155-FALL 2,asl_citizen:39275811013827155-FALL 2,P9,test,GOLD_EXISTING_LEXICAL_OR_SENTENCE,56,38,0,0.6146389245986938,B02,1
asl_citizen:053306758910197205-FEED,asl_citizen:053306758910197205-FEED,P9,test,GOLD_EXISTING_LEXICAL_OR_SENTENCE,57,57,1,0.9418759346008301,B02,1
asl_citizen:8477968937659044-FEED,asl_citizen:8477968937659044-FEED,P17,test,GOLD_EXISTING_LEXICAL_OR_SENTENCE,57,57,1,0.9917172789573669,B02,1
asl_citizen:7079611008996016-FEED,asl_citizen:7079611008996016-FEED,P47,test,GOLD_EXISTING_LEXICAL_OR_SENTENCE,57,57,1,0.9583471417427063,B02,1
asl_citizen:36160908850471274-FEED,asl_citizen:36160908850471274-FEED,P22,test,GOLD_EXISTING_LEXICAL_OR_SENTENCE,57,57,1,0.9275549054145813,B02,1
asl_citizen:6757072092935772-FEED,asl_citizen:6757072092935772-FEED,P35,test,GOLD_EXISTING_LEXICAL_OR_SENTENCE,57,57,1,0.9968129992485046,B02,1
asl_citizen:8975007156096892-FEED,asl_citizen:8975007156096892-FEED,P18,test,GOLD_EXISTING_LEXICAL_OR_SENTENCE,57,57,1,0.9971018433570862,B02,1
asl_citizen:5868476699386669-FEED,asl_citizen:5868476699386669-FEED,P49,test,GOLD_EXISTING_LEXICAL_OR_SENTENCE,57,108,0,0.5404850840568542,B02,1
asl_citizen:5769158299750059-FEED,asl_citizen:5769158299750059-FEED,P48,test,GOLD_EXISTING_LEXICAL_OR_SENTENCE,57,57,1,0.947216808795929,B02,1
asl_citizen:7550465099881678-FINE,asl_citizen:7550465099881678-FINE,P35,test,GOLD_EXISTING_LEXICAL_OR_SENTENCE,58,58,1,0.9905301928520203,B02,1
asl_citizen:2690912082374577-FINE,asl_citizen:2690912082374577-FINE,P22,test,GOLD_EXISTING_LEXICAL_OR_SENTENCE,58,58,1,0.9897197484970093,B02,1
asl_citizen:5630437733218496-FINE,asl_citizen:5630437733218496-FINE,P9,test,GOLD_EXISTING_LEXICAL_OR_SENTENCE,58,58,1,0.5362845659255981,B02,1
asl_citizen:6759197415113356-FINE,asl_citizen:6759197415113356-FINE,P9,test,GOLD_EXISTING_LEXICAL_OR_SENTENCE,58,177,0,0.5652619004249573,B02,1
asl_citizen:28357839470280455-FINE,asl_citizen:28357839470280455-FINE,P49,test,GOLD_EXISTING_LEXICAL_OR_SENTENCE,58,193,0,0.4180372357368469,B02,1
asl_citizen:3827741794247175-FINE,asl_citizen:3827741794247175-FINE,P6,test,GOLD_EXISTING_LEXICAL_OR_SENTENCE,58,58,1,0.9802783131599426,B02,1
asl_citizen:6478807707974723-FINE,asl_citizen:6478807707974723-FINE,P48,test,GOLD_EXISTING_LEXICAL_OR_SENTENCE,58,177,0,0.8791459202766418,B02,1
asl_citizen:5817524945804566-FINE,asl_citizen:5817524945804566-FINE,P6,test,GOLD_EXISTING_LEXICAL_OR_SENTENCE,58,58,1,0.918350875377655,B02,1
asl_citizen:27058948226409374-FIRST,asl_citizen:27058948226409374-FIRST,P15,test,GOLD_EXISTING_LEXICAL_OR_SENTENCE,59,59,1,0.9495298266410828,B02,1
asl_citizen:12680005272334216-FIRST,asl_citizen:12680005272334216-FIRST,P17,test,GOLD_EXISTING_LEXICAL_OR_SENTENCE,59,59,1,0.9531702399253845,B02,1
asl_citizen:05485678246989911-FIRST,asl_citizen:05485678246989911-FIRST,P18,test,GOLD_EXISTING_LEXICAL_OR_SENTENCE,59,59,1,0.44849827885627747,B02,1
asl_citizen:8882005700954121-FIRST,asl_citizen:8882005700954121-FIRST,P49,test,GOLD_EXISTING_LEXICAL_OR_SENTENCE,59,59,1,0.6488968729972839,B02,1
asl_citizen:20215017790049905-FIRST,asl_citizen:20215017790049905-FIRST,P9,test,GOLD_EXISTING_LEXICAL_OR_SENTENCE,59,59,1,0.7200943827629089,B02,1
asl_citizen:5327639377384075-FIRST,asl_citizen:5327639377384075-FIRST,P47,test,GOLD_EXISTING_LEXICAL_OR_SENTENCE,59,59,1,0.505016565322876,B02,1
asl_citizen:08402785584899775-FIRST,asl_citizen:08402785584899775-FIRST,P6,test,GOLD_EXISTING_LEXICAL_OR_SENTENCE,59,59,1,0.8171078562736511,B02,1
asl_citizen:6715566540875353-FIRST,asl_citizen:6715566540875353-FIRST,P35,test,GOLD_EXISTING_LEXICAL_OR_SENTENCE,59,59,1,0.8063069581985474,B02,1
asl_citizen:1506301246657502-FISH,asl_citizen:1506301246657502-FISH,P18,test,GOLD_EXISTING_LEXICAL_OR_SENTENCE,60,60,1,0.49042603373527527,B02,1
asl_citizen:9064464209078347-FISH,asl_citizen:9064464209078347-FISH,P17,test,GOLD_EXISTING_LEXICAL_OR_SENTENCE,60,64,0,0.2886335551738739,B02,1
asl_citizen:17233504668903432-FISH,asl_citizen:17233504668903432-FISH,P22,test,GOLD_EXISTING_LEXICAL_OR_SENTENCE,60,129,0,0.17605926096439362,B02,1
asl_citizen:2418332359492794-FISH,asl_citizen:2418332359492794-FISH,P47,test,GOLD_EXISTING_LEXICAL_OR_SENTENCE,60,60,1,0.5620065331459045,B02,1
asl_citizen:66049857409442-FISH,asl_citizen:66049857409442-FISH,P49,test,GOLD_EXISTING_LEXICAL_OR_SENTENCE,60,60,1,0.9961112141609192,B02,1
asl_citizen:7247754342826607-FISH,asl_citizen:7247754342826607-FISH,P35,test,GOLD_EXISTING_LEXICAL_OR_SENTENCE,60,60,1,0.846838116645813,B02,1
asl_citizen:28959221812315716-FISH,asl_citizen:28959221812315716-FISH,P48,test,GOLD_EXISTING_LEXICAL_OR_SENTENCE,60,60,1,0.9027991890907288,B02,1
asl_citizen:919853612335557-FISH,asl_citizen:919853612335557-FISH,P9,test,GOLD_EXISTING_LEXICAL_OR_SENTENCE,60,60,1,0.6019469499588013,B02,1
asl_citizen:17137656038206628-FOREVER,asl_citizen:17137656038206628-FOREVER,P35,test,GOLD_EXISTING_LEXICAL_OR_SENTENCE,61,61,1,0.992805540561676,B02,1
asl_citizen:9968577259964209-FOREVER,asl_citizen:9968577259964209-FOREVER,P49,test,GOLD_EXISTING_LEXICAL_OR_SENTENCE,61,61,1,0.38699617981910706,B02,1
asl_citizen:13289926408191-FOREVER,asl_citizen:13289926408191-FOREVER,P22,test,GOLD_EXISTING_LEXICAL_OR_SENTENCE,61,61,1,0.9592139720916748,B02,1
asl_citizen:7580266052871614-FOREVER,asl_citizen:7580266052871614-FOREVER,P22,test,GOLD_EXISTING_LEXICAL_OR_SENTENCE,61,61,1,0.9988692402839661,B02,1
asl_citizen:4397467374717585-FOREVER,asl_citizen:4397467374717585-FOREVER,P48,test,GOLD_EXISTING_LEXICAL_OR_SENTENCE,61,198,0,0.14103610813617706,B02,1
asl_citizen:37151322328326253-FOREVER,asl_citizen:37151322328326253-FOREVER,P18,test,GOLD_EXISTING_LEXICAL_OR_SENTENCE,61,61,1,0.5802307724952698,B02,1
asl_citizen:8619967265724808-FOREVER,asl_citizen:8619967265724808-FOREVER,P17,test,GOLD_EXISTING_LEXICAL_OR_SENTENCE,61,143,0,0.6520411968231201,B02,1
asl_citizen:4594027029867531-FOREVER,asl_citizen:4594027029867531-FOREVER,P15,test,GOLD_EXISTING_LEXICAL_OR_SENTENCE,61,85,0,0.48136094212532043,B02,1
asl_citizen:7636966133764567-FREEDOM,asl_citizen:7636966133764567-FREEDOM,P35,test,GOLD_EXISTING_LEXICAL_OR_SENTENCE,62,62,1,0.9806859493255615,B02,1
asl_citizen:17304854443534334-FREEDOM,asl_citizen:17304854443534334-FREEDOM,P22,test,GOLD_EXISTING_LEXICAL_OR_SENTENCE,62,78,0,0.5053368806838989,B02,1
asl_citizen:4023262425985501-FREEDOM,asl_citizen:4023262425985501-FREEDOM,P17,test,GOLD_EXISTING_LEXICAL_OR_SENTENCE,62,62,1,0.9865329265594482,B02,1
asl_citizen:6174000049197139-FREEDOM,asl_citizen:6174000049197139-FREEDOM,P48,test,GOLD_EXISTING_LEXICAL_OR_SENTENCE,62,62,1,0.9730456471443176,B02,1
asl_citizen:5902457618483048-FREEDOM,asl_citizen:5902457618483048-FREEDOM,P17,test,GOLD_EXISTING_LEXICAL_OR_SENTENCE,62,62,1,0.9816944003105164,B02,1
asl_citizen:008038441759683712-FREEDOM,asl_citizen:008038441759683712-FREEDOM,P47,test,GOLD_EXISTING_LEXICAL_OR_SENTENCE,62,62,1,0.9603118300437927,B02,1
asl_citizen:07485367496929474-FREEDOM,asl_citizen:07485367496929474-FREEDOM,P18,test,GOLD_EXISTING_LEXICAL_OR_SENTENCE,62,62,1,0.5290680527687073,B02,1
asl_citizen:5811721841692274-FREEDOM,asl_citizen:5811721841692274-FREEDOM,P15,test,GOLD_EXISTING_LEXICAL_OR_SENTENCE,62,62,1,0.9446512460708618,B02,1
asl_citizen:1985175620765396-GARAGE,asl_citizen:1985175620765396-GARAGE,P49,test,GOLD_EXISTING_LEXICAL_OR_SENTENCE,63,168,0,0.45800650119781494,B02,1
asl_citizen:46467934926765464-GARAGE,asl_citizen:46467934926765464-GARAGE,P47,test,GOLD_EXISTING_LEXICAL_OR_SENTENCE,63,63,1,0.9938739538192749,B02,1
asl_citizen:6989304329949362-GARAGE,asl_citizen:6989304329949362-GARAGE,P42,test,GOLD_EXISTING_LEXICAL_OR_SENTENCE,63,63,1,0.9897466897964478,B02,1
asl_citizen:6806126158088983-GARAGE,asl_citizen:6806126158088983-GARAGE,P48,test,GOLD_EXISTING_LEXICAL_OR_SENTENCE,63,63,1,0.9649062156677246,B02,1
asl_citizen:40702183093924416-GARAGE,asl_citizen:40702183093924416-GARAGE,P48,test,GOLD_EXISTING_LEXICAL_OR_SENTENCE,63,63,1,0.9958653450012207,B02,1
asl_citizen:8650648900173676-GARAGE,asl_citizen:8650648900173676-GARAGE,P15,test,GOLD_EXISTING_LEXICAL_OR_SENTENCE,63,63,1,0.9993122816085815,B02,1
asl_citizen:857303910466829-GARAGE,asl_citizen:857303910466829-GARAGE,P18,test,GOLD_EXISTING_LEXICAL_OR_SENTENCE,63,63,1,0.9932987093925476,B02,1
asl_citizen:9677772198173906-GARAGE,asl_citizen:9677772198173906-GARAGE,P9,test,GOLD_EXISTING_LEXICAL_OR_SENTENCE,63,63,1,0.9996638298034668,B02,1
asl_citizen:11348339081339809-GATE,asl_citizen:11348339081339809-GATE,P6,test,GOLD_EXISTING_LEXICAL_OR_SENTENCE,64,60,0,0.8097611665725708,B02,1
asl_citizen:2605037361130531-GATE,asl_citizen:2605037361130531-GATE,P9,test,GOLD_EXISTING_LEXICAL_OR_SENTENCE,64,4,0,0.7982019782066345,B02,1
asl_citizen:9874233840463917-GATE,asl_citizen:9874233840463917-GATE,P49,test,GOLD_EXISTING_LEXICAL_OR_SENTENCE,64,60,0,0.36075061559677124,B02,1
asl_citizen:0824129931634554-GATE,asl_citizen:0824129931634554-GATE,P17,test,GOLD_EXISTING_LEXICAL_OR_SENTENCE,64,60,0,0.6257397532463074,B02,1
asl_citizen:9142762122321779-GATE,asl_citizen:9142762122321779-GATE,P48,test,GOLD_EXISTING_LEXICAL_OR_SENTENCE,64,64,1,0.95235276222229,B02,1
asl_citizen:04583581440125073-GATE,asl_citizen:04583581440125073-GATE,P15,test,GOLD_EXISTING_LEXICAL_OR_SENTENCE,64,64,1,0.5819458961486816,B02,1
asl_citizen:10067985618674702-GATE,asl_citizen:10067985618674702-GATE,P42,test,GOLD_EXISTING_LEXICAL_OR_SENTENCE,64,64,1,0.995011568069458,B02,1
asl_citizen:5431975834295533-GATE,asl_citizen:5431975834295533-GATE,P18,test,GOLD_EXISTING_LEXICAL_OR_SENTENCE,64,64,1,0.9956176280975342,B02,1
asl_citizen:5141665255664414-GET IN_BED,asl_citizen:5141665255664414-GET IN_BED,P48,test,GOLD_EXISTING_LEXICAL_OR_SENTENCE,65,65,1,0.9151103496551514,B02,1
asl_citizen:8922404313289523-GET IN_BED,asl_citizen:8922404313289523-GET IN_BED,P49,test,GOLD_EXISTING_LEXICAL_OR_SENTENCE,65,65,1,0.9963889122009277,B02,1
asl_citizen:9234325073491914-GET IN_BED,asl_citizen:9234325073491914-GET IN_BED,P15,test,GOLD_EXISTING_LEXICAL_OR_SENTENCE,65,65,1,0.9555369019508362,B02,1
asl_citizen:9321717903861626-GET IN_BED,asl_citizen:9321717903861626-GET IN_BED,P6,test,GOLD_EXISTING_LEXICAL_OR_SENTENCE,65,50,0,0.879729688167572,B02,1
asl_citizen:27258945352297204-GET IN_BED,asl_citizen:27258945352297204-GET IN_BED,P18,test,GOLD_EXISTING_LEXICAL_OR_SENTENCE,65,65,1,0.9984664916992188,B02,1
asl_citizen:3819033413541153-GET IN_BED,asl_citizen:3819033413541153-GET IN_BED,P17,test,GOLD_EXISTING_LEXICAL_OR_SENTENCE,65,50,0,0.5496876835823059,B02,1
asl_citizen:010781862222170924-GET IN_BED,asl_citizen:010781862222170924-GET IN_BED,P9,test,GOLD_EXISTING_LEXICAL_OR_SENTENCE,65,11,0,0.831826388835907,B02,1
asl_citizen:7181613496767076-GET IN_BED,asl_citizen:7181613496767076-GET IN_BED,P18,test,GOLD_EXISTING_LEXICAL_OR_SENTENCE,65,65,1,0.9227294325828552,B02,1
asl_citizen:1304390584234303-GLASSES,asl_citizen:1304390584234303-GLASSES,P22,test,GOLD_EXISTING_LEXICAL_OR_SENTENCE,66,66,1,0.9918781518936157,B02,1
asl_citizen:41888961802665947-GLASSES,asl_citizen:41888961802665947-GLASSES,P17,test,GOLD_EXISTING_LEXICAL_OR_SENTENCE,66,66,1,0.956030011177063,B02,1
asl_citizen:27056657020780817-GLASSES,asl_citizen:27056657020780817-GLASSES,P15,test,GOLD_EXISTING_LEXICAL_OR_SENTENCE,66,66,1,0.9716770052909851,B02,1
asl_citizen:16116333901512792-GLASSES,asl_citizen:16116333901512792-GLASSES,P6,test,GOLD_EXISTING_LEXICAL_OR_SENTENCE,66,66,1,0.9827280640602112,B02,1
asl_citizen:013476145787178595-GLASSES,asl_citizen:013476145787178595-GLASSES,P42,test,GOLD_EXISTING_LEXICAL_OR_SENTENCE,66,66,1,0.8657500147819519,B02,1
asl_citizen:8543895561492849-GLASSES,asl_citizen:8543895561492849-GLASSES,P35,test,GOLD_EXISTING_LEXICAL_OR_SENTENCE,66,66,1,0.6628077626228333,B02,1
asl_citizen:26442376603169215-GLASSES,asl_citizen:26442376603169215-GLASSES,P9,test,GOLD_EXISTING_LEXICAL_OR_SENTENCE,66,68,0,0.9958370923995972,B02,1
asl_citizen:052491761451185504-GLASSES,asl_citizen:052491761451185504-GLASSES,P49,test,GOLD_EXISTING_LEXICAL_OR_SENTENCE,66,66,1,0.7059752345085144,B02,1
asl_citizen:5479992662177449-GOODY GOODY,asl_citizen:5479992662177449-GOODY GOODY,P15,test,GOLD_EXISTING_LEXICAL_OR_SENTENCE,67,67,1,0.9710727334022522,B02,1
asl_citizen:10875699503744718-GOODY GOODY,asl_citizen:10875699503744718-GOODY GOODY,P48,test,GOLD_EXISTING_LEXICAL_OR_SENTENCE,67,67,1,0.25028857588768005,B02,1
asl_citizen:9105476719221866-GOODY GOODY,asl_citizen:9105476719221866-GOODY GOODY,P49,test,GOLD_EXISTING_LEXICAL_OR_SENTENCE,67,194,0,0.3461512327194214,B02,1
asl_citizen:3321014085136289-GOODY GOODY,asl_citizen:3321014085136289-GOODY GOODY,P18,test,GOLD_EXISTING_LEXICAL_OR_SENTENCE,67,67,1,0.8967711329460144,B02,1
asl_citizen:06435626447582354-GOODY GOODY,asl_citizen:06435626447582354-GOODY GOODY,P49,test,GOLD_EXISTING_LEXICAL_OR_SENTENCE,67,67,1,0.9315417408943176,B02,1
asl_citizen:14950036237990116-GOODY GOODY,asl_citizen:14950036237990116-GOODY GOODY,P9,test,GOLD_EXISTING_LEXICAL_OR_SENTENCE,67,67,1,0.9269468784332275,B02,1
asl_citizen:4097373051748292-GOODY GOODY,asl_citizen:4097373051748292-GOODY GOODY,P42,test,GOLD_EXISTING_LEXICAL_OR_SENTENCE,67,67,1,0.9564964771270752,B02,1
asl_citizen:4656692508464748-GOODY GOODY,asl_citizen:4656692508464748-GOODY GOODY,P22,test,GOLD_EXISTING_LEXICAL_OR_SENTENCE,67,67,1,0.7107478976249695,B02,1
asl_citizen:03740321587125295-GOSSIP,asl_citizen:03740321587125295-GOSSIP,P6,test,GOLD_EXISTING_LEXICAL_OR_SENTENCE,68,68,1,0.9814655780792236,B02,1
asl_citizen:9939971429693508-GOSSIP,asl_citizen:9939971429693508-GOSSIP,P35,test,GOLD_EXISTING_LEXICAL_OR_SENTENCE,68,68,1,0.9762837886810303,B02,1
asl_citizen:5165746037760632-GOSSIP,asl_citizen:5165746037760632-GOSSIP,P18,test,GOLD_EXISTING_LEXICAL_OR_SENTENCE,68,68,1,0.9985130429267883,B02,1
asl_citizen:23172529882044524-GOSSIP,asl_citizen:23172529882044524-GOSSIP,P49,test,GOLD_EXISTING_LEXICAL_OR_SENTENCE,68,68,1,0.8327428698539734,B02,1
asl_citizen:39031509340426895-GOSSIP,asl_citizen:39031509340426895-GOSSIP,P15,test,GOLD_EXISTING_LEXICAL_OR_SENTENCE,68,100,0,0.22620397806167603,B02,1
asl_citizen:19982674343504603-GOSSIP,asl_citizen:19982674343504603-GOSSIP,P22,test,GOLD_EXISTING_LEXICAL_OR_SENTENCE,68,66,0,0.4270285964012146,B02,1
asl_citizen:9146918912613047-GOSSIP,asl_citizen:9146918912613047-GOSSIP,P48,test,GOLD_EXISTING_LEXICAL_OR_SENTENCE,68,66,0,0.7240298986434937,B02,1
asl_citizen:5762063843713603-GOSSIP,asl_citizen:5762063843713603-GOSSIP,P17,test,GOLD_EXISTING_LEXICAL_OR_SENTENCE,68,66,0,0.9124931693077087,B02,1
asl_citizen:37216701137025443-GRADE,asl_citizen:37216701137025443-GRADE,P6,test,GOLD_EXISTING_LEXICAL_OR_SENTENCE,69,69,1,0.6290507316589355,B02,1
asl_citizen:8393962306618334-GRADE,asl_citizen:8393962306618334-GRADE,P47,test,GOLD_EXISTING_LEXICAL_OR_SENTENCE,69,69,1,0.9819559454917908,B02,1
asl_citizen:33207404197369694-GRADE,asl_citizen:33207404197369694-GRADE,P48,test,GOLD_EXISTING_LEXICAL_OR_SENTENCE,69,69,1,0.9683470129966736,B02,1
asl_citizen:7579612818665484-GRADE,asl_citizen:7579612818665484-GRADE,P17,test,GOLD_EXISTING_LEXICAL_OR_SENTENCE,69,136,0,0.3472675085067749,B02,1
asl_citizen:794574458045535-GRADE,asl_citizen:794574458045535-GRADE,P15,test,GOLD_EXISTING_LEXICAL_OR_SENTENCE,69,69,1,0.9774295091629028,B02,1
asl_citizen:4345736314857702-GRADE,asl_citizen:4345736314857702-GRADE,P9,test,GOLD_EXISTING_LEXICAL_OR_SENTENCE,69,69,1,0.8142581582069397,B02,1
asl_citizen:5444393473662237-GRADE,asl_citizen:5444393473662237-GRADE,P22,test,GOLD_EXISTING_LEXICAL_OR_SENTENCE,69,69,1,0.9945672750473022,B02,1
asl_citizen:3393909896612719-GRADE,asl_citizen:3393909896612719-GRADE,P6,test,GOLD_EXISTING_LEXICAL_OR_SENTENCE,69,177,0,0.4525396525859833,B02,1
asl_citizen:4263603161819096-GREEN,asl_citizen:4263603161819096-GREEN,P6,test,GOLD_EXISTING_LEXICAL_OR_SENTENCE,70,70,1,0.9302026033401489,B02,1
asl_citizen:8521113894614278-GREEN,asl_citizen:8521113894614278-GREEN,P42,test,GOLD_EXISTING_LEXICAL_OR_SENTENCE,70,70,1,0.9982325434684753,B02,1
asl_citizen:5276371337374621-GREEN,asl_citizen:5276371337374621-GREEN,P35,test,GOLD_EXISTING_LEXICAL_OR_SENTENCE,70,70,1,0.9995597004890442,B02,1
asl_citizen:7135369459309966-GREEN,asl_citizen:7135369459309966-GREEN,P47,test,GOLD_EXISTING_LEXICAL_OR_SENTENCE,70,70,1,0.9924653768539429,B02,1
asl_citizen:423338670903896-GREEN,asl_citizen:423338670903896-GREEN,P15,test,GOLD_EXISTING_LEXICAL_OR_SENTENCE,70,70,1,0.9161654710769653,B02,1
asl_citizen:1675036978582043-GREEN,asl_citizen:1675036978582043-GREEN,P18,test,GOLD_EXISTING_LEXICAL_OR_SENTENCE,70,70,1,0.9689186811447144,B02,1
asl_citizen:38510356895492914-GREEN,asl_citizen:38510356895492914-GREEN,P18,test,GOLD_EXISTING_LEXICAL_OR_SENTENCE,70,70,1,0.9464460611343384,B02,1
asl_citizen:8772249335735898-GREEN,asl_citizen:8772249335735898-GREEN,P9,test,GOLD_EXISTING_LEXICAL_OR_SENTENCE,70,70,1,0.9631673693656921,B02,1
asl_citizen:5820875139386561-GUESS,asl_citizen:5820875139386561-GUESS,P22,test,GOLD_EXISTING_LEXICAL_OR_SENTENCE,71,71,1,0.7976468801498413,B02,1
asl_citizen:5218419103318646-GUESS,asl_citizen:5218419103318646-GUESS,P9,test,GOLD_EXISTING_LEXICAL_OR_SENTENCE,71,71,1,0.7768051624298096,B02,1
asl_citizen:7900570521805592-GUESS,asl_citizen:7900570521805592-GUESS,P48,test,GOLD_EXISTING_LEXICAL_OR_SENTENCE,71,71,1,0.9405816197395325,B02,1
asl_citizen:01603320772096839-GUESS,asl_citizen:01603320772096839-GUESS,P42,test,GOLD_EXISTING_LEXICAL_OR_SENTENCE,71,71,1,0.8781273365020752,B02,1
asl_citizen:8333184919350309-GUESS,asl_citizen:8333184919350309-GUESS,P18,test,GOLD_EXISTING_LEXICAL_OR_SENTENCE,71,71,1,0.9379611611366272,B02,1
asl_citizen:09844516715257434-GUESS,asl_citizen:09844516715257434-GUESS,P6,test,GOLD_EXISTING_LEXICAL_OR_SENTENCE,71,71,1,0.6452814340591431,B02,1
asl_citizen:6568942384866152-GUESS,asl_citizen:6568942384866152-GUESS,P6,test,GOLD_EXISTING_LEXICAL_OR_SENTENCE,71,71,1,0.5595105886459351,B02,1
asl_citizen:25323376667781083-GUESS,asl_citizen:25323376667781083-GUESS,P49,test,GOLD_EXISTING_LEXICAL_OR_SENTENCE,71,71,1,0.7697818279266357,B02,1
asl_citizen:6741347999864296-HAIRDRYER 2,asl_citizen:6741347999864296-HAIRDRYER 2,P49,test,GOLD_EXISTING_LEXICAL_OR_SENTENCE,72,158,0,0.6703135371208191,B02,1
asl_citizen:32498447351551696-HAIRDRYER 2,asl_citizen:32498447351551696-HAIRDRYER 2,P9,test,GOLD_EXISTING_LEXICAL_OR_SENTENCE,72,72,1,0.5208268761634827,B02,1
asl_citizen:6224497800300419-HAIRDRYER 2,asl_citizen:6224497800300419-HAIRDRYER 2,P42,test,GOLD_EXISTING_LEXICAL_OR_SENTENCE,72,72,1,0.773245096206665,B02,1
asl_citizen:4243976120313342-HAIRDRYER 2,asl_citizen:4243976120313342-HAIRDRYER 2,P17,test,GOLD_EXISTING_LEXICAL_OR_SENTENCE,72,72,1,0.8600674867630005,B02,1
asl_citizen:8109692495230645-HAIRDRYER 2,asl_citizen:8109692495230645-HAIRDRYER 2,P49,test,GOLD_EXISTING_LEXICAL_OR_SENTENCE,72,158,0,0.7200517058372498,B02,1
asl_citizen:9575492904668972-HAIRDRYER 2,asl_citizen:9575492904668972-HAIRDRYER 2,P48,test,GOLD_EXISTING_LEXICAL_OR_SENTENCE,72,72,1,0.9853846430778503,B02,1
asl_citizen:34183922704746017-HAIRDRYER 2,asl_citizen:34183922704746017-HAIRDRYER 2,P47,test,GOLD_EXISTING_LEXICAL_OR_SENTENCE,72,72,1,0.953973650932312,B02,1
asl_citizen:6558978753678653-HAIRDRYER 2,asl_citizen:6558978753678653-HAIRDRYER 2,P15,test,GOLD_EXISTING_LEXICAL_OR_SENTENCE,72,72,1,0.9250319600105286,B02,1
asl_citizen:32098923929264234-HAT,asl_citizen:32098923929264234-HAT,P35,test,GOLD_EXISTING_LEXICAL_OR_SENTENCE,73,73,1,0.999860405921936,B02,1
asl_citizen:9985415930780313-HAT,asl_citizen:9985415930780313-HAT,P15,test,GOLD_EXISTING_LEXICAL_OR_SENTENCE,73,73,1,0.9991065859794617,B02,1
asl_citizen:3036564121487382-HAT,asl_citizen:3036564121487382-HAT,P35,test,GOLD_EXISTING_LEXICAL_OR_SENTENCE,73,73,1,0.9997054934501648,B02,1
asl_citizen:8846398393301413-HAT,asl_citizen:8846398393301413-HAT,P6,test,GOLD_EXISTING_LEXICAL_OR_SENTENCE,73,173,0,0.5859929323196411,B02,1
asl_citizen:046600423860213125-HAT,asl_citizen:046600423860213125-HAT,P48,test,GOLD_EXISTING_LEXICAL_OR_SENTENCE,73,173,0,0.5490421652793884,B02,1
asl_citizen:5533326468754092-HAT,asl_citizen:5533326468754092-HAT,P49,test,GOLD_EXISTING_LEXICAL_OR_SENTENCE,73,178,0,0.3373054265975952,B02,1
asl_citizen:26813077364981597-HAT,asl_citizen:26813077364981597-HAT,P18,test,GOLD_EXISTING_LEXICAL_OR_SENTENCE,73,73,1,0.9954303503036499,B02,1
asl_citizen:6607991092996168-HAT,asl_citizen:6607991092996168-HAT,P22,test,GOLD_EXISTING_LEXICAL_OR_SENTENCE,73,173,0,0.8084898591041565,B02,1
asl_citizen:67900573933741-HEAR 1,asl_citizen:67900573933741-HEAR 1,P35,test,GOLD_EXISTING_LEXICAL_OR_SENTENCE,74,74,1,0.5434337854385376,B02,1
asl_citizen:9311193287262545-HEAR 1,asl_citizen:9311193287262545-HEAR 1,P15,test,GOLD_EXISTING_LEXICAL_OR_SENTENCE,74,74,1,0.5927560925483704,B02,1
asl_citizen:7966385870123283-HEAR 1,asl_citizen:7966385870123283-HEAR 1,P49,test,GOLD_EXISTING_LEXICAL_OR_SENTENCE,74,42,0,0.38175415992736816,B02,1
asl_citizen:7364131161995371-HEAR 1,asl_citizen:7364131161995371-HEAR 1,P48,test,GOLD_EXISTING_LEXICAL_OR_SENTENCE,74,112,0,0.25659188628196716,B02,1
asl_citizen:5311560559975703-HEAR 1,asl_citizen:5311560559975703-HEAR 1,P22,test,GOLD_EXISTING_LEXICAL_OR_SENTENCE,74,74,1,0.981866180896759,B02,1
asl_citizen:35682230845078644-HEAR 1,asl_citizen:35682230845078644-HEAR 1,P9,test,GOLD_EXISTING_LEXICAL_OR_SENTENCE,74,74,1,0.98509281873703,B02,1
asl_citizen:6954820762135137-HEAR 1,asl_citizen:6954820762135137-HEAR 1,P6,test,GOLD_EXISTING_LEXICAL_OR_SENTENCE,74,99,0,0.9202715158462524,B02,1
asl_citizen:761663678321769-HEAR 1,asl_citizen:761663678321769-HEAR 1,P47,test,GOLD_EXISTING_LEXICAL_OR_SENTENCE,74,111,0,0.4972769618034363,B02,1
asl_citizen:8082964374782353-HIGH,asl_citizen:8082964374782353-HIGH,P47,test,GOLD_EXISTING_LEXICAL_OR_SENTENCE,75,75,1,0.9914472103118896,B02,1
asl_citizen:019405526867787515-HIGH,asl_citizen:019405526867787515-HIGH,P6,test,GOLD_EXISTING_LEXICAL_OR_SENTENCE,75,75,1,0.9714009761810303,B02,1
asl_citizen:36696306461242334-HIGH,asl_citizen:36696306461242334-HIGH,P42,test,GOLD_EXISTING_LEXICAL_OR_SENTENCE,75,56,0,0.23684488236904144,B02,1
asl_citizen:03746782380974456-HIGH,asl_citizen:03746782380974456-HIGH,P9,test,GOLD_EXISTING_LEXICAL_OR_SENTENCE,75,75,1,0.9994705319404602,B02,1
asl_citizen:2330547622390684-HIGH,asl_citizen:2330547622390684-HIGH,P15,test,GOLD_EXISTING_LEXICAL_OR_SENTENCE,75,75,1,0.9985746145248413,B02,1
asl_citizen:7440067813913971-HIGH,asl_citizen:7440067813913971-HIGH,P17,test,GOLD_EXISTING_LEXICAL_OR_SENTENCE,75,101,0,0.4442124366760254,B02,1
asl_citizen:8048026569943465-HIGH,asl_citizen:8048026569943465-HIGH,P22,test,GOLD_EXISTING_LEXICAL_OR_SENTENCE,75,75,1,0.9755300283432007,B02,1
asl_citizen:788612698571016-HIGH,asl_citizen:788612698571016-HIGH,P49,test,GOLD_EXISTING_LEXICAL_OR_SENTENCE,75,75,1,0.7461278438568115,B02,1
asl_citizen:676739603328083-HOME,asl_citizen:676739603328083-HOME,P35,test,GOLD_EXISTING_LEXICAL_OR_SENTENCE,76,76,1,0.9747570157051086,B02,1
asl_citizen:6867078000301718-HOME,asl_citizen:6867078000301718-HOME,P15,test,GOLD_EXISTING_LEXICAL_OR_SENTENCE,76,171,0,0.5472351312637329,B02,1
asl_citizen:12817656792505772-HOME,asl_citizen:12817656792505772-HOME,P6,test,GOLD_EXISTING_LEXICAL_OR_SENTENCE,76,160,0,0.7080197930335999,B02,1
asl_citizen:5902741029270153-HOME,asl_citizen:5902741029270153-HOME,P22,test,GOLD_EXISTING_LEXICAL_OR_SENTENCE,76,76,1,0.9579318165779114,B02,1
asl_citizen:15614531692180766-HOME,asl_citizen:15614531692180766-HOME,P47,test,GOLD_EXISTING_LEXICAL_OR_SENTENCE,76,76,1,0.9737375974655151,B02,1
asl_citizen:2819168857196481-HOME,asl_citizen:2819168857196481-HOME,P49,test,GOLD_EXISTING_LEXICAL_OR_SENTENCE,76,76,1,0.5167515277862549,B02,1
asl_citizen:07893945056302032-HOME,asl_citizen:07893945056302032-HOME,P35,test,GOLD_EXISTING_LEXICAL_OR_SENTENCE,76,76,1,0.9589688777923584,B02,1
asl_citizen:8251121237297434-HOME,asl_citizen:8251121237297434-HOME,P17,test,GOLD_EXISTING_LEXICAL_OR_SENTENCE,76,76,1,0.9849578142166138,B02,1
asl_citizen:11775239102850565-HONEST,asl_citizen:11775239102850565-HONEST,P6,test,GOLD_EXISTING_LEXICAL_OR_SENTENCE,77,77,1,0.6380473971366882,B02,1
asl_citizen:9427860399005261-HONEST,asl_citizen:9427860399005261-HONEST,P35,test,GOLD_EXISTING_LEXICAL_OR_SENTENCE,77,77,1,0.9997372031211853,B02,1
asl_citizen:336316703924449-HONEST,asl_citizen:336316703924449-HONEST,P17,test,GOLD_EXISTING_LEXICAL_OR_SENTENCE,77,10,0,0.48508355021476746,B02,1
asl_citizen:24622145055242983-HONEST,asl_citizen:24622145055242983-HONEST,P49,test,GOLD_EXISTING_LEXICAL_OR_SENTENCE,77,77,1,0.9997245669364929,B02,1
asl_citizen:744556653605045-HONEST,asl_citizen:744556653605045-HONEST,P9,test,GOLD_EXISTING_LEXICAL_OR_SENTENCE,77,77,1,0.9766284823417664,B02,1
asl_citizen:021273201795612096-HONEST,asl_citizen:021273201795612096-HONEST,P42,test,GOLD_EXISTING_LEXICAL_OR_SENTENCE,77,77,1,0.9982666969299316,B02,1
asl_citizen:6755699533521777-HONEST,asl_citizen:6755699533521777-HONEST,P47,test,GOLD_EXISTING_LEXICAL_OR_SENTENCE,77,77,1,0.9983214735984802,B02,1
asl_citizen:8123638080996338-HONEST,asl_citizen:8123638080996338-HONEST,P22,test,GOLD_EXISTING_LEXICAL_OR_SENTENCE,77,141,0,0.4136047661304474,B02,1
asl_citizen:25551104180574113-HOOD,asl_citizen:25551104180574113-HOOD,P6,test,GOLD_EXISTING_LEXICAL_OR_SENTENCE,78,78,1,0.9747092723846436,B02,1
asl_citizen:8976000945964357-HOOD,asl_citizen:8976000945964357-HOOD,P47,test,GOLD_EXISTING_LEXICAL_OR_SENTENCE,78,78,1,0.9695516228675842,B02,1
asl_citizen:9263285575710896-HOOD,asl_citizen:9263285575710896-HOOD,P35,test,GOLD_EXISTING_LEXICAL_OR_SENTENCE,78,78,1,0.9539763927459717,B02,1
asl_citizen:1583359273533682-HOOD,asl_citizen:1583359273533682-HOOD,P48,test,GOLD_EXISTING_LEXICAL_OR_SENTENCE,78,78,1,0.9700188040733337,B02,1
asl_citizen:8155034004201016-HOOD,asl_citizen:8155034004201016-HOOD,P18,test,GOLD_EXISTING_LEXICAL_OR_SENTENCE,78,78,1,0.9978925585746765,B02,1
asl_citizen:5571272464622639-HOOD,asl_citizen:5571272464622639-HOOD,P22,test,GOLD_EXISTING_LEXICAL_OR_SENTENCE,78,78,1,0.9980564117431641,B02,1
asl_citizen:07922469608639848-HOOD,asl_citizen:07922469608639848-HOOD,P49,test,GOLD_EXISTING_LEXICAL_OR_SENTENCE,78,158,0,0.7922210097312927,B02,1
asl_citizen:15598900251707315-HOOD,asl_citizen:15598900251707315-HOOD,P15,test,GOLD_EXISTING_LEXICAL_OR_SENTENCE,78,78,1,0.9827175736427307,B02,1
asl_citizen:2692742482574726-HORSE,asl_citizen:2692742482574726-HORSE,P15,test,GOLD_EXISTING_LEXICAL_OR_SENTENCE,79,79,1,0.9844487905502319,B02,1
asl_citizen:5789807599290535-HORSE,asl_citizen:5789807599290535-HORSE,P17,test,GOLD_EXISTING_LEXICAL_OR_SENTENCE,79,79,1,0.6216373443603516,B02,1
asl_citizen:5727026839535156-HORSE,asl_citizen:5727026839535156-HORSE,P42,test,GOLD_EXISTING_LEXICAL_OR_SENTENCE,79,79,1,0.7049127221107483,B02,1
asl_citizen:8313814355209994-HORSE,asl_citizen:8313814355209994-HORSE,P6,test,GOLD_EXISTING_LEXICAL_OR_SENTENCE,79,79,1,0.6373100876808167,B02,1
asl_citizen:8098690736190246-HORSE,asl_citizen:8098690736190246-HORSE,P49,test,GOLD_EXISTING_LEXICAL_OR_SENTENCE,79,79,1,0.6625974774360657,B02,1
asl_citizen:14665061348656794-HORSE,asl_citizen:14665061348656794-HORSE,P22,test,GOLD_EXISTING_LEXICAL_OR_SENTENCE,79,139,0,0.5030651092529297,B02,1
asl_citizen:42530790061664225-HORSE,asl_citizen:42530790061664225-HORSE,P47,test,GOLD_EXISTING_LEXICAL_OR_SENTENCE,79,79,1,0.9936763644218445,B02,1
asl_citizen:19343478371779788-HORSE,asl_citizen:19343478371779788-HORSE,P9,test,GOLD_EXISTING_LEXICAL_OR_SENTENCE,79,79,1,0.9944888353347778,B02,1
asl_citizen:4378009582630418-HOSE,asl_citizen:4378009582630418-HOSE,P22,test,GOLD_EXISTING_LEXICAL_OR_SENTENCE,80,80,1,0.9995726943016052,B02,1
asl_citizen:5600046219533195-HOSE,asl_citizen:5600046219533195-HOSE,P48,test,GOLD_EXISTING_LEXICAL_OR_SENTENCE,80,152,0,0.8133764266967773,B02,1
asl_citizen:03730057138427045-HOSE,asl_citizen:03730057138427045-HOSE,P9,test,GOLD_EXISTING_LEXICAL_OR_SENTENCE,80,80,1,0.7780963778495789,B02,1
asl_citizen:49966105955096474-HOSE,asl_citizen:49966105955096474-HOSE,P6,test,GOLD_EXISTING_LEXICAL_OR_SENTENCE,80,158,0,0.8485345840454102,B02,1
asl_citizen:9065687854124962-HOSE,asl_citizen:9065687854124962-HOSE,P47,test,GOLD_EXISTING_LEXICAL_OR_SENTENCE,80,80,1,0.96626216173172,B02,1
asl_citizen:31411278908677875-HOSE,asl_citizen:31411278908677875-HOSE,P49,test,GOLD_EXISTING_LEXICAL_OR_SENTENCE,80,80,1,0.9902179837226868,B02,1
asl_citizen:1499128629430715-HOSE,asl_citizen:1499128629430715-HOSE,P17,test,GOLD_EXISTING_LEXICAL_OR_SENTENCE,80,54,0,0.5177181363105774,B02,1
asl_citizen:15710227548781797-HOSE,asl_citizen:15710227548781797-HOSE,P15,test,GOLD_EXISTING_LEXICAL_OR_SENTENCE,80,80,1,0.9783810973167419,B02,1
asl_citizen:7309019208035838-HOT COMPETITION,asl_citizen:7309019208035838-HOT COMPETITION,P35,test,GOLD_EXISTING_LEXICAL_OR_SENTENCE,81,132,0,0.3130207657814026,B02,1
asl_citizen:008593165538921532-HOT COMPETITION,asl_citizen:008593165538921532-HOT COMPETITION,P47,test,GOLD_EXISTING_LEXICAL_OR_SENTENCE,81,81,1,0.9971814155578613,B02,1
asl_citizen:5326123026269636-HOT COMPETITION,asl_citizen:5326123026269636-HOT COMPETITION,P9,test,GOLD_EXISTING_LEXICAL_OR_SENTENCE,81,81,1,0.9123960733413696,B02,1
asl_citizen:056793841861314975-HOT COMPETITION,asl_citizen:056793841861314975-HOT COMPETITION,P18,test,GOLD_EXISTING_LEXICAL_OR_SENTENCE,81,81,1,0.6548309922218323,B02,1
asl_citizen:9308334069107502-HOT COMPETITION,asl_citizen:9308334069107502-HOT COMPETITION,P48,test,GOLD_EXISTING_LEXICAL_OR_SENTENCE,81,81,1,0.9094440937042236,B02,1
asl_citizen:42753123857435216-HOT COMPETITION,asl_citizen:42753123857435216-HOT COMPETITION,P17,test,GOLD_EXISTING_LEXICAL_OR_SENTENCE,81,81,1,0.9869557619094849,B02,1
asl_citizen:6680394676994672-HOT COMPETITION,asl_citizen:6680394676994672-HOT COMPETITION,P49,test,GOLD_EXISTING_LEXICAL_OR_SENTENCE,81,81,1,0.5133770704269409,B02,1
asl_citizen:7248111191514559-HOT COMPETITION,asl_citizen:7248111191514559-HOT COMPETITION,P49,test,GOLD_EXISTING_LEXICAL_OR_SENTENCE,81,81,1,0.9786348342895508,B02,1
asl_citizen:9838705366556413-HOUR,asl_citizen:9838705366556413-HOUR,P9,test,GOLD_EXISTING_LEXICAL_OR_SENTENCE,82,95,0,0.15336750447750092,B02,1
asl_citizen:23859553321528004-HOUR,asl_citizen:23859553321528004-HOUR,P6,test,GOLD_EXISTING_LEXICAL_OR_SENTENCE,82,95,0,0.5808776021003723,B02,1
asl_citizen:5161657443452838-HOUR,asl_citizen:5161657443452838-HOUR,P48,test,GOLD_EXISTING_LEXICAL_OR_SENTENCE,82,82,1,0.9043187499046326,B02,1
asl_citizen:2617780282048199-HOUR,asl_citizen:2617780282048199-HOUR,P15,test,GOLD_EXISTING_LEXICAL_OR_SENTENCE,82,82,1,0.9985097050666809,B02,1
asl_citizen:6246295603567458-HOUR,asl_citizen:6246295603567458-HOUR,P35,test,GOLD_EXISTING_LEXICAL_OR_SENTENCE,82,82,1,0.9920599460601807,B02,1
asl_citizen:13124271472652205-HOUR,asl_citizen:13124271472652205-HOUR,P49,test,GOLD_EXISTING_LEXICAL_OR_SENTENCE,82,82,1,0.9960571527481079,B02,1
asl_citizen:9190739293672041-HOUR,asl_citizen:9190739293672041-HOUR,P42,test,GOLD_EXISTING_LEXICAL_OR_SENTENCE,82,82,1,0.9993150234222412,B02,1
asl_citizen:2967497671012651-HOUR,asl_citizen:2967497671012651-HOUR,P15,test,GOLD_EXISTING_LEXICAL_OR_SENTENCE,82,82,1,0.9987620115280151,B02,1
asl_citizen:6119825081396184-HOW,asl_citizen:6119825081396184-HOW,P9,test,GOLD_EXISTING_LEXICAL_OR_SENTENCE,83,83,1,0.5318413972854614,B02,1
asl_citizen:3976156540390696-HOW,asl_citizen:3976156540390696-HOW,P6,test,GOLD_EXISTING_LEXICAL_OR_SENTENCE,83,83,1,0.6250744462013245,B02,1
asl_citizen:670019265660998-HOW,asl_citizen:670019265660998-HOW,P15,test,GOLD_EXISTING_LEXICAL_OR_SENTENCE,83,81,0,0.9493585228919983,B02,1
asl_citizen:25388875174562653-HOW,asl_citizen:25388875174562653-HOW,P35,test,GOLD_EXISTING_LEXICAL_OR_SENTENCE,83,83,1,0.9935548901557922,B02,1
asl_citizen:12045635816655964-HOW,asl_citizen:12045635816655964-HOW,P22,test,GOLD_EXISTING_LEXICAL_OR_SENTENCE,83,83,1,0.9679838418960571,B02,1
asl_citizen:8032623168123776-HOW,asl_citizen:8032623168123776-HOW,P48,test,GOLD_EXISTING_LEXICAL_OR_SENTENCE,83,83,1,0.9741581082344055,B02,1
asl_citizen:9935032342175718-HOW,asl_citizen:9935032342175718-HOW,P18,test,GOLD_EXISTING_LEXICAL_OR_SENTENCE,83,83,1,0.7610858678817749,B02,1
asl_citizen:06437354909692172-HOW,asl_citizen:06437354909692172-HOW,P47,test,GOLD_EXISTING_LEXICAL_OR_SENTENCE,83,83,1,0.9973605275154114,B02,1
asl_citizen:9175029534932002-IDEA,asl_citizen:9175029534932002-IDEA,P42,test,GOLD_EXISTING_LEXICAL_OR_SENTENCE,84,84,1,0.9899618625640869,B02,1
asl_citizen:39832665158284586-IDEA,asl_citizen:39832665158284586-IDEA,P9,test,GOLD_EXISTING_LEXICAL_OR_SENTENCE,84,84,1,0.9966638684272766,B02,1
asl_citizen:05896609052960833-IDEA,asl_citizen:05896609052960833-IDEA,P35,test,GOLD_EXISTING_LEXICAL_OR_SENTENCE,84,84,1,0.9995372295379639,B02,1
asl_citizen:012630206816134137-IDEA,asl_citizen:012630206816134137-IDEA,P47,test,GOLD_EXISTING_LEXICAL_OR_SENTENCE,84,84,1,0.6000135540962219,B02,1
asl_citizen:14252290148381364-IDEA,asl_citizen:14252290148381364-IDEA,P18,test,GOLD_EXISTING_LEXICAL_OR_SENTENCE,84,84,1,0.9900516867637634,B02,1
asl_citizen:8650018253260388-IDEA,asl_citizen:8650018253260388-IDEA,P17,test,GOLD_EXISTING_LEXICAL_OR_SENTENCE,84,84,1,0.9008002877235413,B02,1
asl_citizen:5478752453847953-IDEA,asl_citizen:5478752453847953-IDEA,P15,test,GOLD_EXISTING_LEXICAL_OR_SENTENCE,84,84,1,0.9977558255195618,B02,1
asl_citizen:6696951439312999-IDEA,asl_citizen:6696951439312999-IDEA,P22,test,GOLD_EXISTING_LEXICAL_OR_SENTENCE,84,84,1,0.9694632887840271,B02,1
asl_citizen:6557459030517943-I LOVE_YOU,asl_citizen:6557459030517943-I LOVE_YOU,P17,test,GOLD_EXISTING_LEXICAL_OR_SENTENCE,85,85,1,0.7631751894950867,B02,1
asl_citizen:9907335846979228-I LOVE_YOU,asl_citizen:9907335846979228-I LOVE_YOU,P9,test,GOLD_EXISTING_LEXICAL_OR_SENTENCE,85,85,1,0.9976297616958618,B02,1
asl_citizen:34490682580511267-I LOVE_YOU,asl_citizen:34490682580511267-I LOVE_YOU,P42,test,GOLD_EXISTING_LEXICAL_OR_SENTENCE,85,85,1,0.9639192819595337,B02,1
asl_citizen:8849753275378287-I LOVE_YOU,asl_citizen:8849753275378287-I LOVE_YOU,P18,test,GOLD_EXISTING_LEXICAL_OR_SENTENCE,85,85,1,0.9934398531913757,B02,1
asl_citizen:7493890316618326-I LOVE_YOU,asl_citizen:7493890316618326-I LOVE_YOU,P15,test,GOLD_EXISTING_LEXICAL_OR_SENTENCE,85,85,1,0.9839667677879333,B02,1
asl_citizen:08874443399142495-I LOVE_YOU,asl_citizen:08874443399142495-I LOVE_YOU,P6,test,GOLD_EXISTING_LEXICAL_OR_SENTENCE,85,85,1,0.7781836986541748,B02,1
asl_citizen:5826688362186219-I LOVE_YOU,asl_citizen:5826688362186219-I LOVE_YOU,P48,test,GOLD_EXISTING_LEXICAL_OR_SENTENCE,85,85,1,0.8908769488334656,B02,1
asl_citizen:7639904302705367-I LOVE_YOU,asl_citizen:7639904302705367-I LOVE_YOU,P22,test,GOLD_EXISTING_LEXICAL_OR_SENTENCE,85,85,1,0.9923561811447144,B02,1
asl_citizen:3463705826519745-INTEREST,asl_citizen:3463705826519745-INTEREST,P18,test,GOLD_EXISTING_LEXICAL_OR_SENTENCE,86,86,1,0.9948170781135559,B02,1
asl_citizen:38052402121060425-INTEREST,asl_citizen:38052402121060425-INTEREST,P9,test,GOLD_EXISTING_LEXICAL_OR_SENTENCE,86,7,0,0.27995020151138306,B02,1
asl_citizen:8023619855424482-INTEREST,asl_citizen:8023619855424482-INTEREST,P15,test,GOLD_EXISTING_LEXICAL_OR_SENTENCE,86,86,1,0.9834066033363342,B02,1
asl_citizen:8116297240291286-INTEREST,asl_citizen:8116297240291286-INTEREST,P35,test,GOLD_EXISTING_LEXICAL_OR_SENTENCE,86,86,1,0.9734881520271301,B02,1
asl_citizen:7796514898484361-INTEREST,asl_citizen:7796514898484361-INTEREST,P48,test,GOLD_EXISTING_LEXICAL_OR_SENTENCE,86,86,1,0.9696424007415771,B02,1
asl_citizen:36812439575962763-INTEREST,asl_citizen:36812439575962763-INTEREST,P35,test,GOLD_EXISTING_LEXICAL_OR_SENTENCE,86,86,1,0.9864200949668884,B02,1
asl_citizen:9875372584872615-INTEREST,asl_citizen:9875372584872615-INTEREST,P17,test,GOLD_EXISTING_LEXICAL_OR_SENTENCE,86,86,1,0.36652326583862305,B02,1
asl_citizen:9844100730450818-INTEREST,asl_citizen:9844100730450818-INTEREST,P49,test,GOLD_EXISTING_LEXICAL_OR_SENTENCE,86,86,1,0.6412579417228699,B02,1
asl_citizen:10261467643150368-JOIN,asl_citizen:10261467643150368-JOIN,P18,test,GOLD_EXISTING_LEXICAL_OR_SENTENCE,87,87,1,0.5658532977104187,B02,1
asl_citizen:3326476870060395-JOIN,asl_citizen:3326476870060395-JOIN,P22,test,GOLD_EXISTING_LEXICAL_OR_SENTENCE,87,87,1,0.4803822636604309,B02,1
asl_citizen:4441345550988667-JOIN,asl_citizen:4441345550988667-JOIN,P47,test,GOLD_EXISTING_LEXICAL_OR_SENTENCE,87,87,1,0.9431713223457336,B02,1
asl_citizen:1174592625933808-JOIN,asl_citizen:1174592625933808-JOIN,P15,test,GOLD_EXISTING_LEXICAL_OR_SENTENCE,87,87,1,0.9657043218612671,B02,1
asl_citizen:4761719915092386-JOIN,asl_citizen:4761719915092386-JOIN,P35,test,GOLD_EXISTING_LEXICAL_OR_SENTENCE,87,87,1,0.9944397211074829,B02,1
asl_citizen:45140722148508927-JOIN,asl_citizen:45140722148508927-JOIN,P9,test,GOLD_EXISTING_LEXICAL_OR_SENTENCE,87,177,0,0.23469117283821106,B02,1
asl_citizen:8210590206040755-JOIN,asl_citizen:8210590206040755-JOIN,P17,test,GOLD_EXISTING_LEXICAL_OR_SENTENCE,87,178,0,0.3765079081058502,B02,1
asl_citizen:41616634478859305-JOIN,asl_citizen:41616634478859305-JOIN,P48,test,GOLD_EXISTING_LEXICAL_OR_SENTENCE,87,87,1,0.9722921252250671,B02,1
asl_citizen:6999554349676462-KANGAROO 2,asl_citizen:6999554349676462-KANGAROO 2,P47,test,GOLD_EXISTING_LEXICAL_OR_SENTENCE,88,88,1,0.9474375247955322,B02,1
asl_citizen:6912740108616413-KANGAROO 2,asl_citizen:6912740108616413-KANGAROO 2,P47,test,GOLD_EXISTING_LEXICAL_OR_SENTENCE,88,88,1,0.9920201897621155,B02,1
asl_citizen:7038656360784132-KANGAROO 2,asl_citizen:7038656360784132-KANGAROO 2,P17,test,GOLD_EXISTING_LEXICAL_OR_SENTENCE,88,12,0,0.5780785083770752,B02,1
asl_citizen:02773029522559667-KANGAROO 2,asl_citizen:02773029522559667-KANGAROO 2,P18,test,GOLD_EXISTING_LEXICAL_OR_SENTENCE,88,88,1,0.9808163046836853,B02,1
asl_citizen:7278557369974619-KANGAROO 2,asl_citizen:7278557369974619-KANGAROO 2,P48,test,GOLD_EXISTING_LEXICAL_OR_SENTENCE,88,88,1,0.9841901659965515,B02,1
asl_citizen:34090409563989277-KANGAROO 2,asl_citizen:34090409563989277-KANGAROO 2,P42,test,GOLD_EXISTING_LEXICAL_OR_SENTENCE,88,88,1,0.9980254173278809,B02,1
asl_citizen:521189301267927-KANGAROO 2,asl_citizen:521189301267927-KANGAROO 2,P9,test,GOLD_EXISTING_LEXICAL_OR_SENTENCE,88,12,0,0.6463186144828796,B02,1
asl_citizen:7429768838609976-KANGAROO 2,asl_citizen:7429768838609976-KANGAROO 2,P49,test,GOLD_EXISTING_LEXICAL_OR_SENTENCE,88,88,1,0.9844081997871399,B02,1
asl_citizen:3317409314556574-KICK,asl_citizen:3317409314556574-KICK,P15,test,GOLD_EXISTING_LEXICAL_OR_SENTENCE,89,89,1,0.9057170152664185,B02,1
asl_citizen:14817251207565518-KICK,asl_citizen:14817251207565518-KICK,P22,test,GOLD_EXISTING_LEXICAL_OR_SENTENCE,89,89,1,0.9783697724342346,B02,1
asl_citizen:9314133936472424-KICK,asl_citizen:9314133936472424-KICK,P42,test,GOLD_EXISTING_LEXICAL_OR_SENTENCE,89,89,1,0.9994124174118042,B02,1
asl_citizen:795937483601687-KICK,asl_citizen:795937483601687-KICK,P35,test,GOLD_EXISTING_LEXICAL_OR_SENTENCE,89,89,1,0.9984453320503235,B02,1
asl_citizen:9851624659949432-KICK,asl_citizen:9851624659949432-KICK,P17,test,GOLD_EXISTING_LEXICAL_OR_SENTENCE,89,37,0,0.46097463369369507,B02,1
asl_citizen:4586573817891195-KICK,asl_citizen:4586573817891195-KICK,P6,test,GOLD_EXISTING_LEXICAL_OR_SENTENCE,89,58,0,0.6661627888679504,B02,1
asl_citizen:4844899157287599-KICK,asl_citizen:4844899157287599-KICK,P48,test,GOLD_EXISTING_LEXICAL_OR_SENTENCE,89,89,1,0.9764226675033569,B02,1
asl_citizen:7521188582882532-KICK,asl_citizen:7521188582882532-KICK,P18,test,GOLD_EXISTING_LEXICAL_OR_SENTENCE,89,89,1,0.7334058284759521,B02,1
asl_citizen:6424296514507701-KNIGHT,asl_citizen:6424296514507701-KNIGHT,P47,test,GOLD_EXISTING_LEXICAL_OR_SENTENCE,90,90,1,0.9128682017326355,B02,1
asl_citizen:31090954261767045-KNIGHT,asl_citizen:31090954261767045-KNIGHT,P48,test,GOLD_EXISTING_LEXICAL_OR_SENTENCE,90,44,0,0.590108335018158,B02,1
asl_citizen:6508516478167936-KNIGHT,asl_citizen:6508516478167936-KNIGHT,P35,test,GOLD_EXISTING_LEXICAL_OR_SENTENCE,90,90,1,0.9511571526527405,B02,1
asl_citizen:6067700660442612-KNIGHT,asl_citizen:6067700660442612-KNIGHT,P9,test,GOLD_EXISTING_LEXICAL_OR_SENTENCE,90,90,1,0.9117301106452942,B02,1
asl_citizen:13614436278754405-KNIGHT,asl_citizen:13614436278754405-KNIGHT,P22,test,GOLD_EXISTING_LEXICAL_OR_SENTENCE,90,90,1,0.9962300658226013,B02,1
asl_citizen:6839450933707614-KNIGHT,asl_citizen:6839450933707614-KNIGHT,P42,test,GOLD_EXISTING_LEXICAL_OR_SENTENCE,90,90,1,0.9879862666130066,B02,1
asl_citizen:5339362864225501-KNIGHT,asl_citizen:5339362864225501-KNIGHT,P49,test,GOLD_EXISTING_LEXICAL_OR_SENTENCE,90,90,1,0.791881799697876,B02,1
asl_citizen:7130845415896367-KNIGHT,asl_citizen:7130845415896367-KNIGHT,P17,test,GOLD_EXISTING_LEXICAL_OR_SENTENCE,90,90,1,0.49572834372520447,B02,1
asl_citizen:10272082908204028-KNOCK,asl_citizen:10272082908204028-KNOCK,P18,test,GOLD_EXISTING_LEXICAL_OR_SENTENCE,91,91,1,0.8549267649650574,B02,1
asl_citizen:05950764626712579-KNOCK,asl_citizen:05950764626712579-KNOCK,P42,test,GOLD_EXISTING_LEXICAL_OR_SENTENCE,91,91,1,0.9972858428955078,B02,1
asl_citizen:26124622385285345-KNOCK,asl_citizen:26124622385285345-KNOCK,P48,test,GOLD_EXISTING_LEXICAL_OR_SENTENCE,91,163,0,0.39882251620292664,B02,1
asl_citizen:8255235186857126-KNOCK,asl_citizen:8255235186857126-KNOCK,P17,test,GOLD_EXISTING_LEXICAL_OR_SENTENCE,91,91,1,0.35500338673591614,B02,1
asl_citizen:8791176648131089-KNOCK,asl_citizen:8791176648131089-KNOCK,P47,test,GOLD_EXISTING_LEXICAL_OR_SENTENCE,91,91,1,0.9909048676490784,B02,1
asl_citizen:15126432622280284-KNOCK,asl_citizen:15126432622280284-KNOCK,P15,test,GOLD_EXISTING_LEXICAL_OR_SENTENCE,91,91,1,0.8463589549064636,B02,1
asl_citizen:9543360683932953-KNOCK,asl_citizen:9543360683932953-KNOCK,P6,test,GOLD_EXISTING_LEXICAL_OR_SENTENCE,91,91,1,0.4695717990398407,B02,1
asl_citizen:37600566998390006-KNOCK,asl_citizen:37600566998390006-KNOCK,P9,test,GOLD_EXISTING_LEXICAL_OR_SENTENCE,91,20,0,0.5053611993789673,B02,1
asl_citizen:6718430672491644-KNOCK OFF,asl_citizen:6718430672491644-KNOCK OFF,P48,test,GOLD_EXISTING_LEXICAL_OR_SENTENCE,92,92,1,0.8509579300880432,B02,1
asl_citizen:9283447894074739-KNOCK OFF,asl_citizen:9283447894074739-KNOCK OFF,P18,test,GOLD_EXISTING_LEXICAL_OR_SENTENCE,92,92,1,0.9515125751495361,B02,1
asl_citizen:6321583448772241-KNOCK OFF,asl_citizen:6321583448772241-KNOCK OFF,P22,test,GOLD_EXISTING_LEXICAL_OR_SENTENCE,92,92,1,0.8866302967071533,B02,1
asl_citizen:18199044839935596-KNOCK OFF,asl_citizen:18199044839935596-KNOCK OFF,P42,test,GOLD_EXISTING_LEXICAL_OR_SENTENCE,92,92,1,0.9528703093528748,B02,1
asl_citizen:22872224787766382-KNOCK OFF,asl_citizen:22872224787766382-KNOCK OFF,P15,test,GOLD_EXISTING_LEXICAL_OR_SENTENCE,92,92,1,0.987239420413971,B02,1
asl_citizen:21873448157457043-KNOCK OFF,asl_citizen:21873448157457043-KNOCK OFF,P49,test,GOLD_EXISTING_LEXICAL_OR_SENTENCE,92,92,1,0.904773473739624,B02,1
asl_citizen:929331239326652-KNOCK OFF,asl_citizen:929331239326652-KNOCK OFF,P17,test,GOLD_EXISTING_LEXICAL_OR_SENTENCE,92,92,1,0.6590778231620789,B02,1
asl_citizen:3665447424963564-KNOCK OFF,asl_citizen:3665447424963564-KNOCK OFF,P15,test,GOLD_EXISTING_LEXICAL_OR_SENTENCE,92,92,1,0.6189700365066528,B02,1
asl_citizen:7311303636632447-LAST WEEK,asl_citizen:7311303636632447-LAST WEEK,P42,test,GOLD_EXISTING_LEXICAL_OR_SENTENCE,93,93,1,0.9957486987113953,B02,1
asl_citizen:21609426897118422-LAST WEEK,asl_citizen:21609426897118422-LAST WEEK,P47,test,GOLD_EXISTING_LEXICAL_OR_SENTENCE,93,93,1,0.9997205138206482,B02,1
asl_citizen:11603479511382164-LAST WEEK,asl_citizen:11603479511382164-LAST WEEK,P6,test,GOLD_EXISTING_LEXICAL_OR_SENTENCE,93,125,0,0.22983933985233307,B02,1
asl_citizen:3925552982624321-LAST WEEK,asl_citizen:3925552982624321-LAST WEEK,P47,test,GOLD_EXISTING_LEXICAL_OR_SENTENCE,93,93,1,0.9958508014678955,B02,1
asl_citizen:1411499219278891-LAST WEEK,asl_citizen:1411499219278891-LAST WEEK,P9,test,GOLD_EXISTING_LEXICAL_OR_SENTENCE,93,93,1,0.5087766647338867,B02,1
asl_citizen:6115709690042423-LAST WEEK,asl_citizen:6115709690042423-LAST WEEK,P15,test,GOLD_EXISTING_LEXICAL_OR_SENTENCE,93,93,1,0.997397780418396,B02,1
asl_citizen:3670373402114482-LAST WEEK,asl_citizen:3670373402114482-LAST WEEK,P35,test,GOLD_EXISTING_LEXICAL_OR_SENTENCE,93,93,1,0.9861024618148804,B02,1
asl_citizen:4650198376404946-LAST WEEK,asl_citizen:4650198376404946-LAST WEEK,P48,test,GOLD_EXISTING_LEXICAL_OR_SENTENCE,93,93,1,0.990263819694519,B02,1
asl_citizen:496560180727154-LEAD,asl_citizen:496560180727154-LEAD,P47,test,GOLD_EXISTING_LEXICAL_OR_SENTENCE,94,94,1,0.9824815392494202,B02,1
asl_citizen:33390126062499537-LEAD,asl_citizen:33390126062499537-LEAD,P22,test,GOLD_EXISTING_LEXICAL_OR_SENTENCE,94,94,1,0.9470892548561096,B02,1
asl_citizen:9641378475198281-LEAD,asl_citizen:9641378475198281-LEAD,P35,test,GOLD_EXISTING_LEXICAL_OR_SENTENCE,94,94,1,0.9990271329879761,B02,1
asl_citizen:06867393032433267-LEAD,asl_citizen:06867393032433267-LEAD,P49,test,GOLD_EXISTING_LEXICAL_OR_SENTENCE,94,94,1,0.9623023271560669,B02,1
asl_citizen:8825208259954367-LEAD,asl_citizen:8825208259954367-LEAD,P48,test,GOLD_EXISTING_LEXICAL_OR_SENTENCE,94,94,1,0.9970030188560486,B02,1
asl_citizen:014637863876320933-LEAD,asl_citizen:014637863876320933-LEAD,P15,test,GOLD_EXISTING_LEXICAL_OR_SENTENCE,94,94,1,0.9804090261459351,B02,1
asl_citizen:874254463987109-LEAD,asl_citizen:874254463987109-LEAD,P9,test,GOLD_EXISTING_LEXICAL_OR_SENTENCE,94,132,0,0.1950257420539856,B02,1
asl_citizen:7677123520667197-LEAD,asl_citizen:7677123520667197-LEAD,P18,test,GOLD_EXISTING_LEXICAL_OR_SENTENCE,94,81,0,0.9127602577209473,B02,1
asl_citizen:20457985258147482-LEAVE ALONE,asl_citizen:20457985258147482-LEAVE ALONE,P17,test,GOLD_EXISTING_LEXICAL_OR_SENTENCE,95,95,1,0.4377959966659546,B02,1
asl_citizen:8775049512451283-LEAVE ALONE,asl_citizen:8775049512451283-LEAVE ALONE,P35,test,GOLD_EXISTING_LEXICAL_OR_SENTENCE,95,95,1,0.9811423420906067,B02,1
asl_citizen:049806503817004355-LEAVE ALONE,asl_citizen:049806503817004355-LEAVE ALONE,P47,test,GOLD_EXISTING_LEXICAL_OR_SENTENCE,95,95,1,0.43538960814476013,B02,1
asl_citizen:885383702806398-LEAVE ALONE,asl_citizen:885383702806398-LEAVE ALONE,P18,test,GOLD_EXISTING_LEXICAL_OR_SENTENCE,95,95,1,0.8980857133865356,B02,1
asl_citizen:3181175663329634-LEAVE ALONE,asl_citizen:3181175663329634-LEAVE ALONE,P22,test,GOLD_EXISTING_LEXICAL_OR_SENTENCE,95,95,1,0.6905422806739807,B02,1
asl_citizen:633078924967877-LEAVE ALONE,asl_citizen:633078924967877-LEAVE ALONE,P15,test,GOLD_EXISTING_LEXICAL_OR_SENTENCE,95,95,1,0.8606337904930115,B02,1
asl_citizen:09278594465984513-LEAVE ALONE,asl_citizen:09278594465984513-LEAVE ALONE,P9,test,GOLD_EXISTING_LEXICAL_OR_SENTENCE,95,2,0,0.7404891848564148,B02,1
asl_citizen:1838606017695643-LEAVE ALONE,asl_citizen:1838606017695643-LEAVE ALONE,P48,test,GOLD_EXISTING_LEXICAL_OR_SENTENCE,95,177,0,0.41053974628448486,B02,1
asl_citizen:3766044578749139-LESS,asl_citizen:3766044578749139-LESS,P17,test,GOLD_EXISTING_LEXICAL_OR_SENTENCE,96,96,1,0.723713219165802,B02,1
asl_citizen:7575553737702381-LESS,asl_citizen:7575553737702381-LESS,P15,test,GOLD_EXISTING_LEXICAL_OR_SENTENCE,96,96,1,0.9591258764266968,B02,1
asl_citizen:12975955861028488-LESS,asl_citizen:12975955861028488-LESS,P49,test,GOLD_EXISTING_LEXICAL_OR_SENTENCE,96,4,0,0.4459696412086487,B02,1
asl_citizen:5149052830997158-LESS,asl_citizen:5149052830997158-LESS,P22,test,GOLD_EXISTING_LEXICAL_OR_SENTENCE,96,96,1,0.9759467840194702,B02,1
asl_citizen:3974339076715794-LESS,asl_citizen:3974339076715794-LESS,P18,test,GOLD_EXISTING_LEXICAL_OR_SENTENCE,96,96,1,0.9838323593139648,B02,1
asl_citizen:2286569439935593-LESS,asl_citizen:2286569439935593-LESS,P6,test,GOLD_EXISTING_LEXICAL_OR_SENTENCE,96,4,0,0.5111493468284607,B02,1
asl_citizen:9690000210347673-LESS,asl_citizen:9690000210347673-LESS,P35,test,GOLD_EXISTING_LEXICAL_OR_SENTENCE,96,96,1,0.989264190196991,B02,1
asl_citizen:2110666143402815-LESS,asl_citizen:2110666143402815-LESS,P47,test,GOLD_EXISTING_LEXICAL_OR_SENTENCE,96,96,1,0.9709514379501343,B02,1
asl_citizen:7847137420042962-LETTER,asl_citizen:7847137420042962-LETTER,P22,test,GOLD_EXISTING_LEXICAL_OR_SENTENCE,97,132,0,0.8250331878662109,B02,1
asl_citizen:21694981592310691-LETTER,asl_citizen:21694981592310691-LETTER,P18,test,GOLD_EXISTING_LEXICAL_OR_SENTENCE,97,97,1,0.48902302980422974,B02,1
asl_citizen:18173948788093508-LETTER,asl_citizen:18173948788093508-LETTER,P35,test,GOLD_EXISTING_LEXICAL_OR_SENTENCE,97,97,1,0.962611973285675,B02,1
asl_citizen:9004580078644244-LETTER,asl_citizen:9004580078644244-LETTER,P6,test,GOLD_EXISTING_LEXICAL_OR_SENTENCE,97,132,0,0.44789329171180725,B02,1
asl_citizen:8209838408910182-LETTER,asl_citizen:8209838408910182-LETTER,P17,test,GOLD_EXISTING_LEXICAL_OR_SENTENCE,97,83,0,0.5035462379455566,B02,1
asl_citizen:9257468079791424-LETTER,asl_citizen:9257468079791424-LETTER,P49,test,GOLD_EXISTING_LEXICAL_OR_SENTENCE,97,97,1,0.9854493737220764,B02,1
asl_citizen:3060651520152393-LETTER,asl_citizen:3060651520152393-LETTER,P42,test,GOLD_EXISTING_LEXICAL_OR_SENTENCE,97,97,1,0.9416536092758179,B02,1
asl_citizen:8586239510635882-LETTER,asl_citizen:8586239510635882-LETTER,P9,test,GOLD_EXISTING_LEXICAL_OR_SENTENCE,97,60,0,0.46035236120224,B02,1
asl_citizen:5534005644089397-LIKE,asl_citizen:5534005644089397-LIKE,P48,test,GOLD_EXISTING_LEXICAL_OR_SENTENCE,98,98,1,0.39635801315307617,B02,1
asl_citizen:14992936899376108-LIKE,asl_citizen:14992936899376108-LIKE,P15,test,GOLD_EXISTING_LEXICAL_OR_SENTENCE,98,98,1,0.9527392387390137,B02,1
asl_citizen:754822541664977-LIKE,asl_citizen:754822541664977-LIKE,P47,test,GOLD_EXISTING_LEXICAL_OR_SENTENCE,98,98,1,0.9929613471031189,B02,1
asl_citizen:06793339114876251-LIKE,asl_citizen:06793339114876251-LIKE,P17,test,GOLD_EXISTING_LEXICAL_OR_SENTENCE,98,98,1,0.8074734807014465,B02,1
asl_citizen:9890231765881607-LIKE,asl_citizen:9890231765881607-LIKE,P17,test,GOLD_EXISTING_LEXICAL_OR_SENTENCE,98,98,1,0.41030392050743103,B02,1
asl_citizen:07790071532440357-LIKE,asl_citizen:07790071532440357-LIKE,P18,test,GOLD_EXISTING_LEXICAL_OR_SENTENCE,98,98,1,0.9524483680725098,B02,1
asl_citizen:8311673208101575-LIKE,asl_citizen:8311673208101575-LIKE,P35,test,GOLD_EXISTING_LEXICAL_OR_SENTENCE,98,98,1,0.9938910007476807,B02,1
asl_citizen:7341162668077774-LIKE,asl_citizen:7341162668077774-LIKE,P22,test,GOLD_EXISTING_LEXICAL_OR_SENTENCE,98,86,0,0.9178414344787598,B02,1
asl_citizen:6581828527977396-LONELY,asl_citizen:6581828527977396-LONELY,P6,test,GOLD_EXISTING_LEXICAL_OR_SENTENCE,99,12,0,0.9053311347961426,B02,1
asl_citizen:20504717844934728-LONELY,asl_citizen:20504717844934728-LONELY,P15,test,GOLD_EXISTING_LEXICAL_OR_SENTENCE,99,99,1,0.5295398831367493,B02,1
asl_citizen:8322599304215745-LONELY,asl_citizen:8322599304215745-LONELY,P9,test,GOLD_EXISTING_LEXICAL_OR_SENTENCE,99,99,1,0.7598674297332764,B02,1
asl_citizen:3694302205356903-LONELY,asl_citizen:3694302205356903-LONELY,P35,test,GOLD_EXISTING_LEXICAL_OR_SENTENCE,99,99,1,0.8276277184486389,B02,1
asl_citizen:3608530895366442-LONELY,asl_citizen:3608530895366442-LONELY,P49,test,GOLD_EXISTING_LEXICAL_OR_SENTENCE,99,99,1,0.9864934086799622,B02,1
asl_citizen:12874319395300882-LONELY,asl_citizen:12874319395300882-LONELY,P18,test,GOLD_EXISTING_LEXICAL_OR_SENTENCE,99,99,1,0.5389960408210754,B02,1
asl_citizen:5796544970623321-LONELY,asl_citizen:5796544970623321-LONELY,P17,test,GOLD_EXISTING_LEXICAL_OR_SENTENCE,99,99,1,0.961962103843689,B02,1
asl_citizen:10449512023217378-LONELY,asl_citizen:10449512023217378-LONELY,P6,test,GOLD_EXISTING_LEXICAL_OR_SENTENCE,99,99,1,0.5027055740356445,B02,1
asl_citizen:8184808106573449-LOUD,asl_citizen:8184808106573449-LOUD,P17,test,GOLD_EXISTING_LEXICAL_OR_SENTENCE,100,100,1,0.901682436466217,B02,1
asl_citizen:5161337017777314-LOUD,asl_citizen:5161337017777314-LOUD,P35,test,GOLD_EXISTING_LEXICAL_OR_SENTENCE,100,100,1,0.9877399802207947,B02,1
asl_citizen:08609561861401249-LOUD,asl_citizen:08609561861401249-LOUD,P49,test,GOLD_EXISTING_LEXICAL_OR_SENTENCE,100,100,1,0.8927818536758423,B02,1
asl_citizen:6826713928685002-LOUD,asl_citizen:6826713928685002-LOUD,P15,test,GOLD_EXISTING_LEXICAL_OR_SENTENCE,100,136,0,0.4434189796447754,B02,1
asl_citizen:40877102588627867-LOUD,asl_citizen:40877102588627867-LOUD,P18,test,GOLD_EXISTING_LEXICAL_OR_SENTENCE,100,100,1,0.9837184548377991,B02,1
asl_citizen:7550518813765172-LOUD,asl_citizen:7550518813765172-LOUD,P47,test,GOLD_EXISTING_LEXICAL_OR_SENTENCE,100,100,1,0.8221881985664368,B02,1
asl_citizen:9337226750931078-LOUD,asl_citizen:9337226750931078-LOUD,P15,test,GOLD_EXISTING_LEXICAL_OR_SENTENCE,100,100,1,0.9775775074958801,B02,1
asl_citizen:6071328780118881-LOUD,asl_citizen:6071328780118881-LOUD,P42,test,GOLD_EXISTING_LEXICAL_OR_SENTENCE,100,100,1,0.33326366543769836,B02,1
asl_citizen:7765257296515713-LOUSY,asl_citizen:7765257296515713-LOUSY,P42,test,GOLD_EXISTING_LEXICAL_OR_SENTENCE,101,101,1,0.33927807211875916,B02,1
asl_citizen:8739755384335415-LOUSY,asl_citizen:8739755384335415-LOUSY,P9,test,GOLD_EXISTING_LEXICAL_OR_SENTENCE,101,154,0,0.5072201490402222,B02,1
asl_citizen:48894240559600144-LOUSY,asl_citizen:48894240559600144-LOUSY,P47,test,GOLD_EXISTING_LEXICAL_OR_SENTENCE,101,101,1,0.566405177116394,B02,1
asl_citizen:16515938923272588-LOUSY,asl_citizen:16515938923272588-LOUSY,P17,test,GOLD_EXISTING_LEXICAL_OR_SENTENCE,101,182,0,0.40450388193130493,B02,1
asl_citizen:9422547835427539-LOUSY,asl_citizen:9422547835427539-LOUSY,P49,test,GOLD_EXISTING_LEXICAL_OR_SENTENCE,101,101,1,0.6924538612365723,B02,1
asl_citizen:25586144297506497-LOUSY,asl_citizen:25586144297506497-LOUSY,P15,test,GOLD_EXISTING_LEXICAL_OR_SENTENCE,101,101,1,0.984890878200531,B02,1
asl_citizen:0558857213960704-LOUSY,asl_citizen:0558857213960704-LOUSY,P35,test,GOLD_EXISTING_LEXICAL_OR_SENTENCE,101,101,1,0.918182909488678,B02,1
asl_citizen:7689262614619319-LOUSY,asl_citizen:7689262614619319-LOUSY,P22,test,GOLD_EXISTING_LEXICAL_OR_SENTENCE,101,101,1,0.5955023765563965,B02,1
asl_citizen:8638170424352227-MACHINE,asl_citizen:8638170424352227-MACHINE,P15,test,GOLD_EXISTING_LEXICAL_OR_SENTENCE,102,102,1,0.9976171851158142,B02,1
asl_citizen:18415694800604854-MACHINE,asl_citizen:18415694800604854-MACHINE,P9,test,GOLD_EXISTING_LEXICAL_OR_SENTENCE,102,102,1,0.9994912147521973,B02,1
asl_citizen:6696060343334742-MACHINE,asl_citizen:6696060343334742-MACHINE,P17,test,GOLD_EXISTING_LEXICAL_OR_SENTENCE,102,102,1,0.9994819760322571,B02,1
asl_citizen:9548616004278536-MACHINE,asl_citizen:9548616004278536-MACHINE,P42,test,GOLD_EXISTING_LEXICAL_OR_SENTENCE,102,102,1,0.9929571151733398,B02,1
asl_citizen:8648104150007732-MACHINE,asl_citizen:8648104150007732-MACHINE,P35,test,GOLD_EXISTING_LEXICAL_OR_SENTENCE,102,102,1,0.9640876650810242,B02,1
asl_citizen:047744754842641735-MACHINE,asl_citizen:047744754842641735-MACHINE,P18,test,GOLD_EXISTING_LEXICAL_OR_SENTENCE,102,102,1,0.9992737174034119,B02,1
asl_citizen:7351627589400986-MACHINE,asl_citizen:7351627589400986-MACHINE,P22,test,GOLD_EXISTING_LEXICAL_OR_SENTENCE,102,102,1,0.9944043159484863,B02,1
asl_citizen:8218317305291161-MACHINE,asl_citizen:8218317305291161-MACHINE,P49,test,GOLD_EXISTING_LEXICAL_OR_SENTENCE,102,102,1,0.9991447925567627,B02,1
asl_citizen:4814381667317289-MAGNET 4,asl_citizen:4814381667317289-MAGNET 4,P6,test,GOLD_EXISTING_LEXICAL_OR_SENTENCE,103,12,0,0.47100120782852173,B02,1
asl_citizen:8572384484855342-MAGNET 4,asl_citizen:8572384484855342-MAGNET 4,P48,test,GOLD_EXISTING_LEXICAL_OR_SENTENCE,103,103,1,0.9395959377288818,B02,1
asl_citizen:8140914609372221-MAGNET 4,asl_citizen:8140914609372221-MAGNET 4,P18,test,GOLD_EXISTING_LEXICAL_OR_SENTENCE,103,103,1,0.9968439340591431,B02,1
asl_citizen:6193845268905063-MAGNET 4,asl_citizen:6193845268905063-MAGNET 4,P49,test,GOLD_EXISTING_LEXICAL_OR_SENTENCE,103,103,1,0.8401029706001282,B02,1
asl_citizen:6812470091525507-MAGNET 4,asl_citizen:6812470091525507-MAGNET 4,P9,test,GOLD_EXISTING_LEXICAL_OR_SENTENCE,103,12,0,0.6012298464775085,B02,1
asl_citizen:6773410594132379-MAGNET 4,asl_citizen:6773410594132379-MAGNET 4,P17,test,GOLD_EXISTING_LEXICAL_OR_SENTENCE,103,12,0,0.870972216129303,B02,1
asl_citizen:14142583077799675-MAGNET 4,asl_citizen:14142583077799675-MAGNET 4,P35,test,GOLD_EXISTING_LEXICAL_OR_SENTENCE,103,103,1,0.9966997504234314,B02,1
asl_citizen:3123019006762424-MAGNET 4,asl_citizen:3123019006762424-MAGNET 4,P22,test,GOLD_EXISTING_LEXICAL_OR_SENTENCE,103,103,1,0.9981098175048828,B02,1
asl_citizen:4277002796751932-MARCH,asl_citizen:4277002796751932-MARCH,P15,test,GOLD_EXISTING_LEXICAL_OR_SENTENCE,104,104,1,0.9782400727272034,B02,1
asl_citizen:10351527495084278-MARCH,asl_citizen:10351527495084278-MARCH,P9,test,GOLD_EXISTING_LEXICAL_OR_SENTENCE,104,110,0,0.3109862804412842,B02,1
asl_citizen:4909574070034046-MARCH,asl_citizen:4909574070034046-MARCH,P17,test,GOLD_EXISTING_LEXICAL_OR_SENTENCE,104,131,0,0.9357719421386719,B02,1
asl_citizen:6131926769314229-MARCH,asl_citizen:6131926769314229-MARCH,P22,test,GOLD_EXISTING_LEXICAL_OR_SENTENCE,104,104,1,0.4088887572288513,B02,1
asl_citizen:13737285866684545-MARCH,asl_citizen:13737285866684545-MARCH,P17,test,GOLD_EXISTING_LEXICAL_OR_SENTENCE,104,131,0,0.816947877407074,B02,1
asl_citizen:16527613442836597-MARCH,asl_citizen:16527613442836597-MARCH,P18,test,GOLD_EXISTING_LEXICAL_OR_SENTENCE,104,104,1,0.9300937056541443,B02,1
asl_citizen:3312131055648564-MARCH,asl_citizen:3312131055648564-MARCH,P47,test,GOLD_EXISTING_LEXICAL_OR_SENTENCE,104,104,1,0.9595499038696289,B02,1
asl_citizen:7688120472357758-MARCH,asl_citizen:7688120472357758-MARCH,P35,test,GOLD_EXISTING_LEXICAL_OR_SENTENCE,104,106,0,0.4508727788925171,B02,1
asl_citizen:905669132583419-MARIONETTE,asl_citizen:905669132583419-MARIONETTE,P42,test,GOLD_EXISTING_LEXICAL_OR_SENTENCE,105,105,1,0.9993276596069336,B02,1
asl_citizen:47080200925775495-MARIONETTE,asl_citizen:47080200925775495-MARIONETTE,P49,test,GOLD_EXISTING_LEXICAL_OR_SENTENCE,105,105,1,0.997700035572052,B02,1
asl_citizen:8844342945670085-MARIONETTE,asl_citizen:8844342945670085-MARIONETTE,P22,test,GOLD_EXISTING_LEXICAL_OR_SENTENCE,105,105,1,0.995640754699707,B02,1
asl_citizen:047877656234055266-MARIONETTE,asl_citizen:047877656234055266-MARIONETTE,P9,test,GOLD_EXISTING_LEXICAL_OR_SENTENCE,105,105,1,0.9969624876976013,B02,1
asl_citizen:126128532287358-MARIONETTE,asl_citizen:126128532287358-MARIONETTE,P49,test,GOLD_EXISTING_LEXICAL_OR_SENTENCE,105,105,1,0.9985828399658203,B02,1
asl_citizen:16164550836171676-MARIONETTE,asl_citizen:16164550836171676-MARIONETTE,P47,test,GOLD_EXISTING_LEXICAL_OR_SENTENCE,105,105,1,0.9924405813217163,B02,1
asl_citizen:09384880650768346-MARIONETTE,asl_citizen:09384880650768346-MARIONETTE,P22,test,GOLD_EXISTING_LEXICAL_OR_SENTENCE,105,105,1,0.9948864579200745,B02,1
asl_citizen:3800125379325625-MARIONETTE,asl_citizen:3800125379325625-MARIONETTE,P6,test,GOLD_EXISTING_LEXICAL_OR_SENTENCE,105,105,1,0.9996335506439209,B02,1
asl_citizen:7040981713256163-MCDONALDS,asl_citizen:7040981713256163-MCDONALDS,P47,test,GOLD_EXISTING_LEXICAL_OR_SENTENCE,106,106,1,0.9825981855392456,B02,1
asl_citizen:5874765836957119-MCDONALDS,asl_citizen:5874765836957119-MCDONALDS,P6,test,GOLD_EXISTING_LEXICAL_OR_SENTENCE,106,106,1,0.6761907339096069,B02,1
asl_citizen:7813636142781688-MCDONALDS,asl_citizen:7813636142781688-MCDONALDS,P9,test,GOLD_EXISTING_LEXICAL_OR_SENTENCE,106,106,1,0.5116525292396545,B02,1
asl_citizen:2996117601179258-MCDONALDS,asl_citizen:2996117601179258-MCDONALDS,P35,test,GOLD_EXISTING_LEXICAL_OR_SENTENCE,106,120,0,0.6389479041099548,B02,1
asl_citizen:41720255599518996-MCDONALDS,asl_citizen:41720255599518996-MCDONALDS,P18,test,GOLD_EXISTING_LEXICAL_OR_SENTENCE,106,106,1,0.9607409834861755,B02,1
asl_citizen:6507719674243777-MCDONALDS,asl_citizen:6507719674243777-MCDONALDS,P42,test,GOLD_EXISTING_LEXICAL_OR_SENTENCE,106,106,1,0.9825948476791382,B02,1
asl_citizen:4853146411770348-MCDONALDS,asl_citizen:4853146411770348-MCDONALDS,P48,test,GOLD_EXISTING_LEXICAL_OR_SENTENCE,106,106,1,0.9517871141433716,B02,1
asl_citizen:02245845146630887-MCDONALDS,asl_citizen:02245845146630887-MCDONALDS,P49,test,GOLD_EXISTING_LEXICAL_OR_SENTENCE,106,106,1,0.6315683126449585,B02,1
asl_citizen:5250098605525317-MEGAPHONE,asl_citizen:5250098605525317-MEGAPHONE,P42,test,GOLD_EXISTING_LEXICAL_OR_SENTENCE,107,107,1,0.745530903339386,B02,1
asl_citizen:4996361585795577-MEGAPHONE,asl_citizen:4996361585795577-MEGAPHONE,P47,test,GOLD_EXISTING_LEXICAL_OR_SENTENCE,107,107,1,0.9109914898872375,B02,1
asl_citizen:719922302086274-MEGAPHONE,asl_citizen:719922302086274-MEGAPHONE,P15,test,GOLD_EXISTING_LEXICAL_OR_SENTENCE,107,107,1,0.7777535319328308,B02,1
asl_citizen:18395976874875375-MEGAPHONE,asl_citizen:18395976874875375-MEGAPHONE,P17,test,GOLD_EXISTING_LEXICAL_OR_SENTENCE,107,107,1,0.989767849445343,B02,1
asl_citizen:6452324514866103-MEGAPHONE,asl_citizen:6452324514866103-MEGAPHONE,P48,test,GOLD_EXISTING_LEXICAL_OR_SENTENCE,107,107,1,0.949251115322113,B02,1
asl_citizen:22176410041562655-MEGAPHONE,asl_citizen:22176410041562655-MEGAPHONE,P6,test,GOLD_EXISTING_LEXICAL_OR_SENTENCE,107,107,1,0.9774596691131592,B02,1
asl_citizen:8075636170068727-MEGAPHONE,asl_citizen:8075636170068727-MEGAPHONE,P18,test,GOLD_EXISTING_LEXICAL_OR_SENTENCE,107,107,1,0.9929047226905823,B02,1
asl_citizen:6826038169065098-MEGAPHONE,asl_citizen:6826038169065098-MEGAPHONE,P6,test,GOLD_EXISTING_LEXICAL_OR_SENTENCE,107,107,1,0.8450458645820618,B02,1
asl_citizen:4379892379536312-MELT,asl_citizen:4379892379536312-MELT,P18,test,GOLD_EXISTING_LEXICAL_OR_SENTENCE,108,108,1,0.8989978432655334,B02,1
asl_citizen:7265416145254715-MELT,asl_citizen:7265416145254715-MELT,P22,test,GOLD_EXISTING_LEXICAL_OR_SENTENCE,108,108,1,0.8926376700401306,B02,1
asl_citizen:9135611139015642-MELT,asl_citizen:9135611139015642-MELT,P17,test,GOLD_EXISTING_LEXICAL_OR_SENTENCE,108,108,1,0.8429697155952454,B02,1
asl_citizen:5397246682359633-MELT,asl_citizen:5397246682359633-MELT,P49,test,GOLD_EXISTING_LEXICAL_OR_SENTENCE,108,108,1,0.9783913493156433,B02,1
asl_citizen:16083830822863376-MELT,asl_citizen:16083830822863376-MELT,P48,test,GOLD_EXISTING_LEXICAL_OR_SENTENCE,108,108,1,0.691886842250824,B02,1
asl_citizen:2004435807227265-MELT,asl_citizen:2004435807227265-MELT,P42,test,GOLD_EXISTING_LEXICAL_OR_SENTENCE,108,108,1,0.8780983686447144,B02,1
asl_citizen:5333872353047073-MELT,asl_citizen:5333872353047073-MELT,P6,test,GOLD_EXISTING_LEXICAL_OR_SENTENCE,108,108,1,0.987101674079895,B02,1
asl_citizen:22245860220492308-MELT,asl_citizen:22245860220492308-MELT,P9,test,GOLD_EXISTING_LEXICAL_OR_SENTENCE,108,57,0,0.8100947141647339,B02,1
asl_citizen:38658363695302955-METAPHOR,asl_citizen:38658363695302955-METAPHOR,P47,test,GOLD_EXISTING_LEXICAL_OR_SENTENCE,109,109,1,0.35916319489479065,B02,1
asl_citizen:14067173764837326-METAPHOR,asl_citizen:14067173764837326-METAPHOR,P49,test,GOLD_EXISTING_LEXICAL_OR_SENTENCE,109,145,0,0.8745689988136292,B02,1
asl_citizen:8760745806886943-METAPHOR,asl_citizen:8760745806886943-METAPHOR,P48,test,GOLD_EXISTING_LEXICAL_OR_SENTENCE,109,109,1,0.96939617395401,B02,1
asl_citizen:8211788729156835-METAPHOR,asl_citizen:8211788729156835-METAPHOR,P17,test,GOLD_EXISTING_LEXICAL_OR_SENTENCE,109,145,0,0.7276555299758911,B02,1
asl_citizen:6604465138689248-METAPHOR,asl_citizen:6604465138689248-METAPHOR,P42,test,GOLD_EXISTING_LEXICAL_OR_SENTENCE,109,109,1,0.9953109622001648,B02,1
asl_citizen:11472099550900938-METAPHOR,asl_citizen:11472099550900938-METAPHOR,P9,test,GOLD_EXISTING_LEXICAL_OR_SENTENCE,109,145,0,0.8399505615234375,B02,1
asl_citizen:3692896280985889-METAPHOR,asl_citizen:3692896280985889-METAPHOR,P6,test,GOLD_EXISTING_LEXICAL_OR_SENTENCE,109,145,0,0.2718290686607361,B02,1
asl_citizen:52685420454991-METAPHOR,asl_citizen:52685420454991-METAPHOR,P49,test,GOLD_EXISTING_LEXICAL_OR_SENTENCE,109,109,1,0.8638148307800293,B02,1
asl_citizen:8848468275463137-MICROWAVE,asl_citizen:8848468275463137-MICROWAVE,P47,test,GOLD_EXISTING_LEXICAL_OR_SENTENCE,110,110,1,0.9585813879966736,B02,1
asl_citizen:06840796839295349-MICROWAVE,asl_citizen:06840796839295349-MICROWAVE,P42,test,GOLD_EXISTING_LEXICAL_OR_SENTENCE,110,110,1,0.5466123819351196,B02,1
asl_citizen:17055563250734962-MICROWAVE,asl_citizen:17055563250734962-MICROWAVE,P9,test,GOLD_EXISTING_LEXICAL_OR_SENTENCE,110,110,1,0.9987719655036926,B02,1
asl_citizen:17989378091539732-MICROWAVE,asl_citizen:17989378091539732-MICROWAVE,P17,test,GOLD_EXISTING_LEXICAL_OR_SENTENCE,110,110,1,0.5847428441047668,B02,1
asl_citizen:6160542518583716-MICROWAVE,asl_citizen:6160542518583716-MICROWAVE,P18,test,GOLD_EXISTING_LEXICAL_OR_SENTENCE,110,110,1,0.9565172791481018,B02,1
asl_citizen:4604553331341965-MICROWAVE,asl_citizen:4604553331341965-MICROWAVE,P35,test,GOLD_EXISTING_LEXICAL_OR_SENTENCE,110,110,1,0.9958154559135437,B02,1
asl_citizen:8264695546073981-MICROWAVE,asl_citizen:8264695546073981-MICROWAVE,P9,test,GOLD_EXISTING_LEXICAL_OR_SENTENCE,110,110,1,0.8379366397857666,B02,1
asl_citizen:5269450237359465-MICROWAVE,asl_citizen:5269450237359465-MICROWAVE,P15,test,GOLD_EXISTING_LEXICAL_OR_SENTENCE,110,110,1,0.7142346501350403,B02,1
asl_citizen:7510578035766555-MIND,asl_citizen:7510578035766555-MIND,P48,test,GOLD_EXISTING_LEXICAL_OR_SENTENCE,111,111,1,0.5277478694915771,B02,1
asl_citizen:858540535860477-MIND,asl_citizen:858540535860477-MIND,P18,test,GOLD_EXISTING_LEXICAL_OR_SENTENCE,111,24,0,0.779839813709259,B02,1
asl_citizen:8262142004823687-MIND,asl_citizen:8262142004823687-MIND,P9,test,GOLD_EXISTING_LEXICAL_OR_SENTENCE,111,111,1,0.6015011072158813,B02,1
asl_citizen:4330631836471439-MIND,asl_citizen:4330631836471439-MIND,P22,test,GOLD_EXISTING_LEXICAL_OR_SENTENCE,111,111,1,0.8293085098266602,B02,1
asl_citizen:9843619879646708-MIND,asl_citizen:9843619879646708-MIND,P6,test,GOLD_EXISTING_LEXICAL_OR_SENTENCE,111,111,1,0.9709694385528564,B02,1
asl_citizen:6128047097160874-MIND,asl_citizen:6128047097160874-MIND,P42,test,GOLD_EXISTING_LEXICAL_OR_SENTENCE,111,111,1,0.9530268311500549,B02,1
asl_citizen:40753497213460643-MIND,asl_citizen:40753497213460643-MIND,P15,test,GOLD_EXISTING_LEXICAL_OR_SENTENCE,111,74,0,0.4899818003177643,B02,1
asl_citizen:4446009939735813-MIND,asl_citizen:4446009939735813-MIND,P17,test,GOLD_EXISTING_LEXICAL_OR_SENTENCE,111,111,1,0.9800968766212463,B02,1
asl_citizen:9719044296851025-MIND TURNED,asl_citizen:9719044296851025-MIND TURNED,P22,test,GOLD_EXISTING_LEXICAL_OR_SENTENCE,112,112,1,0.9985305070877075,B02,1
asl_citizen:1491965494510772-MIND TURNED,asl_citizen:1491965494510772-MIND TURNED,P49,test,GOLD_EXISTING_LEXICAL_OR_SENTENCE,112,112,1,0.822466254234314,B02,1
asl_citizen:19040520530482552-MIND TURNED,asl_citizen:19040520530482552-MIND TURNED,P42,test,GOLD_EXISTING_LEXICAL_OR_SENTENCE,112,112,1,0.9951540231704712,B02,1
asl_citizen:14852033048203994-MIND TURNED,asl_citizen:14852033048203994-MIND TURNED,P9,test,GOLD_EXISTING_LEXICAL_OR_SENTENCE,112,107,0,0.22550244629383087,B02,1
asl_citizen:1572050020098581-MIND TURNED,asl_citizen:1572050020098581-MIND TURNED,P48,test,GOLD_EXISTING_LEXICAL_OR_SENTENCE,112,112,1,0.9896659851074219,B02,1
asl_citizen:6467531221656091-MIND TURNED,asl_citizen:6467531221656091-MIND TURNED,P49,test,GOLD_EXISTING_LEXICAL_OR_SENTENCE,112,112,1,0.4774104058742523,B02,1
asl_citizen:7599793440183931-MIND TURNED,asl_citizen:7599793440183931-MIND TURNED,P15,test,GOLD_EXISTING_LEXICAL_OR_SENTENCE,112,111,0,0.457400381565094,B02,1
asl_citizen:30580085699561765-MIND TURNED,asl_citizen:30580085699561765-MIND TURNED,P18,test,GOLD_EXISTING_LEXICAL_OR_SENTENCE,112,112,1,0.8909799456596375,B02,1
asl_citizen:2964595750887693-MOTIVATION,asl_citizen:2964595750887693-MOTIVATION,P48,test,GOLD_EXISTING_LEXICAL_OR_SENTENCE,113,10,0,0.41586872935295105,B02,1
asl_citizen:8140962392594375-MOTIVATION,asl_citizen:8140962392594375-MOTIVATION,P17,test,GOLD_EXISTING_LEXICAL_OR_SENTENCE,113,113,1,0.9997139573097229,B02,1
asl_citizen:11255520795867491-MOTIVATION,asl_citizen:11255520795867491-MOTIVATION,P48,test,GOLD_EXISTING_LEXICAL_OR_SENTENCE,113,113,1,0.8352475166320801,B02,1
asl_citizen:6923471938353045-MOTIVATION,asl_citizen:6923471938353045-MOTIVATION,P47,test,GOLD_EXISTING_LEXICAL_OR_SENTENCE,113,113,1,0.9993773102760315,B02,1
asl_citizen:5882868022582974-MOTIVATION,asl_citizen:5882868022582974-MOTIVATION,P9,test,GOLD_EXISTING_LEXICAL_OR_SENTENCE,113,113,1,0.9940347075462341,B02,1
asl_citizen:21157303166547115-MOTIVATION,asl_citizen:21157303166547115-MOTIVATION,P6,test,GOLD_EXISTING_LEXICAL_OR_SENTENCE,113,10,0,0.545440673828125,B02,1
asl_citizen:596544754384154-MOTIVATION,asl_citizen:596544754384154-MOTIVATION,P15,test,GOLD_EXISTING_LEXICAL_OR_SENTENCE,113,113,1,0.9980213642120361,B02,1
asl_citizen:8801021771668356-MOTIVATION,asl_citizen:8801021771668356-MOTIVATION,P18,test,GOLD_EXISTING_LEXICAL_OR_SENTENCE,113,40,0,0.1319379210472107,B02,1
asl_citizen:7384807608009649-MOUNTAIN 2,asl_citizen:7384807608009649-MOUNTAIN 2,P15,test,GOLD_EXISTING_LEXICAL_OR_SENTENCE,114,114,1,0.32336488366127014,B02,1
asl_citizen:796702879606981-MOUNTAIN 2,asl_citizen:796702879606981-MOUNTAIN 2,P17,test,GOLD_EXISTING_LEXICAL_OR_SENTENCE,114,114,1,0.9931356906890869,B02,1
asl_citizen:1677083999282356-MOUNTAIN 2,asl_citizen:1677083999282356-MOUNTAIN 2,P6,test,GOLD_EXISTING_LEXICAL_OR_SENTENCE,114,33,0,0.3111403286457062,B02,1
asl_citizen:03584301363827458-MOUNTAIN 2,asl_citizen:03584301363827458-MOUNTAIN 2,P9,test,GOLD_EXISTING_LEXICAL_OR_SENTENCE,114,114,1,0.926872730255127,B02,1
asl_citizen:5259324787071324-MOUNTAIN 2,asl_citizen:5259324787071324-MOUNTAIN 2,P22,test,GOLD_EXISTING_LEXICAL_OR_SENTENCE,114,114,1,0.9946182370185852,B02,1
asl_citizen:714472293012999-MOUNTAIN 2,asl_citizen:714472293012999-MOUNTAIN 2,P18,test,GOLD_EXISTING_LEXICAL_OR_SENTENCE,114,114,1,0.85014408826828,B02,1
asl_citizen:6963327798208054-MOUNTAIN 2,asl_citizen:6963327798208054-MOUNTAIN 2,P15,test,GOLD_EXISTING_LEXICAL_OR_SENTENCE,114,195,0,0.31563612818717957,B02,1
asl_citizen:045332940498782115-MOUNTAIN 2,asl_citizen:045332940498782115-MOUNTAIN 2,P48,test,GOLD_EXISTING_LEXICAL_OR_SENTENCE,114,114,1,0.9829316735267639,B02,1
asl_citizen:873138728167018-MOVIE 2,asl_citizen:873138728167018-MOVIE 2,P18,test,GOLD_EXISTING_LEXICAL_OR_SENTENCE,115,115,1,0.9994738698005676,B02,1
asl_citizen:2759539942032052-MOVIE 2,asl_citizen:2759539942032052-MOVIE 2,P47,test,GOLD_EXISTING_LEXICAL_OR_SENTENCE,115,115,1,0.9937992691993713,B02,1
asl_citizen:8995381714770196-MOVIE 2,asl_citizen:8995381714770196-MOVIE 2,P15,test,GOLD_EXISTING_LEXICAL_OR_SENTENCE,115,115,1,0.9418790936470032,B02,1
asl_citizen:4263965197921298-MOVIE 2,asl_citizen:4263965197921298-MOVIE 2,P48,test,GOLD_EXISTING_LEXICAL_OR_SENTENCE,115,115,1,0.9668729305267334,B02,1
asl_citizen:5496060928393556-MOVIE 2,asl_citizen:5496060928393556-MOVIE 2,P49,test,GOLD_EXISTING_LEXICAL_OR_SENTENCE,115,115,1,0.9897873401641846,B02,1
asl_citizen:9534133337166826-MOVIE 2,asl_citizen:9534133337166826-MOVIE 2,P18,test,GOLD_EXISTING_LEXICAL_OR_SENTENCE,115,115,1,0.999843955039978,B02,1
asl_citizen:2826717851122651-MOVIE 2,asl_citizen:2826717851122651-MOVIE 2,P47,test,GOLD_EXISTING_LEXICAL_OR_SENTENCE,115,115,1,0.9987032413482666,B02,1
asl_citizen:4931019173217699-MOVIE 2,asl_citizen:4931019173217699-MOVIE 2,P17,test,GOLD_EXISTING_LEXICAL_OR_SENTENCE,115,190,0,0.9372285604476929,B02,1
asl_citizen:9166220101554237-NEAR,asl_citizen:9166220101554237-NEAR,P48,test,GOLD_EXISTING_LEXICAL_OR_SENTENCE,116,116,1,0.9102604389190674,B02,1
asl_citizen:08301920534152485-NEAR,asl_citizen:08301920534152485-NEAR,P15,test,GOLD_EXISTING_LEXICAL_OR_SENTENCE,116,116,1,0.9700837135314941,B02,1
asl_citizen:11859467509853383-NEAR,asl_citizen:11859467509853383-NEAR,P48,test,GOLD_EXISTING_LEXICAL_OR_SENTENCE,116,116,1,0.9743430018424988,B02,1
asl_citizen:794387128826012-NEAR,asl_citizen:794387128826012-NEAR,P6,test,GOLD_EXISTING_LEXICAL_OR_SENTENCE,116,116,1,0.7511634826660156,B02,1
asl_citizen:8335087724202477-NEAR,asl_citizen:8335087724202477-NEAR,P18,test,GOLD_EXISTING_LEXICAL_OR_SENTENCE,116,116,1,0.9935677647590637,B02,1
asl_citizen:9516650170259846-NEAR,asl_citizen:9516650170259846-NEAR,P47,test,GOLD_EXISTING_LEXICAL_OR_SENTENCE,116,116,1,0.9855135083198547,B02,1
asl_citizen:7908961638923091-NEAR,asl_citizen:7908961638923091-NEAR,P22,test,GOLD_EXISTING_LEXICAL_OR_SENTENCE,116,116,1,0.8641047477722168,B02,1
asl_citizen:872388253869564-NEAR,asl_citizen:872388253869564-NEAR,P35,test,GOLD_EXISTING_LEXICAL_OR_SENTENCE,116,116,1,0.9912371635437012,B02,1
asl_citizen:8540552243539845-NEGATIVE,asl_citizen:8540552243539845-NEGATIVE,P49,test,GOLD_EXISTING_LEXICAL_OR_SENTENCE,117,69,0,0.803354024887085,B02,1
asl_citizen:7113566472404531-NEGATIVE,asl_citizen:7113566472404531-NEGATIVE,P15,test,GOLD_EXISTING_LEXICAL_OR_SENTENCE,117,117,1,0.9700013995170593,B02,1
asl_citizen:7966919382563009-NEGATIVE,asl_citizen:7966919382563009-NEGATIVE,P47,test,GOLD_EXISTING_LEXICAL_OR_SENTENCE,117,117,1,0.9818312525749207,B02,1
asl_citizen:5258853543173105-NEGATIVE,asl_citizen:5258853543173105-NEGATIVE,P17,test,GOLD_EXISTING_LEXICAL_OR_SENTENCE,117,114,0,0.2872260510921478,B02,1
asl_citizen:3491884631345443-NEGATIVE,asl_citizen:3491884631345443-NEGATIVE,P22,test,GOLD_EXISTING_LEXICAL_OR_SENTENCE,117,117,1,0.9367421269416809,B02,1
asl_citizen:7146093933763809-NEGATIVE,asl_citizen:7146093933763809-NEGATIVE,P18,test,GOLD_EXISTING_LEXICAL_OR_SENTENCE,117,69,0,0.5512243509292603,B02,1
asl_citizen:6753172300490817-NEGATIVE,asl_citizen:6753172300490817-NEGATIVE,P48,test,GOLD_EXISTING_LEXICAL_OR_SENTENCE,117,117,1,0.8773111701011658,B02,1
asl_citizen:6376092365454631-NEGATIVE,asl_citizen:6376092365454631-NEGATIVE,P9,test,GOLD_EXISTING_LEXICAL_OR_SENTENCE,117,115,0,0.21163782477378845,B02,1
asl_citizen:23753924908764534-NERVE,asl_citizen:23753924908764534-NERVE,P49,test,GOLD_EXISTING_LEXICAL_OR_SENTENCE,118,118,1,0.6854572892189026,B02,1
asl_citizen:538220467331779-NERVE,asl_citizen:538220467331779-NERVE,P35,test,GOLD_EXISTING_LEXICAL_OR_SENTENCE,118,118,1,0.9940926432609558,B02,1
asl_citizen:21886386055806217-NERVE,asl_citizen:21886386055806217-NERVE,P17,test,GOLD_EXISTING_LEXICAL_OR_SENTENCE,118,118,1,0.4860146641731262,B02,1
asl_citizen:5458109640087576-NERVE,asl_citizen:5458109640087576-NERVE,P47,test,GOLD_EXISTING_LEXICAL_OR_SENTENCE,118,118,1,0.8215860724449158,B02,1
asl_citizen:4663150142315995-NERVE,asl_citizen:4663150142315995-NERVE,P17,test,GOLD_EXISTING_LEXICAL_OR_SENTENCE,118,118,1,0.8952503800392151,B02,1
asl_citizen:36798024766679927-NERVE,asl_citizen:36798024766679927-NERVE,P48,test,GOLD_EXISTING_LEXICAL_OR_SENTENCE,118,118,1,0.762968897819519,B02,1
asl_citizen:47384759612860683-NERVE,asl_citizen:47384759612860683-NERVE,P15,test,GOLD_EXISTING_LEXICAL_OR_SENTENCE,118,118,1,0.9747632741928101,B02,1
asl_citizen:1436623483934989-NERVE,asl_citizen:1436623483934989-NERVE,P18,test,GOLD_EXISTING_LEXICAL_OR_SENTENCE,118,118,1,0.9952062964439392,B02,1
asl_citizen:07270539352192218-NINE,asl_citizen:07270539352192218-NINE,P6,test,GOLD_EXISTING_LEXICAL_OR_SENTENCE,119,119,1,0.993767499923706,B02,1
asl_citizen:7657854825894848-NINE,asl_citizen:7657854825894848-NINE,P47,test,GOLD_EXISTING_LEXICAL_OR_SENTENCE,119,119,1,0.9961686730384827,B02,1
asl_citizen:4600763876177605-NINE,asl_citizen:4600763876177605-NINE,P17,test,GOLD_EXISTING_LEXICAL_OR_SENTENCE,119,119,1,0.9881892204284668,B02,1
asl_citizen:20489516363250782-NINE,asl_citizen:20489516363250782-NINE,P49,test,GOLD_EXISTING_LEXICAL_OR_SENTENCE,119,119,1,0.9763009548187256,B02,1
asl_citizen:3222160502487865-NINE,asl_citizen:3222160502487865-NINE,P35,test,GOLD_EXISTING_LEXICAL_OR_SENTENCE,119,119,1,0.981859028339386,B02,1
asl_citizen:6884678857514952-NINE,asl_citizen:6884678857514952-NINE,P15,test,GOLD_EXISTING_LEXICAL_OR_SENTENCE,119,119,1,0.9612095952033997,B02,1
asl_citizen:5547021297445855-NINE,asl_citizen:5547021297445855-NINE,P42,test,GOLD_EXISTING_LEXICAL_OR_SENTENCE,119,119,1,0.9997254014015198,B02,1
asl_citizen:819028006626159-NINE,asl_citizen:819028006626159-NINE,P22,test,GOLD_EXISTING_LEXICAL_OR_SENTENCE,119,119,1,0.9719310998916626,B02,1
asl_citizen:8356786397613329-NORTH,asl_citizen:8356786397613329-NORTH,P47,test,GOLD_EXISTING_LEXICAL_OR_SENTENCE,120,183,0,0.6408526301383972,B02,1
asl_citizen:45488095268551754-NORTH,asl_citizen:45488095268551754-NORTH,P15,test,GOLD_EXISTING_LEXICAL_OR_SENTENCE,120,120,1,0.6986842155456543,B02,1
asl_citizen:5281867130394469-NORTH,asl_citizen:5281867130394469-NORTH,P17,test,GOLD_EXISTING_LEXICAL_OR_SENTENCE,120,120,1,0.7982811331748962,B02,1
asl_citizen:6698348047100313-NORTH,asl_citizen:6698348047100313-NORTH,P22,test,GOLD_EXISTING_LEXICAL_OR_SENTENCE,120,120,1,0.9758371114730835,B02,1
asl_citizen:26562681176480774-NORTH,asl_citizen:26562681176480774-NORTH,P9,test,GOLD_EXISTING_LEXICAL_OR_SENTENCE,120,120,1,0.33109626173973083,B02,1
asl_citizen:6515364113844422-NORTH,asl_citizen:6515364113844422-NORTH,P47,test,GOLD_EXISTING_LEXICAL_OR_SENTENCE,120,120,1,0.689507007598877,B02,1
asl_citizen:1254039379272358-NORTH,asl_citizen:1254039379272358-NORTH,P6,test,GOLD_EXISTING_LEXICAL_OR_SENTENCE,120,120,1,0.5576962828636169,B02,1
asl_citizen:9702837684339749-NORTH,asl_citizen:9702837684339749-NORTH,P49,test,GOLD_EXISTING_LEXICAL_OR_SENTENCE,120,120,1,0.8789789080619812,B02,1
asl_citizen:16234287777076184-NOSE BLEED,asl_citizen:16234287777076184-NOSE BLEED,P9,test,GOLD_EXISTING_LEXICAL_OR_SENTENCE,121,121,1,0.9983993172645569,B02,1
asl_citizen:9589698450256594-NOSE BLEED,asl_citizen:9589698450256594-NOSE BLEED,P48,test,GOLD_EXISTING_LEXICAL_OR_SENTENCE,121,121,1,0.9823311567306519,B02,1
asl_citizen:016558585580592755-NOSE BLEED,asl_citizen:016558585580592755-NOSE BLEED,P35,test,GOLD_EXISTING_LEXICAL_OR_SENTENCE,121,121,1,0.9990563988685608,B02,1
asl_citizen:03295533551258001-NOSE BLEED,asl_citizen:03295533551258001-NOSE BLEED,P6,test,GOLD_EXISTING_LEXICAL_OR_SENTENCE,121,176,0,0.14892351627349854,B02,1
asl_citizen:7888797818366855-NOSE BLEED,asl_citizen:7888797818366855-NOSE BLEED,P17,test,GOLD_EXISTING_LEXICAL_OR_SENTENCE,121,121,1,0.9916702508926392,B02,1
asl_citizen:8231321890931218-NOSE BLEED,asl_citizen:8231321890931218-NOSE BLEED,P22,test,GOLD_EXISTING_LEXICAL_OR_SENTENCE,121,121,1,0.9971948862075806,B02,1
asl_citizen:8626497377982232-NOSE BLEED,asl_citizen:8626497377982232-NOSE BLEED,P15,test,GOLD_EXISTING_LEXICAL_OR_SENTENCE,121,121,1,0.9180570840835571,B02,1
asl_citizen:33897986470028907-NOSE BLEED,asl_citizen:33897986470028907-NOSE BLEED,P42,test,GOLD_EXISTING_LEXICAL_OR_SENTENCE,121,121,1,0.6213342547416687,B02,1
asl_citizen:05562026803454745-OLDEST,asl_citizen:05562026803454745-OLDEST,P18,test,GOLD_EXISTING_LEXICAL_OR_SENTENCE,122,122,1,0.8445704579353333,B02,1
asl_citizen:7108828234280553-OLDEST,asl_citizen:7108828234280553-OLDEST,P35,test,GOLD_EXISTING_LEXICAL_OR_SENTENCE,122,122,1,0.9781637191772461,B02,1
asl_citizen:6386301599758053-OLDEST,asl_citizen:6386301599758053-OLDEST,P42,test,GOLD_EXISTING_LEXICAL_OR_SENTENCE,122,122,1,0.9553108811378479,B02,1
asl_citizen:12209135149020645-OLDEST,asl_citizen:12209135149020645-OLDEST,P49,test,GOLD_EXISTING_LEXICAL_OR_SENTENCE,122,122,1,0.6408594250679016,B02,1
asl_citizen:20182318270149935-OLDEST,asl_citizen:20182318270149935-OLDEST,P48,test,GOLD_EXISTING_LEXICAL_OR_SENTENCE,122,122,1,0.6483624577522278,B02,1
asl_citizen:32997025592177676-OLDEST,asl_citizen:32997025592177676-OLDEST,P15,test,GOLD_EXISTING_LEXICAL_OR_SENTENCE,122,122,1,0.6007750034332275,B02,1
asl_citizen:21156732955581603-OLDEST,asl_citizen:21156732955581603-OLDEST,P9,test,GOLD_EXISTING_LEXICAL_OR_SENTENCE,122,163,0,0.13246777653694153,B02,1
asl_citizen:44801580966508014-OLDEST,asl_citizen:44801580966508014-OLDEST,P17,test,GOLD_EXISTING_LEXICAL_OR_SENTENCE,122,122,1,0.6622626781463623,B02,1
asl_citizen:12266725984983129-ONE MORE_2,asl_citizen:12266725984983129-ONE MORE_2,P22,test,GOLD_EXISTING_LEXICAL_OR_SENTENCE,123,123,1,0.283848375082016,B02,1
asl_citizen:32933778261560653-ONE MORE_2,asl_citizen:32933778261560653-ONE MORE_2,P47,test,GOLD_EXISTING_LEXICAL_OR_SENTENCE,123,123,1,0.8037508130073547,B02,1
asl_citizen:38159175209540797-ONE MORE_2,asl_citizen:38159175209540797-ONE MORE_2,P17,test,GOLD_EXISTING_LEXICAL_OR_SENTENCE,123,53,0,0.7574816942214966,B02,1
asl_citizen:9910177343306592-ONE MORE_2,asl_citizen:9910177343306592-ONE MORE_2,P42,test,GOLD_EXISTING_LEXICAL_OR_SENTENCE,123,123,1,0.5510240793228149,B02,1
asl_citizen:624386888841092-ONE MORE_2,asl_citizen:624386888841092-ONE MORE_2,P48,test,GOLD_EXISTING_LEXICAL_OR_SENTENCE,123,53,0,0.6448636054992676,B02,1
asl_citizen:26255476069493056-ONE MORE_2,asl_citizen:26255476069493056-ONE MORE_2,P6,test,GOLD_EXISTING_LEXICAL_OR_SENTENCE,123,123,1,0.6164394617080688,B02,1
asl_citizen:32478911122382637-ONE MORE_2,asl_citizen:32478911122382637-ONE MORE_2,P49,test,GOLD_EXISTING_LEXICAL_OR_SENTENCE,123,53,0,0.9151008725166321,B02,1
asl_citizen:7524389547245707-ONE MORE_2,asl_citizen:7524389547245707-ONE MORE_2,P18,test,GOLD_EXISTING_LEXICAL_OR_SENTENCE,123,32,0,0.7240008115768433,B02,1
asl_citizen:7406814364303091-PARALLEL,asl_citizen:7406814364303091-PARALLEL,P22,test,GOLD_EXISTING_LEXICAL_OR_SENTENCE,124,124,1,0.6588456034660339,B02,1
asl_citizen:3809323594260139-PARALLEL,asl_citizen:3809323594260139-PARALLEL,P47,test,GOLD_EXISTING_LEXICAL_OR_SENTENCE,124,124,1,0.7542690634727478,B02,1
asl_citizen:319973229913987-PARALLEL,asl_citizen:319973229913987-PARALLEL,P35,test,GOLD_EXISTING_LEXICAL_OR_SENTENCE,124,124,1,0.9990407824516296,B02,1
asl_citizen:4016586134348836-PARALLEL,asl_citizen:4016586134348836-PARALLEL,P42,test,GOLD_EXISTING_LEXICAL_OR_SENTENCE,124,164,0,0.5510182976722717,B02,1
asl_citizen:4294937624271007-PARALLEL,asl_citizen:4294937624271007-PARALLEL,P49,test,GOLD_EXISTING_LEXICAL_OR_SENTENCE,124,124,1,0.9850127696990967,B02,1
asl_citizen:8612015862734406-PARALLEL,asl_citizen:8612015862734406-PARALLEL,P17,test,GOLD_EXISTING_LEXICAL_OR_SENTENCE,124,124,1,0.9531375169754028,B02,1
asl_citizen:2996517798859386-PARALLEL,asl_citizen:2996517798859386-PARALLEL,P17,test,GOLD_EXISTING_LEXICAL_OR_SENTENCE,124,164,0,0.9777219295501709,B02,1
asl_citizen:4012681606822026-PARALLEL,asl_citizen:4012681606822026-PARALLEL,P9,test,GOLD_EXISTING_LEXICAL_OR_SENTENCE,124,124,1,0.69215989112854,B02,1
asl_citizen:44490445381760035-PATIENT,asl_citizen:44490445381760035-PATIENT,P42,test,GOLD_EXISTING_LEXICAL_OR_SENTENCE,125,125,1,0.9491330981254578,B02,1
asl_citizen:7042062123196444-PATIENT,asl_citizen:7042062123196444-PATIENT,P35,test,GOLD_EXISTING_LEXICAL_OR_SENTENCE,125,125,1,0.9782482385635376,B02,1
asl_citizen:23739568853279813-PATIENT,asl_citizen:23739568853279813-PATIENT,P48,test,GOLD_EXISTING_LEXICAL_OR_SENTENCE,125,125,1,0.9369689226150513,B02,1
asl_citizen:20545529027665888-PATIENT,asl_citizen:20545529027665888-PATIENT,P9,test,GOLD_EXISTING_LEXICAL_OR_SENTENCE,125,125,1,0.9993721842765808,B02,1
asl_citizen:012935430276122206-PATIENT,asl_citizen:012935430276122206-PATIENT,P18,test,GOLD_EXISTING_LEXICAL_OR_SENTENCE,125,125,1,0.992237389087677,B02,1
asl_citizen:4389413990406117-PATIENT,asl_citizen:4389413990406117-PATIENT,P49,test,GOLD_EXISTING_LEXICAL_OR_SENTENCE,125,125,1,0.993955671787262,B02,1
asl_citizen:38056631801494145-PATIENT,asl_citizen:38056631801494145-PATIENT,P47,test,GOLD_EXISTING_LEXICAL_OR_SENTENCE,125,125,1,0.9734300971031189,B02,1
asl_citizen:2579312398549707-PATIENT,asl_citizen:2579312398549707-PATIENT,P15,test,GOLD_EXISTING_LEXICAL_OR_SENTENCE,125,125,1,0.9475946426391602,B02,1
asl_citizen:03439382065703622-PAY OFF_BILLS,asl_citizen:03439382065703622-PAY OFF_BILLS,P15,test,GOLD_EXISTING_LEXICAL_OR_SENTENCE,126,126,1,0.9660359621047974,B02,1
asl_citizen:43103636816887714-PAY OFF_BILLS,asl_citizen:43103636816887714-PAY OFF_BILLS,P49,test,GOLD_EXISTING_LEXICAL_OR_SENTENCE,126,126,1,0.551872968673706,B02,1
asl_citizen:7114048433912947-PAY OFF_BILLS,asl_citizen:7114048433912947-PAY OFF_BILLS,P42,test,GOLD_EXISTING_LEXICAL_OR_SENTENCE,126,126,1,0.9537683129310608,B02,1
asl_citizen:8107654246709317-PAY OFF_BILLS,asl_citizen:8107654246709317-PAY OFF_BILLS,P47,test,GOLD_EXISTING_LEXICAL_OR_SENTENCE,126,126,1,0.9800434112548828,B02,1
asl_citizen:6038574605212768-PAY OFF_BILLS,asl_citizen:6038574605212768-PAY OFF_BILLS,P17,test,GOLD_EXISTING_LEXICAL_OR_SENTENCE,126,95,0,0.530249834060669,B02,1
asl_citizen:16013029391341038-PAY OFF_BILLS,asl_citizen:16013029391341038-PAY OFF_BILLS,P48,test,GOLD_EXISTING_LEXICAL_OR_SENTENCE,126,126,1,0.885750949382782,B02,1
asl_citizen:09521299104415837-PAY OFF_BILLS,asl_citizen:09521299104415837-PAY OFF_BILLS,P35,test,GOLD_EXISTING_LEXICAL_OR_SENTENCE,126,126,1,0.9935089349746704,B02,1
asl_citizen:477470269377666-PAY OFF_BILLS,asl_citizen:477470269377666-PAY OFF_BILLS,P22,test,GOLD_EXISTING_LEXICAL_OR_SENTENCE,126,126,1,0.7463920712471008,B02,1
asl_citizen:8993966995848208-PEAS 1,asl_citizen:8993966995848208-PEAS 1,P35,test,GOLD_EXISTING_LEXICAL_OR_SENTENCE,127,127,1,0.4865574240684509,B02,1
asl_citizen:06946565402120464-PEAS 1,asl_citizen:06946565402120464-PEAS 1,P48,test,GOLD_EXISTING_LEXICAL_OR_SENTENCE,127,127,1,0.33738088607788086,B02,1
asl_citizen:5765125314841963-PEAS 1,asl_citizen:5765125314841963-PEAS 1,P6,test,GOLD_EXISTING_LEXICAL_OR_SENTENCE,127,127,1,0.7866392135620117,B02,1
asl_citizen:030819327361387705-PEAS 1,asl_citizen:030819327361387705-PEAS 1,P49,test,GOLD_EXISTING_LEXICAL_OR_SENTENCE,127,127,1,0.9915850162506104,B02,1
asl_citizen:25229033437553094-PEAS 1,asl_citizen:25229033437553094-PEAS 1,P17,test,GOLD_EXISTING_LEXICAL_OR_SENTENCE,127,127,1,0.88214510679245,B02,1
asl_citizen:2992711151543961-PEAS 1,asl_citizen:2992711151543961-PEAS 1,P9,test,GOLD_EXISTING_LEXICAL_OR_SENTENCE,127,127,1,0.8143551349639893,B02,1
asl_citizen:7883149705967814-PEAS 1,asl_citizen:7883149705967814-PEAS 1,P22,test,GOLD_EXISTING_LEXICAL_OR_SENTENCE,127,127,1,0.5742860436439514,B02,1
asl_citizen:36736675245142814-PEAS 1,asl_citizen:36736675245142814-PEAS 1,P42,test,GOLD_EXISTING_LEXICAL_OR_SENTENCE,127,127,1,0.982122540473938,B02,1
asl_citizen:26340872028484785-PHILADELPHIA,asl_citizen:26340872028484785-PHILADELPHIA,P6,test,GOLD_EXISTING_LEXICAL_OR_SENTENCE,128,101,0,0.8517874479293823,B02,1
asl_citizen:9166461063808331-PHILADELPHIA,asl_citizen:9166461063808331-PHILADELPHIA,P15,test,GOLD_EXISTING_LEXICAL_OR_SENTENCE,128,128,1,0.4854442775249481,B02,1
asl_citizen:9282599037381889-PHILADELPHIA,asl_citizen:9282599037381889-PHILADELPHIA,P35,test,GOLD_EXISTING_LEXICAL_OR_SENTENCE,128,128,1,0.9995654225349426,B02,1
asl_citizen:5086853258269717-PHILADELPHIA,asl_citizen:5086853258269717-PHILADELPHIA,P22,test,GOLD_EXISTING_LEXICAL_OR_SENTENCE,128,128,1,0.6192591786384583,B02,1
asl_citizen:005361356360182423-PHILADELPHIA,asl_citizen:005361356360182423-PHILADELPHIA,P47,test,GOLD_EXISTING_LEXICAL_OR_SENTENCE,128,128,1,0.8698206543922424,B02,1
asl_citizen:624522459118048-PHILADELPHIA,asl_citizen:624522459118048-PHILADELPHIA,P49,test,GOLD_EXISTING_LEXICAL_OR_SENTENCE,128,49,0,0.2355082482099533,B02,1
asl_citizen:07560857025444956-PHILADELPHIA,asl_citizen:07560857025444956-PHILADELPHIA,P17,test,GOLD_EXISTING_LEXICAL_OR_SENTENCE,128,9,0,0.34157875180244446,B02,1
asl_citizen:10948092530938514-PHILADELPHIA,asl_citizen:10948092530938514-PHILADELPHIA,P18,test,GOLD_EXISTING_LEXICAL_OR_SENTENCE,128,128,1,0.9940290451049805,B02,1
asl_citizen:2241415233945685-PIE,asl_citizen:2241415233945685-PIE,P17,test,GOLD_EXISTING_LEXICAL_OR_SENTENCE,129,4,0,0.4866901636123657,B02,1
asl_citizen:5164506491995917-PIE,asl_citizen:5164506491995917-PIE,P9,test,GOLD_EXISTING_LEXICAL_OR_SENTENCE,129,129,1,0.9760310053825378,B02,1
asl_citizen:7323839113480357-PIE,asl_citizen:7323839113480357-PIE,P49,test,GOLD_EXISTING_LEXICAL_OR_SENTENCE,129,4,0,0.6483474373817444,B02,1
asl_citizen:7344295707349726-PIE,asl_citizen:7344295707349726-PIE,P18,test,GOLD_EXISTING_LEXICAL_OR_SENTENCE,129,129,1,0.9975087642669678,B02,1
asl_citizen:5731489769975737-PIE,asl_citizen:5731489769975737-PIE,P48,test,GOLD_EXISTING_LEXICAL_OR_SENTENCE,129,126,0,0.23615843057632446,B02,1
asl_citizen:9185627449311058-PIE,asl_citizen:9185627449311058-PIE,P42,test,GOLD_EXISTING_LEXICAL_OR_SENTENCE,129,129,1,0.9357454776763916,B02,1
asl_citizen:32939956123830916-PIE,asl_citizen:32939956123830916-PIE,P15,test,GOLD_EXISTING_LEXICAL_OR_SENTENCE,129,129,1,0.9981058835983276,B02,1
asl_citizen:5996523340778617-PIE,asl_citizen:5996523340778617-PIE,P22,test,GOLD_EXISTING_LEXICAL_OR_SENTENCE,129,129,1,0.984990656375885,B02,1
asl_citizen:6130169597536534-PLACE,asl_citizen:6130169597536534-PLACE,P42,test,GOLD_EXISTING_LEXICAL_OR_SENTENCE,130,130,1,0.9977357387542725,B02,1
asl_citizen:22345483831440816-PLACE,asl_citizen:22345483831440816-PLACE,P17,test,GOLD_EXISTING_LEXICAL_OR_SENTENCE,130,130,1,0.8477557301521301,B02,1
asl_citizen:8602180654279945-PLACE,asl_citizen:8602180654279945-PLACE,P22,test,GOLD_EXISTING_LEXICAL_OR_SENTENCE,130,130,1,0.5544641017913818,B02,1
asl_citizen:34412146491624496-PLACE,asl_citizen:34412146491624496-PLACE,P42,test,GOLD_EXISTING_LEXICAL_OR_SENTENCE,130,130,1,0.9937973022460938,B02,1
asl_citizen:7186060692274963-PLACE,asl_citizen:7186060692274963-PLACE,P47,test,GOLD_EXISTING_LEXICAL_OR_SENTENCE,130,130,1,0.993839681148529,B02,1
asl_citizen:7826187476268085-PLACE,asl_citizen:7826187476268085-PLACE,P49,test,GOLD_EXISTING_LEXICAL_OR_SENTENCE,130,130,1,0.9974097609519958,B02,1
asl_citizen:7396159860972742-PLACE,asl_citizen:7396159860972742-PLACE,P6,test,GOLD_EXISTING_LEXICAL_OR_SENTENCE,130,130,1,0.9993734955787659,B02,1
asl_citizen:36278242451276177-PLACE,asl_citizen:36278242451276177-PLACE,P35,test,GOLD_EXISTING_LEXICAL_OR_SENTENCE,130,130,1,0.9997137188911438,B02,1
asl_citizen:11494136944350464-PLOW,asl_citizen:11494136944350464-PLOW,P15,test,GOLD_EXISTING_LEXICAL_OR_SENTENCE,131,131,1,0.9917991161346436,B02,1
asl_citizen:39098009412658374-PLOW,asl_citizen:39098009412658374-PLOW,P9,test,GOLD_EXISTING_LEXICAL_OR_SENTENCE,131,131,1,0.8046858906745911,B02,1
asl_citizen:4484727693623092-PLOW,asl_citizen:4484727693623092-PLOW,P35,test,GOLD_EXISTING_LEXICAL_OR_SENTENCE,131,131,1,0.995020866394043,B02,1
asl_citizen:6247342903541042-PLOW,asl_citizen:6247342903541042-PLOW,P49,test,GOLD_EXISTING_LEXICAL_OR_SENTENCE,131,131,1,0.9832087159156799,B02,1
asl_citizen:3176919354983241-PLOW,asl_citizen:3176919354983241-PLOW,P6,test,GOLD_EXISTING_LEXICAL_OR_SENTENCE,131,131,1,0.9670011401176453,B02,1
asl_citizen:7219039395899358-PLOW,asl_citizen:7219039395899358-PLOW,P42,test,GOLD_EXISTING_LEXICAL_OR_SENTENCE,131,131,1,0.9847571849822998,B02,1
asl_citizen:42949424063725505-PLOW,asl_citizen:42949424063725505-PLOW,P22,test,GOLD_EXISTING_LEXICAL_OR_SENTENCE,131,131,1,0.9890592098236084,B02,1
asl_citizen:8281453524960671-PLOW,asl_citizen:8281453524960671-PLOW,P18,test,GOLD_EXISTING_LEXICAL_OR_SENTENCE,131,131,1,0.9887552857398987,B02,1
asl_citizen:9123942913795273-POOP,asl_citizen:9123942913795273-POOP,P17,test,GOLD_EXISTING_LEXICAL_OR_SENTENCE,132,81,0,0.8455667495727539,B02,1
asl_citizen:04903293027240885-POOP,asl_citizen:04903293027240885-POOP,P15,test,GOLD_EXISTING_LEXICAL_OR_SENTENCE,132,132,1,0.9281324744224548,B02,1
asl_citizen:757581247197249-POOP,asl_citizen:757581247197249-POOP,P48,test,GOLD_EXISTING_LEXICAL_OR_SENTENCE,132,132,1,0.9572888016700745,B02,1
asl_citizen:3887340046508838-POOP,asl_citizen:3887340046508838-POOP,P47,test,GOLD_EXISTING_LEXICAL_OR_SENTENCE,132,132,1,0.9764525294303894,B02,1
asl_citizen:1340717839607859-POOP,asl_citizen:1340717839607859-POOP,P18,test,GOLD_EXISTING_LEXICAL_OR_SENTENCE,132,132,1,0.9530444741249084,B02,1
asl_citizen:9851232400083523-POOP,asl_citizen:9851232400083523-POOP,P9,test,GOLD_EXISTING_LEXICAL_OR_SENTENCE,132,83,0,0.3150067925453186,B02,1
asl_citizen:7591398367316144-POOP,asl_citizen:7591398367316144-POOP,P22,test,GOLD_EXISTING_LEXICAL_OR_SENTENCE,132,132,1,0.9998613595962524,B02,1
asl_citizen:511223840542633-POOP,asl_citizen:511223840542633-POOP,P47,test,GOLD_EXISTING_LEXICAL_OR_SENTENCE,132,132,1,0.9654513597488403,B02,1
asl_citizen:5804359781151138-POSITIVE,asl_citizen:5804359781151138-POSITIVE,P18,test,GOLD_EXISTING_LEXICAL_OR_SENTENCE,133,133,1,0.9480496644973755,B02,1
asl_citizen:8205183043885409-POSITIVE,asl_citizen:8205183043885409-POSITIVE,P6,test,GOLD_EXISTING_LEXICAL_OR_SENTENCE,133,133,1,0.7593386173248291,B02,1
asl_citizen:15412460294665298-POSITIVE,asl_citizen:15412460294665298-POSITIVE,P49,test,GOLD_EXISTING_LEXICAL_OR_SENTENCE,133,133,1,0.9954537153244019,B02,1
asl_citizen:5644290121485349-POSITIVE,asl_citizen:5644290121485349-POSITIVE,P47,test,GOLD_EXISTING_LEXICAL_OR_SENTENCE,133,133,1,0.8679158687591553,B02,1
asl_citizen:04229163089399823-POSITIVE,asl_citizen:04229163089399823-POSITIVE,P42,test,GOLD_EXISTING_LEXICAL_OR_SENTENCE,133,133,1,0.9959923624992371,B02,1
asl_citizen:214661505481343-POSITIVE,asl_citizen:214661505481343-POSITIVE,P9,test,GOLD_EXISTING_LEXICAL_OR_SENTENCE,133,133,1,0.9587556719779968,B02,1
asl_citizen:7495736886246047-POSITIVE,asl_citizen:7495736886246047-POSITIVE,P35,test,GOLD_EXISTING_LEXICAL_OR_SENTENCE,133,133,1,0.9976276755332947,B02,1
asl_citizen:6033689350748483-POSITIVE,asl_citizen:6033689350748483-POSITIVE,P17,test,GOLD_EXISTING_LEXICAL_OR_SENTENCE,133,59,0,0.3186204433441162,B02,1
asl_citizen:819603961595887-POTATO,asl_citizen:819603961595887-POTATO,P48,test,GOLD_EXISTING_LEXICAL_OR_SENTENCE,134,134,1,0.9380671381950378,B02,1
asl_citizen:6807572102595827-POTATO,asl_citizen:6807572102595827-POTATO,P49,test,GOLD_EXISTING_LEXICAL_OR_SENTENCE,134,134,1,0.9776312708854675,B02,1
asl_citizen:5990793355744701-POTATO,asl_citizen:5990793355744701-POTATO,P22,test,GOLD_EXISTING_LEXICAL_OR_SENTENCE,134,184,0,0.4181913137435913,B02,1
asl_citizen:7961154634906777-POTATO,asl_citizen:7961154634906777-POTATO,P17,test,GOLD_EXISTING_LEXICAL_OR_SENTENCE,134,28,0,0.22319944202899933,B02,1
asl_citizen:6676090425641059-POTATO,asl_citizen:6676090425641059-POTATO,P18,test,GOLD_EXISTING_LEXICAL_OR_SENTENCE,134,134,1,0.8275861144065857,B02,1
asl_citizen:3994381762130559-POTATO,asl_citizen:3994381762130559-POTATO,P6,test,GOLD_EXISTING_LEXICAL_OR_SENTENCE,134,184,0,0.47418779134750366,B02,1
asl_citizen:23200756464812655-POTATO,asl_citizen:23200756464812655-POTATO,P9,test,GOLD_EXISTING_LEXICAL_OR_SENTENCE,134,134,1,0.41681864857673645,B02,1
asl_citizen:5967685399587914-POTATO,asl_citizen:5967685399587914-POTATO,P42,test,GOLD_EXISTING_LEXICAL_OR_SENTENCE,134,134,1,0.9972745776176453,B02,1
asl_citizen:14424854504942042-PREACHER,asl_citizen:14424854504942042-PREACHER,P6,test,GOLD_EXISTING_LEXICAL_OR_SENTENCE,135,135,1,0.33643004298210144,B02,1
asl_citizen:2042699825450609-PREACHER,asl_citizen:2042699825450609-PREACHER,P15,test,GOLD_EXISTING_LEXICAL_OR_SENTENCE,135,135,1,0.9958963394165039,B02,1
asl_citizen:4597684589848239-PREACHER,asl_citizen:4597684589848239-PREACHER,P17,test,GOLD_EXISTING_LEXICAL_OR_SENTENCE,135,194,0,0.396862268447876,B02,1
asl_citizen:07934516361818988-PREACHER,asl_citizen:07934516361818988-PREACHER,P9,test,GOLD_EXISTING_LEXICAL_OR_SENTENCE,135,135,1,0.9870914220809937,B02,1
asl_citizen:7223656476322464-PREACHER,asl_citizen:7223656476322464-PREACHER,P49,test,GOLD_EXISTING_LEXICAL_OR_SENTENCE,135,135,1,0.6667882204055786,B02,1
asl_citizen:6986268799844455-PREACHER,asl_citizen:6986268799844455-PREACHER,P48,test,GOLD_EXISTING_LEXICAL_OR_SENTENCE,135,135,1,0.9899953603744507,B02,1
asl_citizen:31003066445260696-PREACHER,asl_citizen:31003066445260696-PREACHER,P22,test,GOLD_EXISTING_LEXICAL_OR_SENTENCE,135,135,1,0.9950056672096252,B02,1
asl_citizen:6865884242066638-PREACHER,asl_citizen:6865884242066638-PREACHER,P18,test,GOLD_EXISTING_LEXICAL_OR_SENTENCE,135,135,1,0.9485631585121155,B02,1
asl_citizen:9749861551078582-PRESIDENT,asl_citizen:9749861551078582-PRESIDENT,P48,test,GOLD_EXISTING_LEXICAL_OR_SENTENCE,136,136,1,0.8611316680908203,B02,1
asl_citizen:4214630522653562-PRESIDENT,asl_citizen:4214630522653562-PRESIDENT,P22,test,GOLD_EXISTING_LEXICAL_OR_SENTENCE,136,136,1,0.8017901182174683,B02,1
asl_citizen:7491483830245602-PRESIDENT,asl_citizen:7491483830245602-PRESIDENT,P49,test,GOLD_EXISTING_LEXICAL_OR_SENTENCE,136,136,1,0.5824900269508362,B02,1
asl_citizen:7406467771385974-PRESIDENT,asl_citizen:7406467771385974-PRESIDENT,P17,test,GOLD_EXISTING_LEXICAL_OR_SENTENCE,136,136,1,0.9715715646743774,B02,1
asl_citizen:2892714514864383-PRESIDENT,asl_citizen:2892714514864383-PRESIDENT,P42,test,GOLD_EXISTING_LEXICAL_OR_SENTENCE,136,136,1,0.6394352316856384,B02,1
asl_citizen:21218571982012446-PRESIDENT,asl_citizen:21218571982012446-PRESIDENT,P42,test,GOLD_EXISTING_LEXICAL_OR_SENTENCE,136,136,1,0.982824981212616,B02,1
asl_citizen:5823017253220797-PRESIDENT,asl_citizen:5823017253220797-PRESIDENT,P47,test,GOLD_EXISTING_LEXICAL_OR_SENTENCE,136,136,1,0.6332268714904785,B02,1
asl_citizen:49439309829002354-PRESIDENT,asl_citizen:49439309829002354-PRESIDENT,P6,test,GOLD_EXISTING_LEXICAL_OR_SENTENCE,136,136,1,0.36261847615242004,B02,1
asl_citizen:018118859440344526-PRETTY,asl_citizen:018118859440344526-PRETTY,P35,test,GOLD_EXISTING_LEXICAL_OR_SENTENCE,137,137,1,0.9943897128105164,B02,1
asl_citizen:2156452083383824-PRETTY,asl_citizen:2156452083383824-PRETTY,P35,test,GOLD_EXISTING_LEXICAL_OR_SENTENCE,137,137,1,0.9633586406707764,B02,1
asl_citizen:7596224532900506-PRETTY,asl_citizen:7596224532900506-PRETTY,P15,test,GOLD_EXISTING_LEXICAL_OR_SENTENCE,137,137,1,0.9663368463516235,B02,1
asl_citizen:9664433447701657-PRETTY,asl_citizen:9664433447701657-PRETTY,P49,test,GOLD_EXISTING_LEXICAL_OR_SENTENCE,137,137,1,0.31550121307373047,B02,1
asl_citizen:13525331022211162-PRETTY,asl_citizen:13525331022211162-PRETTY,P9,test,GOLD_EXISTING_LEXICAL_OR_SENTENCE,137,44,0,0.3520561456680298,B02,1
asl_citizen:010132905782320956-PRETTY,asl_citizen:010132905782320956-PRETTY,P22,test,GOLD_EXISTING_LEXICAL_OR_SENTENCE,137,171,0,0.2818905711174011,B02,1
asl_citizen:5225846544457893-PRETTY,asl_citizen:5225846544457893-PRETTY,P17,test,GOLD_EXISTING_LEXICAL_OR_SENTENCE,137,137,1,0.63801509141922,B02,1
asl_citizen:7153451705206948-PRETTY,asl_citizen:7153451705206948-PRETTY,P48,test,GOLD_EXISTING_LEXICAL_OR_SENTENCE,137,137,1,0.9105224609375,B02,1
asl_citizen:23637636990326305-PROTEST,asl_citizen:23637636990326305-PROTEST,P42,test,GOLD_EXISTING_LEXICAL_OR_SENTENCE,138,138,1,0.9961017370223999,B02,1
asl_citizen:29689129454632823-PROTEST,asl_citizen:29689129454632823-PROTEST,P18,test,GOLD_EXISTING_LEXICAL_OR_SENTENCE,138,138,1,0.981147825717926,B02,1
asl_citizen:36033088770134514-PROTEST,asl_citizen:36033088770134514-PROTEST,P18,test,GOLD_EXISTING_LEXICAL_OR_SENTENCE,138,138,1,0.9977453351020813,B02,1
asl_citizen:9121985518407612-PROTEST,asl_citizen:9121985518407612-PROTEST,P47,test,GOLD_EXISTING_LEXICAL_OR_SENTENCE,138,138,1,0.9967003464698792,B02,1
asl_citizen:3917688881495498-PROTEST,asl_citizen:3917688881495498-PROTEST,P17,test,GOLD_EXISTING_LEXICAL_OR_SENTENCE,138,138,1,0.5677840113639832,B02,1
asl_citizen:6311586497760844-PROTEST,asl_citizen:6311586497760844-PROTEST,P49,test,GOLD_EXISTING_LEXICAL_OR_SENTENCE,138,138,1,0.9309650659561157,B02,1
asl_citizen:3190202006409988-PROTEST,asl_citizen:3190202006409988-PROTEST,P48,test,GOLD_EXISTING_LEXICAL_OR_SENTENCE,138,138,1,0.9946091175079346,B02,1
asl_citizen:9410377823757041-PROTEST,asl_citizen:9410377823757041-PROTEST,P35,test,GOLD_EXISTING_LEXICAL_OR_SENTENCE,138,138,1,0.9917986392974854,B02,1
asl_citizen:10729210456791805-PUNCH FACE,asl_citizen:10729210456791805-PUNCH FACE,P48,test,GOLD_EXISTING_LEXICAL_OR_SENTENCE,139,72,0,0.7019755840301514,B02,1
asl_citizen:276378081603438-PUNCH FACE,asl_citizen:276378081603438-PUNCH FACE,P47,test,GOLD_EXISTING_LEXICAL_OR_SENTENCE,139,139,1,0.7390463948249817,B02,1
asl_citizen:43684375228867767-PUNCH FACE,asl_citizen:43684375228867767-PUNCH FACE,P17,test,GOLD_EXISTING_LEXICAL_OR_SENTENCE,139,72,0,0.6234182119369507,B02,1
asl_citizen:9373474669536799-PUNCH FACE,asl_citizen:9373474669536799-PUNCH FACE,P42,test,GOLD_EXISTING_LEXICAL_OR_SENTENCE,139,139,1,0.9844100475311279,B02,1
asl_citizen:9035176099523927-PUNCH FACE,asl_citizen:9035176099523927-PUNCH FACE,P49,test,GOLD_EXISTING_LEXICAL_OR_SENTENCE,139,72,0,0.7677153944969177,B02,1
asl_citizen:788961127416397-PUNCH FACE,asl_citizen:788961127416397-PUNCH FACE,P17,test,GOLD_EXISTING_LEXICAL_OR_SENTENCE,139,139,1,0.6781642436981201,B02,1
asl_citizen:289598139494196-PUNCH FACE,asl_citizen:289598139494196-PUNCH FACE,P9,test,GOLD_EXISTING_LEXICAL_OR_SENTENCE,139,139,1,0.974949061870575,B02,1
asl_citizen:1437527793229092-PUNCH FACE,asl_citizen:1437527793229092-PUNCH FACE,P22,test,GOLD_EXISTING_LEXICAL_OR_SENTENCE,139,24,0,0.9029811024665833,B02,1
asl_citizen:8434813746072627-PUZZLED,asl_citizen:8434813746072627-PUZZLED,P18,test,GOLD_EXISTING_LEXICAL_OR_SENTENCE,140,140,1,0.8333685398101807,B02,1
asl_citizen:13405881824185117-PUZZLED,asl_citizen:13405881824185117-PUZZLED,P35,test,GOLD_EXISTING_LEXICAL_OR_SENTENCE,140,140,1,0.9365738034248352,B02,1
asl_citizen:2706946530760075-PUZZLED,asl_citizen:2706946530760075-PUZZLED,P9,test,GOLD_EXISTING_LEXICAL_OR_SENTENCE,140,140,1,0.8256849050521851,B02,1
asl_citizen:929892595638057-PUZZLED,asl_citizen:929892595638057-PUZZLED,P49,test,GOLD_EXISTING_LEXICAL_OR_SENTENCE,140,140,1,0.409939169883728,B02,1
asl_citizen:01622503354860405-PUZZLED,asl_citizen:01622503354860405-PUZZLED,P22,test,GOLD_EXISTING_LEXICAL_OR_SENTENCE,140,140,1,0.43373963236808777,B02,1
asl_citizen:35449653931136615-PUZZLED,asl_citizen:35449653931136615-PUZZLED,P48,test,GOLD_EXISTING_LEXICAL_OR_SENTENCE,140,140,1,0.2816409170627594,B02,1
asl_citizen:20750854556741483-PUZZLED,asl_citizen:20750854556741483-PUZZLED,P6,test,GOLD_EXISTING_LEXICAL_OR_SENTENCE,140,140,1,0.7842295169830322,B02,1
asl_citizen:4250569199107541-PUZZLED,asl_citizen:4250569199107541-PUZZLED,P47,test,GOLD_EXISTING_LEXICAL_OR_SENTENCE,140,140,1,0.988799512386322,B02,1
asl_citizen:3746881511755742-REGISTER,asl_citizen:3746881511755742-REGISTER,P6,test,GOLD_EXISTING_LEXICAL_OR_SENTENCE,141,10,0,0.22209212183952332,B02,1
asl_citizen:9280989932515997-REGISTER,asl_citizen:9280989932515997-REGISTER,P17,test,GOLD_EXISTING_LEXICAL_OR_SENTENCE,141,10,0,0.8203656673431396,B02,1
asl_citizen:15214292760213022-REGISTER,asl_citizen:15214292760213022-REGISTER,P22,test,GOLD_EXISTING_LEXICAL_OR_SENTENCE,141,141,1,0.9950403571128845,B02,1
asl_citizen:9639829625128289-REGISTER,asl_citizen:9639829625128289-REGISTER,P35,test,GOLD_EXISTING_LEXICAL_OR_SENTENCE,141,141,1,0.8937430381774902,B02,1
asl_citizen:022475325018666226-REGISTER,asl_citizen:022475325018666226-REGISTER,P48,test,GOLD_EXISTING_LEXICAL_OR_SENTENCE,141,141,1,0.6269540786743164,B02,1
asl_citizen:09054295287350245-REGISTER,asl_citizen:09054295287350245-REGISTER,P9,test,GOLD_EXISTING_LEXICAL_OR_SENTENCE,141,95,0,0.3018173575401306,B02,1
asl_citizen:40007957997035826-REGISTER,asl_citizen:40007957997035826-REGISTER,P47,test,GOLD_EXISTING_LEXICAL_OR_SENTENCE,141,141,1,0.9899875521659851,B02,1
asl_citizen:2045673627319149-REGISTER,asl_citizen:2045673627319149-REGISTER,P42,test,GOLD_EXISTING_LEXICAL_OR_SENTENCE,141,141,1,0.9961676001548767,B02,1
asl_citizen:19466969481468022-RESTAURANT,asl_citizen:19466969481468022-RESTAURANT,P35,test,GOLD_EXISTING_LEXICAL_OR_SENTENCE,142,142,1,0.937854528427124,B02,1
asl_citizen:698203699729971-RESTAURANT,asl_citizen:698203699729971-RESTAURANT,P42,test,GOLD_EXISTING_LEXICAL_OR_SENTENCE,142,142,1,0.9944262504577637,B02,1
asl_citizen:4752142917519069-RESTAURANT,asl_citizen:4752142917519069-RESTAURANT,P47,test,GOLD_EXISTING_LEXICAL_OR_SENTENCE,142,142,1,0.7463134527206421,B02,1
asl_citizen:8905841042232867-RESTAURANT,asl_citizen:8905841042232867-RESTAURANT,P17,test,GOLD_EXISTING_LEXICAL_OR_SENTENCE,142,142,1,0.7861039042472839,B02,1
asl_citizen:7401223768646483-RESTAURANT,asl_citizen:7401223768646483-RESTAURANT,P48,test,GOLD_EXISTING_LEXICAL_OR_SENTENCE,142,142,1,0.850180983543396,B02,1
asl_citizen:9064104493829628-RESTAURANT,asl_citizen:9064104493829628-RESTAURANT,P22,test,GOLD_EXISTING_LEXICAL_OR_SENTENCE,142,142,1,0.7271932363510132,B02,1
asl_citizen:16947273607305258-RESTAURANT,asl_citizen:16947273607305258-RESTAURANT,P18,test,GOLD_EXISTING_LEXICAL_OR_SENTENCE,142,142,1,0.9917634725570679,B02,1
asl_citizen:7274767352225469-RESTAURANT,asl_citizen:7274767352225469-RESTAURANT,P9,test,GOLD_EXISTING_LEXICAL_OR_SENTENCE,142,142,1,0.8900384306907654,B02,1
asl_citizen:9009140890474454-RHINO,asl_citizen:9009140890474454-RHINO,P35,test,GOLD_EXISTING_LEXICAL_OR_SENTENCE,143,143,1,0.9762483239173889,B02,1
asl_citizen:7129765281724938-RHINO,asl_citizen:7129765281724938-RHINO,P47,test,GOLD_EXISTING_LEXICAL_OR_SENTENCE,143,143,1,0.5207274556159973,B02,1
asl_citizen:7257207241546646-RHINO,asl_citizen:7257207241546646-RHINO,P49,test,GOLD_EXISTING_LEXICAL_OR_SENTENCE,143,143,1,0.564107358455658,B02,1
asl_citizen:17037549589664192-RHINO,asl_citizen:17037549589664192-RHINO,P6,test,GOLD_EXISTING_LEXICAL_OR_SENTENCE,143,143,1,0.9648721218109131,B02,1
asl_citizen:18034471009038877-RHINO,asl_citizen:18034471009038877-RHINO,P22,test,GOLD_EXISTING_LEXICAL_OR_SENTENCE,143,143,1,0.8237313032150269,B02,1
asl_citizen:5395780022051135-RHINO,asl_citizen:5395780022051135-RHINO,P17,test,GOLD_EXISTING_LEXICAL_OR_SENTENCE,143,143,1,0.9806252717971802,B02,1
asl_citizen:5823827078681079-RHINO,asl_citizen:5823827078681079-RHINO,P18,test,GOLD_EXISTING_LEXICAL_OR_SENTENCE,143,143,1,0.9415761232376099,B02,1
asl_citizen:36410534137340056-RHINO,asl_citizen:36410534137340056-RHINO,P9,test,GOLD_EXISTING_LEXICAL_OR_SENTENCE,143,143,1,0.9758660793304443,B02,1
asl_citizen:2519463938747688-RUSH,asl_citizen:2519463938747688-RUSH,P48,test,GOLD_EXISTING_LEXICAL_OR_SENTENCE,144,144,1,0.8318375945091248,B02,1
asl_citizen:027571437679423383-RUSH,asl_citizen:027571437679423383-RUSH,P47,test,GOLD_EXISTING_LEXICAL_OR_SENTENCE,144,144,1,0.888181209564209,B02,1
asl_citizen:44731932993595436-RUSH,asl_citizen:44731932993595436-RUSH,P6,test,GOLD_EXISTING_LEXICAL_OR_SENTENCE,144,144,1,0.858944833278656,B02,1
asl_citizen:6120864686400156-RUSH,asl_citizen:6120864686400156-RUSH,P18,test,GOLD_EXISTING_LEXICAL_OR_SENTENCE,144,144,1,0.9994404911994934,B02,1
asl_citizen:5986370403222989-RUSH,asl_citizen:5986370403222989-RUSH,P35,test,GOLD_EXISTING_LEXICAL_OR_SENTENCE,144,144,1,0.9909481406211853,B02,1
asl_citizen:5787596106951816-RUSH,asl_citizen:5787596106951816-RUSH,P9,test,GOLD_EXISTING_LEXICAL_OR_SENTENCE,144,144,1,0.9634085297584534,B02,1
asl_citizen:970627555717537-RUSH,asl_citizen:970627555717537-RUSH,P22,test,GOLD_EXISTING_LEXICAL_OR_SENTENCE,144,144,1,0.9993140697479248,B02,1
asl_citizen:6885115889892539-RUSH,asl_citizen:6885115889892539-RUSH,P9,test,GOLD_EXISTING_LEXICAL_OR_SENTENCE,144,130,0,0.5024760365486145,B02,1
asl_citizen:5671220265034711-SAIL 2,asl_citizen:5671220265034711-SAIL 2,P49,test,GOLD_EXISTING_LEXICAL_OR_SENTENCE,145,145,1,0.9927265644073486,B02,1
asl_citizen:8298420400860262-SAIL 2,asl_citizen:8298420400860262-SAIL 2,P18,test,GOLD_EXISTING_LEXICAL_OR_SENTENCE,145,3,0,0.3708155155181885,B02,1
asl_citizen:8365337464131144-SAIL 2,asl_citizen:8365337464131144-SAIL 2,P17,test,GOLD_EXISTING_LEXICAL_OR_SENTENCE,145,145,1,0.9462962746620178,B02,1
asl_citizen:5493974082836584-SAIL 2,asl_citizen:5493974082836584-SAIL 2,P47,test,GOLD_EXISTING_LEXICAL_OR_SENTENCE,145,145,1,0.8860152363777161,B02,1
asl_citizen:25193493599062466-SAIL 2,asl_citizen:25193493599062466-SAIL 2,P6,test,GOLD_EXISTING_LEXICAL_OR_SENTENCE,145,109,0,0.7991582751274109,B02,1
asl_citizen:19910436412347976-SAIL 2,asl_citizen:19910436412347976-SAIL 2,P48,test,GOLD_EXISTING_LEXICAL_OR_SENTENCE,145,109,0,0.9211297631263733,B02,1
asl_citizen:998664525579968-SAIL 2,asl_citizen:998664525579968-SAIL 2,P35,test,GOLD_EXISTING_LEXICAL_OR_SENTENCE,145,145,1,0.9497738480567932,B02,1
asl_citizen:8532015518358596-SAIL 2,asl_citizen:8532015518358596-SAIL 2,P9,test,GOLD_EXISTING_LEXICAL_OR_SENTENCE,145,145,1,0.9894774556159973,B02,1
asl_citizen:07028305904568288-SALT,asl_citizen:07028305904568288-SALT,P48,test,GOLD_EXISTING_LEXICAL_OR_SENTENCE,146,146,1,0.7718620300292969,B02,1
asl_citizen:771924264423336-SALT,asl_citizen:771924264423336-SALT,P49,test,GOLD_EXISTING_LEXICAL_OR_SENTENCE,146,146,1,0.9655135869979858,B02,1
asl_citizen:25049365626104025-SALT,asl_citizen:25049365626104025-SALT,P35,test,GOLD_EXISTING_LEXICAL_OR_SENTENCE,146,65,0,0.44540801644325256,B02,1
asl_citizen:9639738269415754-SALT,asl_citizen:9639738269415754-SALT,P18,test,GOLD_EXISTING_LEXICAL_OR_SENTENCE,146,146,1,0.7246135473251343,B02,1
asl_citizen:3113285790937248-SALT,asl_citizen:3113285790937248-SALT,P35,test,GOLD_EXISTING_LEXICAL_OR_SENTENCE,146,146,1,0.9907038807868958,B02,1
asl_citizen:7295850548537901-SALT,asl_citizen:7295850548537901-SALT,P6,test,GOLD_EXISTING_LEXICAL_OR_SENTENCE,146,146,1,0.8754536509513855,B02,1
asl_citizen:9017897696226882-SALT,asl_citizen:9017897696226882-SALT,P17,test,GOLD_EXISTING_LEXICAL_OR_SENTENCE,146,146,1,0.9895287156105042,B02,1
asl_citizen:2728213318874628-SALT,asl_citizen:2728213318874628-SALT,P9,test,GOLD_EXISTING_LEXICAL_OR_SENTENCE,146,175,0,0.724565327167511,B02,1
asl_citizen:249367169566167-SCOOP,asl_citizen:249367169566167-SCOOP,P49,test,GOLD_EXISTING_LEXICAL_OR_SENTENCE,147,147,1,0.43770959973335266,B02,1
asl_citizen:010766761857086804-SCOOP,asl_citizen:010766761857086804-SCOOP,P18,test,GOLD_EXISTING_LEXICAL_OR_SENTENCE,147,147,1,0.9992244243621826,B02,1
asl_citizen:45688609350556075-SCOOP,asl_citizen:45688609350556075-SCOOP,P9,test,GOLD_EXISTING_LEXICAL_OR_SENTENCE,147,77,0,0.2631288766860962,B02,1
asl_citizen:777254747711311-SCOOP,asl_citizen:777254747711311-SCOOP,P15,test,GOLD_EXISTING_LEXICAL_OR_SENTENCE,147,147,1,0.9942726492881775,B02,1
asl_citizen:6154732147946227-SCOOP,asl_citizen:6154732147946227-SCOOP,P42,test,GOLD_EXISTING_LEXICAL_OR_SENTENCE,147,18,0,0.48574769496917725,B02,1
asl_citizen:19224516700730288-SCOOP,asl_citizen:19224516700730288-SCOOP,P49,test,GOLD_EXISTING_LEXICAL_OR_SENTENCE,147,147,1,0.9997913241386414,B02,1
asl_citizen:24094649605232776-SCOOP,asl_citizen:24094649605232776-SCOOP,P22,test,GOLD_EXISTING_LEXICAL_OR_SENTENCE,147,147,1,0.9785333275794983,B02,1
asl_citizen:9730091562410323-SCOOP,asl_citizen:9730091562410323-SCOOP,P47,test,GOLD_EXISTING_LEXICAL_OR_SENTENCE,147,147,1,0.9989156723022461,B02,1
asl_citizen:7600208365404493-SECRET,asl_citizen:7600208365404493-SECRET,P48,test,GOLD_EXISTING_LEXICAL_OR_SENTENCE,148,148,1,0.6084708571434021,B02,1
asl_citizen:3785222980509524-SECRET,asl_citizen:3785222980509524-SECRET,P17,test,GOLD_EXISTING_LEXICAL_OR_SENTENCE,148,148,1,0.6044724583625793,B02,1
asl_citizen:9331764379331171-SECRET,asl_citizen:9331764379331171-SECRET,P49,test,GOLD_EXISTING_LEXICAL_OR_SENTENCE,148,148,1,0.8977915644645691,B02,1
asl_citizen:30873653752757924-SECRET,asl_citizen:30873653752757924-SECRET,P47,test,GOLD_EXISTING_LEXICAL_OR_SENTENCE,148,148,1,0.7094496488571167,B02,1
asl_citizen:2158523027438073-SECRET,asl_citizen:2158523027438073-SECRET,P6,test,GOLD_EXISTING_LEXICAL_OR_SENTENCE,148,148,1,0.8441441059112549,B02,1
asl_citizen:49431623630020516-SECRET,asl_citizen:49431623630020516-SECRET,P15,test,GOLD_EXISTING_LEXICAL_OR_SENTENCE,148,148,1,0.5498978495597839,B02,1
asl_citizen:4961054386479491-SECRET,asl_citizen:4961054386479491-SECRET,P35,test,GOLD_EXISTING_LEXICAL_OR_SENTENCE,148,148,1,0.9059185981750488,B02,1
asl_citizen:9014133516703418-SECRET,asl_citizen:9014133516703418-SECRET,P22,test,GOLD_EXISTING_LEXICAL_OR_SENTENCE,148,148,1,0.8574510216712952,B02,1
asl_citizen:44723797232487494-SEND,asl_citizen:44723797232487494-SEND,P48,test,GOLD_EXISTING_LEXICAL_OR_SENTENCE,149,149,1,0.48956212401390076,B02,1
asl_citizen:6630994156987291-SEND,asl_citizen:6630994156987291-SEND,P35,test,GOLD_EXISTING_LEXICAL_OR_SENTENCE,149,149,1,0.9980216026306152,B02,1
asl_citizen:38411736040805344-SEND,asl_citizen:38411736040805344-SEND,P22,test,GOLD_EXISTING_LEXICAL_OR_SENTENCE,149,149,1,0.7950551509857178,B02,1
asl_citizen:8241709412018865-SEND,asl_citizen:8241709412018865-SEND,P9,test,GOLD_EXISTING_LEXICAL_OR_SENTENCE,149,11,0,0.3838038742542267,B02,1
asl_citizen:3098568377560049-SEND,asl_citizen:3098568377560049-SEND,P15,test,GOLD_EXISTING_LEXICAL_OR_SENTENCE,149,55,0,0.4729175269603729,B02,1
asl_citizen:7615518031882893-SEND,asl_citizen:7615518031882893-SEND,P22,test,GOLD_EXISTING_LEXICAL_OR_SENTENCE,149,149,1,0.5649422407150269,B02,1
asl_citizen:13553502839177423-SEND,asl_citizen:13553502839177423-SEND,P6,test,GOLD_EXISTING_LEXICAL_OR_SENTENCE,149,149,1,0.8371100425720215,B02,1
asl_citizen:6990328291359291-SEND,asl_citizen:6990328291359291-SEND,P49,test,GOLD_EXISTING_LEXICAL_OR_SENTENCE,149,198,0,0.5490122437477112,B02,1
asl_citizen:5000931412799545-SHARPEN 1,asl_citizen:5000931412799545-SHARPEN 1,P17,test,GOLD_EXISTING_LEXICAL_OR_SENTENCE,150,184,0,0.8392550945281982,B02,1
asl_citizen:8658051333761474-SHARPEN 1,asl_citizen:8658051333761474-SHARPEN 1,P22,test,GOLD_EXISTING_LEXICAL_OR_SENTENCE,150,150,1,0.6771665811538696,B02,1
asl_citizen:1902131450657536-SHARPEN 1,asl_citizen:1902131450657536-SHARPEN 1,P6,test,GOLD_EXISTING_LEXICAL_OR_SENTENCE,150,97,0,0.9599869847297668,B02,1
asl_citizen:6806229526128476-SHARPEN 1,asl_citizen:6806229526128476-SHARPEN 1,P47,test,GOLD_EXISTING_LEXICAL_OR_SENTENCE,150,150,1,0.943309485912323,B02,1
asl_citizen:043212209888262354-SHARPEN 1,asl_citizen:043212209888262354-SHARPEN 1,P18,test,GOLD_EXISTING_LEXICAL_OR_SENTENCE,150,150,1,0.9016963243484497,B02,1
asl_citizen:35281819133308834-SHARPEN 1,asl_citizen:35281819133308834-SHARPEN 1,P22,test,GOLD_EXISTING_LEXICAL_OR_SENTENCE,150,184,0,0.558269739151001,B02,1
asl_citizen:39747253059028664-SHARPEN 1,asl_citizen:39747253059028664-SHARPEN 1,P18,test,GOLD_EXISTING_LEXICAL_OR_SENTENCE,150,150,1,0.9365956783294678,B02,1
asl_citizen:22242007163329114-SHARPEN 1,asl_citizen:22242007163329114-SHARPEN 1,P48,test,GOLD_EXISTING_LEXICAL_OR_SENTENCE,150,150,1,0.884486973285675,B02,1
asl_citizen:03823432282019801-SHIELD,asl_citizen:03823432282019801-SHIELD,P15,test,GOLD_EXISTING_LEXICAL_OR_SENTENCE,151,151,1,0.9673586487770081,B02,1
asl_citizen:26093755733218793-SHIELD,asl_citizen:26093755733218793-SHIELD,P35,test,GOLD_EXISTING_LEXICAL_OR_SENTENCE,151,151,1,0.993815541267395,B02,1
asl_citizen:15801447607076358-SHIELD,asl_citizen:15801447607076358-SHIELD,P22,test,GOLD_EXISTING_LEXICAL_OR_SENTENCE,151,71,0,0.9126943945884705,B02,1
asl_citizen:03088268698265395-SHIELD,asl_citizen:03088268698265395-SHIELD,P17,test,GOLD_EXISTING_LEXICAL_OR_SENTENCE,151,71,0,0.6672757267951965,B02,1
asl_citizen:38571767317215255-SHIELD,asl_citizen:38571767317215255-SHIELD,P48,test,GOLD_EXISTING_LEXICAL_OR_SENTENCE,151,151,1,0.509096086025238,B02,1
asl_citizen:8327106724654354-SHIELD,asl_citizen:8327106724654354-SHIELD,P6,test,GOLD_EXISTING_LEXICAL_OR_SENTENCE,151,71,0,0.6066498160362244,B02,1
asl_citizen:8733527987947034-SHIELD,asl_citizen:8733527987947034-SHIELD,P15,test,GOLD_EXISTING_LEXICAL_OR_SENTENCE,151,151,1,0.9476356506347656,B02,1
asl_citizen:5333785095117796-SHIELD,asl_citizen:5333785095117796-SHIELD,P9,test,GOLD_EXISTING_LEXICAL_OR_SENTENCE,151,151,1,0.5035678148269653,B02,1
asl_citizen:7383296308715495-SHOOT 2,asl_citizen:7383296308715495-SHOOT 2,P6,test,GOLD_EXISTING_LEXICAL_OR_SENTENCE,152,95,0,0.6202298998832703,B02,1
asl_citizen:6706757560789209-SHOOT 2,asl_citizen:6706757560789209-SHOOT 2,P15,test,GOLD_EXISTING_LEXICAL_OR_SENTENCE,152,152,1,0.9970519542694092,B02,1
asl_citizen:28706766177255094-SHOOT 2,asl_citizen:28706766177255094-SHOOT 2,P9,test,GOLD_EXISTING_LEXICAL_OR_SENTENCE,152,177,0,0.33891761302948,B02,1
asl_citizen:8122363861858433-SHOOT 2,asl_citizen:8122363861858433-SHOOT 2,P35,test,GOLD_EXISTING_LEXICAL_OR_SENTENCE,152,2,0,0.4149073362350464,B02,1
asl_citizen:5209899942847593-SHOOT 2,asl_citizen:5209899942847593-SHOOT 2,P18,test,GOLD_EXISTING_LEXICAL_OR_SENTENCE,152,80,0,0.5693816542625427,B02,1
asl_citizen:6863152284621228-SHOOT 2,asl_citizen:6863152284621228-SHOOT 2,P18,test,GOLD_EXISTING_LEXICAL_OR_SENTENCE,152,152,1,0.9294790625572205,B02,1
asl_citizen:17120646870983025-SHOOT 2,asl_citizen:17120646870983025-SHOOT 2,P47,test,GOLD_EXISTING_LEXICAL_OR_SENTENCE,152,152,1,0.9982241988182068,B02,1
asl_citizen:3707478469019385-SHOOT 2,asl_citizen:3707478469019385-SHOOT 2,P6,test,GOLD_EXISTING_LEXICAL_OR_SENTENCE,152,47,0,0.5630249977111816,B02,1
asl_citizen:8897058305283605-SHOOTING,asl_citizen:8897058305283605-SHOOTING,P35,test,GOLD_EXISTING_LEXICAL_OR_SENTENCE,153,153,1,0.9985456466674805,B02,1
asl_citizen:5674275647230758-SHOOTING,asl_citizen:5674275647230758-SHOOTING,P9,test,GOLD_EXISTING_LEXICAL_OR_SENTENCE,153,153,1,0.9721222519874573,B02,1
asl_citizen:17384757904244874-SHOOTING,asl_citizen:17384757904244874-SHOOTING,P48,test,GOLD_EXISTING_LEXICAL_OR_SENTENCE,153,153,1,0.7377511262893677,B02,1
asl_citizen:2836475442072304-SHOOTING,asl_citizen:2836475442072304-SHOOTING,P17,test,GOLD_EXISTING_LEXICAL_OR_SENTENCE,153,153,1,0.99294114112854,B02,1
asl_citizen:21501932222050724-SHOOTING,asl_citizen:21501932222050724-SHOOTING,P18,test,GOLD_EXISTING_LEXICAL_OR_SENTENCE,153,153,1,0.9444955587387085,B02,1
asl_citizen:6512142781084489-SHOOTING,asl_citizen:6512142781084489-SHOOTING,P42,test,GOLD_EXISTING_LEXICAL_OR_SENTENCE,153,153,1,0.997071385383606,B02,1
asl_citizen:3753906652975558-SHOOTING,asl_citizen:3753906652975558-SHOOTING,P47,test,GOLD_EXISTING_LEXICAL_OR_SENTENCE,153,153,1,0.9888366460800171,B02,1
asl_citizen:40951976240363375-SHOOTING,asl_citizen:40951976240363375-SHOOTING,P49,test,GOLD_EXISTING_LEXICAL_OR_SENTENCE,153,153,1,0.828085720539093,B02,1
asl_citizen:41679860029094606-SHOT,asl_citizen:41679860029094606-SHOT,P35,test,GOLD_EXISTING_LEXICAL_OR_SENTENCE,154,154,1,0.999405026435852,B02,1
asl_citizen:8240048277919259-SHOT,asl_citizen:8240048277919259-SHOT,P49,test,GOLD_EXISTING_LEXICAL_OR_SENTENCE,154,154,1,0.7956559062004089,B02,1
asl_citizen:10267126113165492-SHOT,asl_citizen:10267126113165492-SHOT,P48,test,GOLD_EXISTING_LEXICAL_OR_SENTENCE,154,154,1,0.5066171288490295,B02,1
asl_citizen:12253653686390042-SHOT,asl_citizen:12253653686390042-SHOT,P17,test,GOLD_EXISTING_LEXICAL_OR_SENTENCE,154,154,1,0.46588003635406494,B02,1
asl_citizen:32402486526671526-SHOT,asl_citizen:32402486526671526-SHOT,P9,test,GOLD_EXISTING_LEXICAL_OR_SENTENCE,154,154,1,0.988020122051239,B02,1
asl_citizen:6205447470012193-SHOT,asl_citizen:6205447470012193-SHOT,P48,test,GOLD_EXISTING_LEXICAL_OR_SENTENCE,154,74,0,0.6174376606941223,B02,1
asl_citizen:21634847585574835-SHOT,asl_citizen:21634847585574835-SHOT,P22,test,GOLD_EXISTING_LEXICAL_OR_SENTENCE,154,111,0,0.39189067482948303,B02,1
asl_citizen:7758439693732813-SHOT,asl_citizen:7758439693732813-SHOT,P42,test,GOLD_EXISTING_LEXICAL_OR_SENTENCE,154,86,0,0.394077867269516,B02,1
asl_citizen:20643740951501166-SHUT OUT,asl_citizen:20643740951501166-SHUT OUT,P47,test,GOLD_EXISTING_LEXICAL_OR_SENTENCE,155,155,1,0.9919853210449219,B02,1
asl_citizen:9212036843990614-SHUT OUT,asl_citizen:9212036843990614-SHUT OUT,P49,test,GOLD_EXISTING_LEXICAL_OR_SENTENCE,155,155,1,0.9917365908622742,B02,1
asl_citizen:0636580316216-SHUT OUT,asl_citizen:0636580316216-SHUT OUT,P17,test,GOLD_EXISTING_LEXICAL_OR_SENTENCE,155,155,1,0.9973819851875305,B02,1
asl_citizen:2607120100781699-SHUT OUT,asl_citizen:2607120100781699-SHUT OUT,P47,test,GOLD_EXISTING_LEXICAL_OR_SENTENCE,155,155,1,0.9247825145721436,B02,1
asl_citizen:5960389506441459-SHUT OUT,asl_citizen:5960389506441459-SHUT OUT,P22,test,GOLD_EXISTING_LEXICAL_OR_SENTENCE,155,155,1,0.9968549013137817,B02,1
asl_citizen:7255202523785196-SHUT OUT,asl_citizen:7255202523785196-SHUT OUT,P6,test,GOLD_EXISTING_LEXICAL_OR_SENTENCE,155,155,1,0.9965548515319824,B02,1
asl_citizen:8427732173530238-SHUT OUT,asl_citizen:8427732173530238-SHUT OUT,P15,test,GOLD_EXISTING_LEXICAL_OR_SENTENCE,155,155,1,0.9743476510047913,B02,1
asl_citizen:21748206298301098-SHUT OUT,asl_citizen:21748206298301098-SHUT OUT,P18,test,GOLD_EXISTING_LEXICAL_OR_SENTENCE,155,155,1,0.9929063320159912,B02,1
asl_citizen:03582115602621383-SIDE,asl_citizen:03582115602621383-SIDE,P48,test,GOLD_EXISTING_LEXICAL_OR_SENTENCE,156,156,1,0.5635296106338501,B02,1
asl_citizen:584256881494418-SIDE,asl_citizen:584256881494418-SIDE,P47,test,GOLD_EXISTING_LEXICAL_OR_SENTENCE,156,156,1,0.9803014397621155,B02,1
asl_citizen:7479705292720449-SIDE,asl_citizen:7479705292720449-SIDE,P18,test,GOLD_EXISTING_LEXICAL_OR_SENTENCE,156,156,1,0.987442672252655,B02,1
asl_citizen:5420612868708861-SIDE,asl_citizen:5420612868708861-SIDE,P17,test,GOLD_EXISTING_LEXICAL_OR_SENTENCE,156,156,1,0.5703922510147095,B02,1
asl_citizen:10459504068825787-SIDE,asl_citizen:10459504068825787-SIDE,P49,test,GOLD_EXISTING_LEXICAL_OR_SENTENCE,156,156,1,0.9760577082633972,B02,1
asl_citizen:7088118724781087-SIDE,asl_citizen:7088118724781087-SIDE,P22,test,GOLD_EXISTING_LEXICAL_OR_SENTENCE,156,135,0,0.651539146900177,B02,1
asl_citizen:03506330749112463-SIDE,asl_citizen:03506330749112463-SIDE,P15,test,GOLD_EXISTING_LEXICAL_OR_SENTENCE,156,177,0,0.6625971794128418,B02,1
asl_citizen:1289041520425227-SIDE,asl_citizen:1289041520425227-SIDE,P6,test,GOLD_EXISTING_LEXICAL_OR_SENTENCE,156,156,1,0.9766992330551147,B02,1
asl_citizen:6795467330954337-SING,asl_citizen:6795467330954337-SING,P47,test,GOLD_EXISTING_LEXICAL_OR_SENTENCE,157,161,0,0.7013034224510193,B02,1
asl_citizen:5540773958748633-SING,asl_citizen:5540773958748633-SING,P15,test,GOLD_EXISTING_LEXICAL_OR_SENTENCE,157,157,1,0.7675008177757263,B02,1
asl_citizen:7243419395622124-SING,asl_citizen:7243419395622124-SING,P35,test,GOLD_EXISTING_LEXICAL_OR_SENTENCE,157,157,1,0.928765058517456,B02,1
asl_citizen:8187593701354778-SING,asl_citizen:8187593701354778-SING,P42,test,GOLD_EXISTING_LEXICAL_OR_SENTENCE,157,157,1,0.39091262221336365,B02,1
asl_citizen:7033685537226488-SING,asl_citizen:7033685537226488-SING,P18,test,GOLD_EXISTING_LEXICAL_OR_SENTENCE,157,157,1,0.8727632761001587,B02,1
asl_citizen:9266519727005482-SING,asl_citizen:9266519727005482-SING,P48,test,GOLD_EXISTING_LEXICAL_OR_SENTENCE,157,157,1,0.7051085233688354,B02,1
asl_citizen:5630457624804381-SING,asl_citizen:5630457624804381-SING,P15,test,GOLD_EXISTING_LEXICAL_OR_SENTENCE,157,4,0,0.6897160410881042,B02,1
asl_citizen:6731015977320463-SING,asl_citizen:6731015977320463-SING,P17,test,GOLD_EXISTING_LEXICAL_OR_SENTENCE,157,92,0,0.3685741126537323,B02,1
asl_citizen:6424503820995862-SKI-CA,asl_citizen:6424503820995862-SKI-CA,P18,test,GOLD_EXISTING_LEXICAL_OR_SENTENCE,158,158,1,0.9980656504631042,B02,1
asl_citizen:30739953296255673-SKI-CA,asl_citizen:30739953296255673-SKI-CA,P15,test,GOLD_EXISTING_LEXICAL_OR_SENTENCE,158,158,1,0.5198109149932861,B02,1
asl_citizen:0401922492754927-SKI-CA,asl_citizen:0401922492754927-SKI-CA,P49,test,GOLD_EXISTING_LEXICAL_OR_SENTENCE,158,158,1,0.91371089220047,B02,1
asl_citizen:5295150070242614-SKI-CA,asl_citizen:5295150070242614-SKI-CA,P42,test,GOLD_EXISTING_LEXICAL_OR_SENTENCE,158,158,1,0.9982789754867554,B02,1
asl_citizen:41850154065199363-SKI-CA,asl_citizen:41850154065199363-SKI-CA,P35,test,GOLD_EXISTING_LEXICAL_OR_SENTENCE,158,158,1,0.9837238788604736,B02,1
asl_citizen:5472213032730637-SKI-CA,asl_citizen:5472213032730637-SKI-CA,P9,test,GOLD_EXISTING_LEXICAL_OR_SENTENCE,158,158,1,0.9097104072570801,B02,1
asl_citizen:5395594489712972-SKI-CA,asl_citizen:5395594489712972-SKI-CA,P47,test,GOLD_EXISTING_LEXICAL_OR_SENTENCE,158,158,1,0.9994741082191467,B02,1
asl_citizen:390710289933893-SKI-CA,asl_citizen:390710289933893-SKI-CA,P47,test,GOLD_EXISTING_LEXICAL_OR_SENTENCE,158,158,1,0.9988119602203369,B02,1
asl_citizen:34554624060560335-SLIP,asl_citizen:34554624060560335-SLIP,P6,test,GOLD_EXISTING_LEXICAL_OR_SENTENCE,159,126,0,0.40926459431648254,B02,1
asl_citizen:7104950036026689-SLIP,asl_citizen:7104950036026689-SLIP,P35,test,GOLD_EXISTING_LEXICAL_OR_SENTENCE,159,159,1,0.3389239013195038,B02,1
asl_citizen:8395830500298627-SLIP,asl_citizen:8395830500298627-SLIP,P18,test,GOLD_EXISTING_LEXICAL_OR_SENTENCE,159,159,1,0.9849222898483276,B02,1
asl_citizen:8066638436237525-SLIP,asl_citizen:8066638436237525-SLIP,P9,test,GOLD_EXISTING_LEXICAL_OR_SENTENCE,159,159,1,0.945500910282135,B02,1
asl_citizen:005125580808864827-SLIP,asl_citizen:005125580808864827-SLIP,P48,test,GOLD_EXISTING_LEXICAL_OR_SENTENCE,159,159,1,0.40766653418540955,B02,1
asl_citizen:30018462866258444-SLIP,asl_citizen:30018462866258444-SLIP,P49,test,GOLD_EXISTING_LEXICAL_OR_SENTENCE,159,159,1,0.9438849091529846,B02,1
asl_citizen:5468478715016525-SLIP,asl_citizen:5468478715016525-SLIP,P22,test,GOLD_EXISTING_LEXICAL_OR_SENTENCE,159,159,1,0.694794774055481,B02,1
asl_citizen:7052830187776828-SLIP,asl_citizen:7052830187776828-SLIP,P6,test,GOLD_EXISTING_LEXICAL_OR_SENTENCE,159,159,1,0.6528385281562805,B02,1
asl_citizen:7416288853276949-SMELL MONEY,asl_citizen:7416288853276949-SMELL MONEY,P15,test,GOLD_EXISTING_LEXICAL_OR_SENTENCE,160,160,1,0.8718097805976868,B02,1
asl_citizen:034097320824441946-SMELL MONEY,asl_citizen:034097320824441946-SMELL MONEY,P42,test,GOLD_EXISTING_LEXICAL_OR_SENTENCE,160,160,1,0.5813515782356262,B02,1
asl_citizen:9237669407499061-SMELL MONEY,asl_citizen:9237669407499061-SMELL MONEY,P49,test,GOLD_EXISTING_LEXICAL_OR_SENTENCE,160,160,1,0.8846288323402405,B02,1
asl_citizen:8285775472419534-SMELL MONEY,asl_citizen:8285775472419534-SMELL MONEY,P48,test,GOLD_EXISTING_LEXICAL_OR_SENTENCE,160,160,1,0.8098854422569275,B02,1
asl_citizen:855539983404578-SMELL MONEY,asl_citizen:855539983404578-SMELL MONEY,P18,test,GOLD_EXISTING_LEXICAL_OR_SENTENCE,160,160,1,0.9668760895729065,B02,1
asl_citizen:3241300306459223-SMELL MONEY,asl_citizen:3241300306459223-SMELL MONEY,P22,test,GOLD_EXISTING_LEXICAL_OR_SENTENCE,160,160,1,0.9301102757453918,B02,1
asl_citizen:44292691668153217-SMELL MONEY,asl_citizen:44292691668153217-SMELL MONEY,P9,test,GOLD_EXISTING_LEXICAL_OR_SENTENCE,160,160,1,0.8998691439628601,B02,1
asl_citizen:6642717834613965-SMELL MONEY,asl_citizen:6642717834613965-SMELL MONEY,P17,test,GOLD_EXISTING_LEXICAL_OR_SENTENCE,160,160,1,0.8242592215538025,B02,1
asl_citizen:8035548352616286-SODA,asl_citizen:8035548352616286-SODA,P42,test,GOLD_EXISTING_LEXICAL_OR_SENTENCE,161,161,1,0.9588207602500916,B02,1
asl_citizen:46740013382390644-SODA,asl_citizen:46740013382390644-SODA,P49,test,GOLD_EXISTING_LEXICAL_OR_SENTENCE,161,161,1,0.9265480041503906,B02,1
asl_citizen:19478616623568867-SODA,asl_citizen:19478616623568867-SODA,P35,test,GOLD_EXISTING_LEXICAL_OR_SENTENCE,161,161,1,0.998323380947113,B02,1
asl_citizen:664135263079644-SODA,asl_citizen:664135263079644-SODA,P47,test,GOLD_EXISTING_LEXICAL_OR_SENTENCE,161,161,1,0.9904651641845703,B02,1
asl_citizen:0042094656857616375-SODA,asl_citizen:0042094656857616375-SODA,P17,test,GOLD_EXISTING_LEXICAL_OR_SENTENCE,161,127,0,0.1211201474070549,B02,1
asl_citizen:4312724660062097-SODA,asl_citizen:4312724660062097-SODA,P48,test,GOLD_EXISTING_LEXICAL_OR_SENTENCE,161,161,1,0.9989691972732544,B02,1
asl_citizen:14672316800115537-SODA,asl_citizen:14672316800115537-SODA,P18,test,GOLD_EXISTING_LEXICAL_OR_SENTENCE,161,161,1,0.9998149275779724,B02,1
asl_citizen:6867026413720294-SODA,asl_citizen:6867026413720294-SODA,P9,test,GOLD_EXISTING_LEXICAL_OR_SENTENCE,161,69,0,0.6024272441864014,B02,1
asl_citizen:31573107118682464-SOON 3,asl_citizen:31573107118682464-SOON 3,P48,test,GOLD_EXISTING_LEXICAL_OR_SENTENCE,162,173,0,0.2571354806423187,B02,1
asl_citizen:5786245403965293-SOON 3,asl_citizen:5786245403965293-SOON 3,P6,test,GOLD_EXISTING_LEXICAL_OR_SENTENCE,162,25,0,0.5407254695892334,B02,1
asl_citizen:17936877528480943-SOON 3,asl_citizen:17936877528480943-SOON 3,P15,test,GOLD_EXISTING_LEXICAL_OR_SENTENCE,162,162,1,0.9995719790458679,B02,1
asl_citizen:12409103675769195-SOON 3,asl_citizen:12409103675769195-SOON 3,P17,test,GOLD_EXISTING_LEXICAL_OR_SENTENCE,162,173,0,0.7870004773139954,B02,1
asl_citizen:023887665833127514-SOON 3,asl_citizen:023887665833127514-SOON 3,P49,test,GOLD_EXISTING_LEXICAL_OR_SENTENCE,162,173,0,0.12305987626314163,B02,1
asl_citizen:8851488150010913-SOON 3,asl_citizen:8851488150010913-SOON 3,P35,test,GOLD_EXISTING_LEXICAL_OR_SENTENCE,162,162,1,0.9997547268867493,B02,1
asl_citizen:6708390328334637-SOON 3,asl_citizen:6708390328334637-SOON 3,P18,test,GOLD_EXISTING_LEXICAL_OR_SENTENCE,162,162,1,0.998755931854248,B02,1
asl_citizen:9918401531973546-SOON 3,asl_citizen:9918401531973546-SOON 3,P47,test,GOLD_EXISTING_LEXICAL_OR_SENTENCE,162,162,1,0.8975801467895508,B02,1
asl_citizen:4351487484632268-SOUTH,asl_citizen:4351487484632268-SOUTH,P6,test,GOLD_EXISTING_LEXICAL_OR_SENTENCE,163,20,0,0.4340777099132538,B02,1
asl_citizen:0859534901134309-SOUTH,asl_citizen:0859534901134309-SOUTH,P15,test,GOLD_EXISTING_LEXICAL_OR_SENTENCE,163,163,1,0.9750906229019165,B02,1
asl_citizen:22682820533714088-SOUTH,asl_citizen:22682820533714088-SOUTH,P48,test,GOLD_EXISTING_LEXICAL_OR_SENTENCE,163,163,1,0.8285403251647949,B02,1
asl_citizen:1145954363527617-SOUTH,asl_citizen:1145954363527617-SOUTH,P49,test,GOLD_EXISTING_LEXICAL_OR_SENTENCE,163,163,1,0.8699945211410522,B02,1
asl_citizen:22439965265352768-SOUTH,asl_citizen:22439965265352768-SOUTH,P17,test,GOLD_EXISTING_LEXICAL_OR_SENTENCE,163,179,0,0.3142659366130829,B02,1
asl_citizen:3470396748496698-SOUTH,asl_citizen:3470396748496698-SOUTH,P35,test,GOLD_EXISTING_LEXICAL_OR_SENTENCE,163,163,1,0.9683716893196106,B02,1
asl_citizen:6792183310777264-SOUTH,asl_citizen:6792183310777264-SOUTH,P18,test,GOLD_EXISTING_LEXICAL_OR_SENTENCE,163,163,1,0.6985430121421814,B02,1
asl_citizen:33397002745583126-SOUTH,asl_citizen:33397002745583126-SOUTH,P42,test,GOLD_EXISTING_LEXICAL_OR_SENTENCE,163,20,0,0.634818971157074,B02,1
asl_citizen:8611130910053586-SQUARE,asl_citizen:8611130910053586-SQUARE,P48,test,GOLD_EXISTING_LEXICAL_OR_SENTENCE,164,164,1,0.9242194890975952,B02,1
asl_citizen:055551097884108946-SQUARE,asl_citizen:055551097884108946-SQUARE,P9,test,GOLD_EXISTING_LEXICAL_OR_SENTENCE,164,164,1,0.9371196627616882,B02,1
asl_citizen:07963564531915446-SQUARE,asl_citizen:07963564531915446-SQUARE,P42,test,GOLD_EXISTING_LEXICAL_OR_SENTENCE,164,68,0,0.783210277557373,B02,1
asl_citizen:6885469145021257-SQUARE,asl_citizen:6885469145021257-SQUARE,P6,test,GOLD_EXISTING_LEXICAL_OR_SENTENCE,164,164,1,0.9715832471847534,B02,1
asl_citizen:05340482742741659-SQUARE,asl_citizen:05340482742741659-SQUARE,P47,test,GOLD_EXISTING_LEXICAL_OR_SENTENCE,164,164,1,0.9971055388450623,B02,1
asl_citizen:8922501063940509-SQUARE,asl_citizen:8922501063940509-SQUARE,P49,test,GOLD_EXISTING_LEXICAL_OR_SENTENCE,164,164,1,0.9837883710861206,B02,1
asl_citizen:2603256789477888-SQUARE,asl_citizen:2603256789477888-SQUARE,P15,test,GOLD_EXISTING_LEXICAL_OR_SENTENCE,164,164,1,0.9997418522834778,B02,1
asl_citizen:03496082555320812-SQUARE,asl_citizen:03496082555320812-SQUARE,P17,test,GOLD_EXISTING_LEXICAL_OR_SENTENCE,164,164,1,0.9737752079963684,B02,1
asl_citizen:38189932991869613-STACK 2,asl_citizen:38189932991869613-STACK 2,P47,test,GOLD_EXISTING_LEXICAL_OR_SENTENCE,165,165,1,0.843875527381897,B02,1
asl_citizen:030272042210044203-STACK 2,asl_citizen:030272042210044203-STACK 2,P6,test,GOLD_EXISTING_LEXICAL_OR_SENTENCE,165,165,1,0.9663073420524597,B02,1
asl_citizen:5600833221251182-STACK 2,asl_citizen:5600833221251182-STACK 2,P18,test,GOLD_EXISTING_LEXICAL_OR_SENTENCE,165,165,1,0.9810683131217957,B02,1
asl_citizen:5213203400871151-STACK 2,asl_citizen:5213203400871151-STACK 2,P35,test,GOLD_EXISTING_LEXICAL_OR_SENTENCE,165,165,1,0.9992345571517944,B02,1
asl_citizen:31805195481621107-STACK 2,asl_citizen:31805195481621107-STACK 2,P42,test,GOLD_EXISTING_LEXICAL_OR_SENTENCE,165,165,1,0.9585373401641846,B02,1
asl_citizen:27575147877714956-STACK 2,asl_citizen:27575147877714956-STACK 2,P9,test,GOLD_EXISTING_LEXICAL_OR_SENTENCE,165,165,1,0.8500804901123047,B02,1
asl_citizen:14844352021340468-STACK 2,asl_citizen:14844352021340468-STACK 2,P49,test,GOLD_EXISTING_LEXICAL_OR_SENTENCE,165,165,1,0.9956936836242676,B02,1
asl_citizen:08181607627626408-STACK 2,asl_citizen:08181607627626408-STACK 2,P17,test,GOLD_EXISTING_LEXICAL_OR_SENTENCE,165,165,1,0.6365396976470947,B02,1
asl_citizen:3889459167016627-STACK 3,asl_citizen:3889459167016627-STACK 3,P22,test,GOLD_EXISTING_LEXICAL_OR_SENTENCE,166,166,1,0.6280983686447144,B02,1
asl_citizen:3887300467708441-STACK 3,asl_citizen:3887300467708441-STACK 3,P18,test,GOLD_EXISTING_LEXICAL_OR_SENTENCE,166,166,1,0.97468501329422,B02,1
asl_citizen:3472034658807368-STACK 3,asl_citizen:3472034658807368-STACK 3,P35,test,GOLD_EXISTING_LEXICAL_OR_SENTENCE,166,166,1,0.9994057416915894,B02,1
asl_citizen:1895591280284934-STACK 3,asl_citizen:1895591280284934-STACK 3,P6,test,GOLD_EXISTING_LEXICAL_OR_SENTENCE,166,166,1,0.9557693600654602,B02,1
asl_citizen:6094801187069259-STACK 3,asl_citizen:6094801187069259-STACK 3,P48,test,GOLD_EXISTING_LEXICAL_OR_SENTENCE,166,166,1,0.9526773691177368,B02,1
asl_citizen:6752935513772733-STACK 3,asl_citizen:6752935513772733-STACK 3,P15,test,GOLD_EXISTING_LEXICAL_OR_SENTENCE,166,166,1,0.9889511466026306,B02,1
asl_citizen:47467264505565-STACK 3,asl_citizen:47467264505565-STACK 3,P9,test,GOLD_EXISTING_LEXICAL_OR_SENTENCE,166,166,1,0.9813232421875,B02,1
asl_citizen:9192927736176966-STACK 3,asl_citizen:9192927736176966-STACK 3,P49,test,GOLD_EXISTING_LEXICAL_OR_SENTENCE,166,166,1,0.93050616979599,B02,1
asl_citizen:565365748026234-STEAL,asl_citizen:565365748026234-STEAL,P22,test,GOLD_EXISTING_LEXICAL_OR_SENTENCE,167,167,1,0.9971628785133362,B02,1
asl_citizen:5860400106479933-STEAL,asl_citizen:5860400106479933-STEAL,P9,test,GOLD_EXISTING_LEXICAL_OR_SENTENCE,167,41,0,0.3906489908695221,B02,1
asl_citizen:8628515537642008-STEAL,asl_citizen:8628515537642008-STEAL,P47,test,GOLD_EXISTING_LEXICAL_OR_SENTENCE,167,167,1,0.7960681319236755,B02,1
asl_citizen:7375434062573705-STEAL,asl_citizen:7375434062573705-STEAL,P35,test,GOLD_EXISTING_LEXICAL_OR_SENTENCE,167,167,1,0.9998846054077148,B02,1
asl_citizen:7176283320259234-STEAL,asl_citizen:7176283320259234-STEAL,P49,test,GOLD_EXISTING_LEXICAL_OR_SENTENCE,167,139,0,0.25047567486763,B02,1
asl_citizen:7286778234177558-STEAL,asl_citizen:7286778234177558-STEAL,P42,test,GOLD_EXISTING_LEXICAL_OR_SENTENCE,167,167,1,0.9362664222717285,B02,1
asl_citizen:11084219176634225-STEAL,asl_citizen:11084219176634225-STEAL,P15,test,GOLD_EXISTING_LEXICAL_OR_SENTENCE,167,167,1,0.9990405440330505,B02,1
asl_citizen:610365939948702-STEAL,asl_citizen:610365939948702-STEAL,P18,test,GOLD_EXISTING_LEXICAL_OR_SENTENCE,167,167,1,0.8763301372528076,B02,1
asl_citizen:6766055184534256-STEAM,asl_citizen:6766055184534256-STEAM,P17,test,GOLD_EXISTING_LEXICAL_OR_SENTENCE,168,168,1,0.33928006887435913,B02,1
asl_citizen:6591821166435499-STEAM,asl_citizen:6591821166435499-STEAM,P47,test,GOLD_EXISTING_LEXICAL_OR_SENTENCE,168,168,1,0.9940449595451355,B02,1
asl_citizen:9578272207135259-STEAM,asl_citizen:9578272207135259-STEAM,P48,test,GOLD_EXISTING_LEXICAL_OR_SENTENCE,168,168,1,0.6642237305641174,B02,1
asl_citizen:4176479577425152-STEAM,asl_citizen:4176479577425152-STEAM,P22,test,GOLD_EXISTING_LEXICAL_OR_SENTENCE,168,15,0,0.5840858221054077,B02,1
asl_citizen:6053165596357593-STEAM,asl_citizen:6053165596357593-STEAM,P15,test,GOLD_EXISTING_LEXICAL_OR_SENTENCE,168,168,1,0.5013871192932129,B02,1
asl_citizen:6871802916884833-STEAM,asl_citizen:6871802916884833-STEAM,P42,test,GOLD_EXISTING_LEXICAL_OR_SENTENCE,168,168,1,0.9089958071708679,B02,1
asl_citizen:7424875789105292-STEAM,asl_citizen:7424875789105292-STEAM,P18,test,GOLD_EXISTING_LEXICAL_OR_SENTENCE,168,168,1,0.8985227942466736,B02,1
asl_citizen:038676817890453075-STEAM,asl_citizen:038676817890453075-STEAM,P35,test,GOLD_EXISTING_LEXICAL_OR_SENTENCE,168,168,1,0.996694803237915,B02,1
asl_citizen:15670971950012635-STOPWATCH,asl_citizen:15670971950012635-STOPWATCH,P22,test,GOLD_EXISTING_LEXICAL_OR_SENTENCE,169,122,0,0.6468051671981812,B02,1
asl_citizen:7141199966648981-STOPWATCH,asl_citizen:7141199966648981-STOPWATCH,P48,test,GOLD_EXISTING_LEXICAL_OR_SENTENCE,169,186,0,0.49026885628700256,B02,1
asl_citizen:13093623534440368-STOPWATCH,asl_citizen:13093623534440368-STOPWATCH,P17,test,GOLD_EXISTING_LEXICAL_OR_SENTENCE,169,169,1,0.9495272636413574,B02,1
asl_citizen:8781826249799136-STOPWATCH,asl_citizen:8781826249799136-STOPWATCH,P18,test,GOLD_EXISTING_LEXICAL_OR_SENTENCE,169,169,1,0.7003288865089417,B02,1
asl_citizen:8112903497602761-STOPWATCH,asl_citizen:8112903497602761-STOPWATCH,P48,test,GOLD_EXISTING_LEXICAL_OR_SENTENCE,169,72,0,0.4485357105731964,B02,1
asl_citizen:0623311784572147-STOPWATCH,asl_citizen:0623311784572147-STOPWATCH,P15,test,GOLD_EXISTING_LEXICAL_OR_SENTENCE,169,169,1,0.983107328414917,B02,1
asl_citizen:18566619289415098-STOPWATCH,asl_citizen:18566619289415098-STOPWATCH,P49,test,GOLD_EXISTING_LEXICAL_OR_SENTENCE,169,122,0,0.3155430853366852,B02,1
asl_citizen:18497316518740448-STOPWATCH,asl_citizen:18497316518740448-STOPWATCH,P47,test,GOLD_EXISTING_LEXICAL_OR_SENTENCE,169,169,1,0.9175499677658081,B02,1
asl_citizen:7641462023141801-STRANGLE,asl_citizen:7641462023141801-STRANGLE,P35,test,GOLD_EXISTING_LEXICAL_OR_SENTENCE,170,170,1,0.9889390468597412,B02,1
asl_citizen:9553657073753186-STRANGLE,asl_citizen:9553657073753186-STRANGLE,P48,test,GOLD_EXISTING_LEXICAL_OR_SENTENCE,170,8,0,0.8199935555458069,B02,1
asl_citizen:011577331264505553-STRANGLE,asl_citizen:011577331264505553-STRANGLE,P49,test,GOLD_EXISTING_LEXICAL_OR_SENTENCE,170,170,1,0.9455647468566895,B02,1
asl_citizen:7493240096464915-STRANGLE,asl_citizen:7493240096464915-STRANGLE,P6,test,GOLD_EXISTING_LEXICAL_OR_SENTENCE,170,170,1,0.9972532391548157,B02,1
asl_citizen:8770266137685718-STRANGLE,asl_citizen:8770266137685718-STRANGLE,P47,test,GOLD_EXISTING_LEXICAL_OR_SENTENCE,170,170,1,0.9782171249389648,B02,1
asl_citizen:17024964278735033-STRANGLE,asl_citizen:17024964278735033-STRANGLE,P17,test,GOLD_EXISTING_LEXICAL_OR_SENTENCE,170,170,1,0.9912129044532776,B02,1
asl_citizen:4058518267679887-STRANGLE,asl_citizen:4058518267679887-STRANGLE,P22,test,GOLD_EXISTING_LEXICAL_OR_SENTENCE,170,170,1,0.9895904660224915,B02,1
asl_citizen:5592882265114305-STRANGLE,asl_citizen:5592882265114305-STRANGLE,P15,test,GOLD_EXISTING_LEXICAL_OR_SENTENCE,170,170,1,0.8827776908874512,B02,1
asl_citizen:9053744659444944-STRAWBERRY 4,asl_citizen:9053744659444944-STRAWBERRY 4,P48,test,GOLD_EXISTING_LEXICAL_OR_SENTENCE,171,76,0,0.9314677715301514,B02,1
asl_citizen:7099719348748879-STRAWBERRY 4,asl_citizen:7099719348748879-STRAWBERRY 4,P17,test,GOLD_EXISTING_LEXICAL_OR_SENTENCE,171,171,1,0.974850058555603,B02,1
asl_citizen:7946742352057601-STRAWBERRY 4,asl_citizen:7946742352057601-STRAWBERRY 4,P6,test,GOLD_EXISTING_LEXICAL_OR_SENTENCE,171,122,0,0.5719107389450073,B02,1
asl_citizen:07706836813548601-STRAWBERRY 4,asl_citizen:07706836813548601-STRAWBERRY 4,P49,test,GOLD_EXISTING_LEXICAL_OR_SENTENCE,171,171,1,0.6422198414802551,B02,1
asl_citizen:906449000590027-STRAWBERRY 4,asl_citizen:906449000590027-STRAWBERRY 4,P22,test,GOLD_EXISTING_LEXICAL_OR_SENTENCE,171,171,1,0.9149171113967896,B02,1
asl_citizen:845288025470246-STRAWBERRY 4,asl_citizen:845288025470246-STRAWBERRY 4,P18,test,GOLD_EXISTING_LEXICAL_OR_SENTENCE,171,171,1,0.7256494164466858,B02,1
asl_citizen:646506608906831-STRAWBERRY 4,asl_citizen:646506608906831-STRAWBERRY 4,P35,test,GOLD_EXISTING_LEXICAL_OR_SENTENCE,171,76,0,0.7447361350059509,B02,1
asl_citizen:6468716368550587-STRAWBERRY 4,asl_citizen:6468716368550587-STRAWBERRY 4,P49,test,GOLD_EXISTING_LEXICAL_OR_SENTENCE,171,171,1,0.7155874967575073,B02,1
asl_citizen:16437664427761067-SUMMARIZE,asl_citizen:16437664427761067-SUMMARIZE,P22,test,GOLD_EXISTING_LEXICAL_OR_SENTENCE,172,172,1,0.9788811206817627,B02,1
asl_citizen:6468521263655589-SUMMARIZE,asl_citizen:6468521263655589-SUMMARIZE,P49,test,GOLD_EXISTING_LEXICAL_OR_SENTENCE,172,172,1,0.9687139987945557,B02,1
asl_citizen:9010211121850995-SUMMARIZE,asl_citizen:9010211121850995-SUMMARIZE,P48,test,GOLD_EXISTING_LEXICAL_OR_SENTENCE,172,172,1,0.6632145047187805,B02,1
asl_citizen:1775611816837004-SUMMARIZE,asl_citizen:1775611816837004-SUMMARIZE,P15,test,GOLD_EXISTING_LEXICAL_OR_SENTENCE,172,172,1,0.6180385947227478,B02,1
asl_citizen:9098257785746164-SUMMARIZE,asl_citizen:9098257785746164-SUMMARIZE,P18,test,GOLD_EXISTING_LEXICAL_OR_SENTENCE,172,172,1,0.8755183815956116,B02,1
asl_citizen:8200795300615762-SUMMARIZE,asl_citizen:8200795300615762-SUMMARIZE,P47,test,GOLD_EXISTING_LEXICAL_OR_SENTENCE,172,172,1,0.8542055487632751,B02,1
asl_citizen:9618715434969116-SUMMARIZE,asl_citizen:9618715434969116-SUMMARIZE,P35,test,GOLD_EXISTING_LEXICAL_OR_SENTENCE,172,172,1,0.9927453398704529,B02,1
asl_citizen:5096600279765089-SUMMARIZE,asl_citizen:5096600279765089-SUMMARIZE,P9,test,GOLD_EXISTING_LEXICAL_OR_SENTENCE,172,172,1,0.3911462128162384,B02,1
asl_citizen:7785384085221538-SUNBATHE,asl_citizen:7785384085221538-SUNBATHE,P42,test,GOLD_EXISTING_LEXICAL_OR_SENTENCE,173,173,1,0.9907936453819275,B02,1
asl_citizen:4324287968040399-SUNBATHE,asl_citizen:4324287968040399-SUNBATHE,P49,test,GOLD_EXISTING_LEXICAL_OR_SENTENCE,173,173,1,0.9503504037857056,B02,1
asl_citizen:5268408466380696-SUNBATHE,asl_citizen:5268408466380696-SUNBATHE,P35,test,GOLD_EXISTING_LEXICAL_OR_SENTENCE,173,173,1,0.9972509741783142,B02,1
asl_citizen:9733288448859811-SUNBATHE,asl_citizen:9733288448859811-SUNBATHE,P6,test,GOLD_EXISTING_LEXICAL_OR_SENTENCE,173,173,1,0.9341519474983215,B02,1
asl_citizen:2826528622458522-SUNBATHE,asl_citizen:2826528622458522-SUNBATHE,P18,test,GOLD_EXISTING_LEXICAL_OR_SENTENCE,173,173,1,0.9954509139060974,B02,1
asl_citizen:659144148627137-SUNBATHE,asl_citizen:659144148627137-SUNBATHE,P9,test,GOLD_EXISTING_LEXICAL_OR_SENTENCE,173,173,1,0.9140867590904236,B02,1
asl_citizen:8132569939785297-SUNBATHE,asl_citizen:8132569939785297-SUNBATHE,P15,test,GOLD_EXISTING_LEXICAL_OR_SENTENCE,173,173,1,0.930317223072052,B02,1
asl_citizen:2171048480300084-SUNBATHE,asl_citizen:2171048480300084-SUNBATHE,P42,test,GOLD_EXISTING_LEXICAL_OR_SENTENCE,173,173,1,0.9983994364738464,B02,1
asl_citizen:27935284170940133-SUNSET,asl_citizen:27935284170940133-SUNSET,P18,test,GOLD_EXISTING_LEXICAL_OR_SENTENCE,174,174,1,0.9991822838783264,B02,1
asl_citizen:6825955480238659-SUNSET,asl_citizen:6825955480238659-SUNSET,P9,test,GOLD_EXISTING_LEXICAL_OR_SENTENCE,174,6,0,0.3849644660949707,B02,1
asl_citizen:5021095450592483-SUNSET,asl_citizen:5021095450592483-SUNSET,P49,test,GOLD_EXISTING_LEXICAL_OR_SENTENCE,174,174,1,0.9995098114013672,B02,1
asl_citizen:9123383071713205-SUNSET,asl_citizen:9123383071713205-SUNSET,P15,test,GOLD_EXISTING_LEXICAL_OR_SENTENCE,174,174,1,0.9995617270469666,B02,1
asl_citizen:06506358982014171-SUNSET,asl_citizen:06506358982014171-SUNSET,P48,test,GOLD_EXISTING_LEXICAL_OR_SENTENCE,174,174,1,0.9974932670593262,B02,1
asl_citizen:7862843073865877-SUNSET,asl_citizen:7862843073865877-SUNSET,P22,test,GOLD_EXISTING_LEXICAL_OR_SENTENCE,174,174,1,0.9302610158920288,B02,1
asl_citizen:3461115164564659-SUNSET,asl_citizen:3461115164564659-SUNSET,P6,test,GOLD_EXISTING_LEXICAL_OR_SENTENCE,174,174,1,0.8549306988716125,B02,1
asl_citizen:8092501001075967-SUNSET,asl_citizen:8092501001075967-SUNSET,P17,test,GOLD_EXISTING_LEXICAL_OR_SENTENCE,174,174,1,0.9959896206855774,B02,1
asl_citizen:891336711433921-SWING,asl_citizen:891336711433921-SWING,P9,test,GOLD_EXISTING_LEXICAL_OR_SENTENCE,175,175,1,0.9894624352455139,B02,1
asl_citizen:9216441779532347-SWING,asl_citizen:9216441779532347-SWING,P49,test,GOLD_EXISTING_LEXICAL_OR_SENTENCE,175,175,1,0.29385820031166077,B02,1
asl_citizen:7953932354072486-SWING,asl_citizen:7953932354072486-SWING,P17,test,GOLD_EXISTING_LEXICAL_OR_SENTENCE,175,146,0,0.7284243702888489,B02,1
asl_citizen:19688601805642403-SWING,asl_citizen:19688601805642403-SWING,P6,test,GOLD_EXISTING_LEXICAL_OR_SENTENCE,175,175,1,0.4282294511795044,B02,1
asl_citizen:26742284873321864-SWING,asl_citizen:26742284873321864-SWING,P15,test,GOLD_EXISTING_LEXICAL_OR_SENTENCE,175,175,1,0.6257394552230835,B02,1
asl_citizen:10142627950544636-SWING,asl_citizen:10142627950544636-SWING,P48,test,GOLD_EXISTING_LEXICAL_OR_SENTENCE,175,175,1,0.6249285340309143,B02,1
asl_citizen:18925072514040986-SWING,asl_citizen:18925072514040986-SWING,P35,test,GOLD_EXISTING_LEXICAL_OR_SENTENCE,175,175,1,0.9867458939552307,B02,1
asl_citizen:9971794176561564-SWING,asl_citizen:9971794176561564-SWING,P48,test,GOLD_EXISTING_LEXICAL_OR_SENTENCE,175,175,1,0.4760464131832123,B02,1
asl_citizen:9540082859729386-TABLET,asl_citizen:9540082859729386-TABLET,P22,test,GOLD_EXISTING_LEXICAL_OR_SENTENCE,176,176,1,0.9975392818450928,B02,1
asl_citizen:6837589196625506-TABLET,asl_citizen:6837589196625506-TABLET,P17,test,GOLD_EXISTING_LEXICAL_OR_SENTENCE,176,58,0,0.320099800825119,B02,1
asl_citizen:33367097199818696-TABLET,asl_citizen:33367097199818696-TABLET,P9,test,GOLD_EXISTING_LEXICAL_OR_SENTENCE,176,10,0,0.5264752507209778,B02,1
asl_citizen:25939399503786387-TABLET,asl_citizen:25939399503786387-TABLET,P6,test,GOLD_EXISTING_LEXICAL_OR_SENTENCE,176,126,0,0.6926370859146118,B02,1
asl_citizen:9468436070886592-TABLET,asl_citizen:9468436070886592-TABLET,P49,test,GOLD_EXISTING_LEXICAL_OR_SENTENCE,176,176,1,0.6547524929046631,B02,1
asl_citizen:2571819895692886-TABLET,asl_citizen:2571819895692886-TABLET,P18,test,GOLD_EXISTING_LEXICAL_OR_SENTENCE,176,176,1,0.8799757957458496,B02,1
asl_citizen:6157701127439372-TABLET,asl_citizen:6157701127439372-TABLET,P42,test,GOLD_EXISTING_LEXICAL_OR_SENTENCE,176,2,0,0.09059742093086243,B02,1
asl_citizen:7760660783665272-TABLET,asl_citizen:7760660783665272-TABLET,P48,test,GOLD_EXISTING_LEXICAL_OR_SENTENCE,176,126,0,0.44592034816741943,B02,1
asl_citizen:3539307587055758-TALK,asl_citizen:3539307587055758-TALK,P9,test,GOLD_EXISTING_LEXICAL_OR_SENTENCE,177,177,1,0.9402294754981995,B02,1
asl_citizen:6297418641690293-TALK,asl_citizen:6297418641690293-TALK,P6,test,GOLD_EXISTING_LEXICAL_OR_SENTENCE,177,58,0,0.663476288318634,B02,1
asl_citizen:5491362491271357-TALK,asl_citizen:5491362491271357-TALK,P15,test,GOLD_EXISTING_LEXICAL_OR_SENTENCE,177,177,1,0.9896883368492126,B02,1
asl_citizen:24117064463804905-TALK,asl_citizen:24117064463804905-TALK,P42,test,GOLD_EXISTING_LEXICAL_OR_SENTENCE,177,177,1,0.9612847566604614,B02,1
asl_citizen:09884440955953999-TALK,asl_citizen:09884440955953999-TALK,P22,test,GOLD_EXISTING_LEXICAL_OR_SENTENCE,177,177,1,0.2932119369506836,B02,1
asl_citizen:29204473692320576-TALK,asl_citizen:29204473692320576-TALK,P47,test,GOLD_EXISTING_LEXICAL_OR_SENTENCE,177,177,1,0.9897993803024292,B02,1
asl_citizen:19204130312234513-TALK,asl_citizen:19204130312234513-TALK,P48,test,GOLD_EXISTING_LEXICAL_OR_SENTENCE,177,177,1,0.9568402767181396,B02,1
asl_citizen:7239292697268376-TALK,asl_citizen:7239292697268376-TALK,P9,test,GOLD_EXISTING_LEXICAL_OR_SENTENCE,177,177,1,0.7871363162994385,B02,1
asl_citizen:40998030560886-TALL 2,asl_citizen:40998030560886-TALL 2,P42,test,GOLD_EXISTING_LEXICAL_OR_SENTENCE,178,178,1,0.8405442237854004,B02,1
asl_citizen:0837664095962023-TALL 2,asl_citizen:0837664095962023-TALL 2,P6,test,GOLD_EXISTING_LEXICAL_OR_SENTENCE,178,178,1,0.9164888858795166,B02,1
asl_citizen:5655754767247636-TALL 2,asl_citizen:5655754767247636-TALL 2,P35,test,GOLD_EXISTING_LEXICAL_OR_SENTENCE,178,178,1,0.9154641032218933,B02,1
asl_citizen:46493285393005324-TALL 2,asl_citizen:46493285393005324-TALL 2,P49,test,GOLD_EXISTING_LEXICAL_OR_SENTENCE,178,178,1,0.7912619709968567,B02,1
asl_citizen:5380247180636004-TALL 2,asl_citizen:5380247180636004-TALL 2,P42,test,GOLD_EXISTING_LEXICAL_OR_SENTENCE,178,178,1,0.9947806000709534,B02,1
asl_citizen:23239426425542065-TALL 2,asl_citizen:23239426425542065-TALL 2,P18,test,GOLD_EXISTING_LEXICAL_OR_SENTENCE,178,178,1,0.5971229672431946,B02,1
asl_citizen:8506327807309408-TALL 2,asl_citizen:8506327807309408-TALL 2,P9,test,GOLD_EXISTING_LEXICAL_OR_SENTENCE,178,43,0,0.3547147512435913,B02,1
asl_citizen:7198384708137529-TALL 2,asl_citizen:7198384708137529-TALL 2,P22,test,GOLD_EXISTING_LEXICAL_OR_SENTENCE,178,178,1,0.7663400769233704,B02,1
asl_citizen:3841038781632844-TEENAGER,asl_citizen:3841038781632844-TEENAGER,P48,test,GOLD_EXISTING_LEXICAL_OR_SENTENCE,179,179,1,0.9647442102432251,B02,1
asl_citizen:6852032624784132-TEENAGER,asl_citizen:6852032624784132-TEENAGER,P49,test,GOLD_EXISTING_LEXICAL_OR_SENTENCE,179,179,1,0.9888922572135925,B02,1
asl_citizen:6602261622676402-TEENAGER,asl_citizen:6602261622676402-TEENAGER,P35,test,GOLD_EXISTING_LEXICAL_OR_SENTENCE,179,179,1,0.973745584487915,B02,1
asl_citizen:8435615186457843-TEENAGER,asl_citizen:8435615186457843-TEENAGER,P15,test,GOLD_EXISTING_LEXICAL_OR_SENTENCE,179,179,1,0.9188640117645264,B02,1
asl_citizen:16452235352261413-TEENAGER,asl_citizen:16452235352261413-TEENAGER,P6,test,GOLD_EXISTING_LEXICAL_OR_SENTENCE,179,179,1,0.9914945363998413,B02,1
asl_citizen:15748326978076665-TEENAGER,asl_citizen:15748326978076665-TEENAGER,P42,test,GOLD_EXISTING_LEXICAL_OR_SENTENCE,179,179,1,0.9979376792907715,B02,1
asl_citizen:5911017231962736-TEENAGER,asl_citizen:5911017231962736-TEENAGER,P47,test,GOLD_EXISTING_LEXICAL_OR_SENTENCE,179,179,1,0.832639217376709,B02,1
asl_citizen:27453564984077805-TEENAGER,asl_citizen:27453564984077805-TEENAGER,P17,test,GOLD_EXISTING_LEXICAL_OR_SENTENCE,179,179,1,0.9980034232139587,B02,1
asl_citizen:476191381405501-THINGS,asl_citizen:476191381405501-THINGS,P49,test,GOLD_EXISTING_LEXICAL_OR_SENTENCE,180,180,1,0.8243814706802368,B02,1
asl_citizen:16274037374177985-THINGS,asl_citizen:16274037374177985-THINGS,P35,test,GOLD_EXISTING_LEXICAL_OR_SENTENCE,180,180,1,0.7130352258682251,B02,1
asl_citizen:3284551020399038-THINGS,asl_citizen:3284551020399038-THINGS,P35,test,GOLD_EXISTING_LEXICAL_OR_SENTENCE,180,180,1,0.991979718208313,B02,1
asl_citizen:8262944416317639-THINGS,asl_citizen:8262944416317639-THINGS,P48,test,GOLD_EXISTING_LEXICAL_OR_SENTENCE,180,92,0,0.3600207567214966,B02,1
asl_citizen:9517126728502001-THINGS,asl_citizen:9517126728502001-THINGS,P9,test,GOLD_EXISTING_LEXICAL_OR_SENTENCE,180,180,1,0.8025797009468079,B02,1
asl_citizen:574012686048849-THINGS,asl_citizen:574012686048849-THINGS,P9,test,GOLD_EXISTING_LEXICAL_OR_SENTENCE,180,180,1,0.9913672804832458,B02,1
asl_citizen:8386051714886842-THINGS,asl_citizen:8386051714886842-THINGS,P47,test,GOLD_EXISTING_LEXICAL_OR_SENTENCE,180,180,1,0.9917397499084473,B02,1
asl_citizen:417826314556792-THINGS,asl_citizen:417826314556792-THINGS,P6,test,GOLD_EXISTING_LEXICAL_OR_SENTENCE,180,180,1,0.7405349016189575,B02,1
asl_citizen:4891421858471512-THIRSTY,asl_citizen:4891421858471512-THIRSTY,P9,test,GOLD_EXISTING_LEXICAL_OR_SENTENCE,181,181,1,0.9459621906280518,B02,1
asl_citizen:9033123431693635-THIRSTY,asl_citizen:9033123431693635-THIRSTY,P49,test,GOLD_EXISTING_LEXICAL_OR_SENTENCE,181,181,1,0.8218867182731628,B02,1
asl_citizen:9822080726080076-THIRSTY,asl_citizen:9822080726080076-THIRSTY,P35,test,GOLD_EXISTING_LEXICAL_OR_SENTENCE,181,181,1,0.8898670673370361,B02,1
asl_citizen:6389127475790424-THIRSTY,asl_citizen:6389127475790424-THIRSTY,P47,test,GOLD_EXISTING_LEXICAL_OR_SENTENCE,181,181,1,0.9842638373374939,B02,1
asl_citizen:1348177330360374-THIRSTY,asl_citizen:1348177330360374-THIRSTY,P17,test,GOLD_EXISTING_LEXICAL_OR_SENTENCE,181,59,0,0.4349656403064728,B02,1
asl_citizen:5561232882497655-THIRSTY,asl_citizen:5561232882497655-THIRSTY,P6,test,GOLD_EXISTING_LEXICAL_OR_SENTENCE,181,181,1,0.34326091408729553,B02,1
asl_citizen:28821753424545804-THIRSTY,asl_citizen:28821753424545804-THIRSTY,P18,test,GOLD_EXISTING_LEXICAL_OR_SENTENCE,181,181,1,0.9862237572669983,B02,1
asl_citizen:012755114496634024-THIRSTY,asl_citizen:012755114496634024-THIRSTY,P49,test,GOLD_EXISTING_LEXICAL_OR_SENTENCE,181,181,1,0.9794005751609802,B02,1
asl_citizen:3652933102269593-THREE,asl_citizen:3652933102269593-THREE,P42,test,GOLD_EXISTING_LEXICAL_OR_SENTENCE,182,182,1,0.9889547824859619,B02,1
asl_citizen:5391945071870843-THREE,asl_citizen:5391945071870843-THREE,P48,test,GOLD_EXISTING_LEXICAL_OR_SENTENCE,182,182,1,0.9781091213226318,B02,1
asl_citizen:2119034306255807-THREE,asl_citizen:2119034306255807-THREE,P35,test,GOLD_EXISTING_LEXICAL_OR_SENTENCE,182,182,1,0.9966316819190979,B02,1
asl_citizen:024827291322842227-THREE,asl_citizen:024827291322842227-THREE,P48,test,GOLD_EXISTING_LEXICAL_OR_SENTENCE,182,182,1,0.9947012662887573,B02,1
asl_citizen:5134737021726334-THREE,asl_citizen:5134737021726334-THREE,P49,test,GOLD_EXISTING_LEXICAL_OR_SENTENCE,182,182,1,0.9298732876777649,B02,1
asl_citizen:08174157238013158-THREE,asl_citizen:08174157238013158-THREE,P22,test,GOLD_EXISTING_LEXICAL_OR_SENTENCE,182,182,1,0.3400146961212158,B02,1
asl_citizen:8161476726173267-THREE,asl_citizen:8161476726173267-THREE,P6,test,GOLD_EXISTING_LEXICAL_OR_SENTENCE,182,182,1,0.9779620170593262,B02,1
asl_citizen:9857350479542466-THREE,asl_citizen:9857350479542466-THREE,P15,test,GOLD_EXISTING_LEXICAL_OR_SENTENCE,182,182,1,0.9988180994987488,B02,1
asl_citizen:9850367559409725-THURSDAY,asl_citizen:9850367559409725-THURSDAY,P18,test,GOLD_EXISTING_LEXICAL_OR_SENTENCE,183,183,1,0.9007062911987305,B02,1
asl_citizen:4890416881667763-THURSDAY,asl_citizen:4890416881667763-THURSDAY,P47,test,GOLD_EXISTING_LEXICAL_OR_SENTENCE,183,183,1,0.9785093665122986,B02,1
asl_citizen:5871729923873938-THURSDAY,asl_citizen:5871729923873938-THURSDAY,P22,test,GOLD_EXISTING_LEXICAL_OR_SENTENCE,183,183,1,0.9411826133728027,B02,1
asl_citizen:6102100798298136-THURSDAY,asl_citizen:6102100798298136-THURSDAY,P49,test,GOLD_EXISTING_LEXICAL_OR_SENTENCE,183,75,0,0.23175685107707977,B02,1
asl_citizen:9200876618450688-THURSDAY,asl_citizen:9200876618450688-THURSDAY,P15,test,GOLD_EXISTING_LEXICAL_OR_SENTENCE,183,183,1,0.9139329195022583,B02,1
asl_citizen:16256523808991896-THURSDAY,asl_citizen:16256523808991896-THURSDAY,P42,test,GOLD_EXISTING_LEXICAL_OR_SENTENCE,183,183,1,0.5874703526496887,B02,1
asl_citizen:6969935261020788-THURSDAY,asl_citizen:6969935261020788-THURSDAY,P6,test,GOLD_EXISTING_LEXICAL_OR_SENTENCE,183,183,1,0.7969775795936584,B02,1
asl_citizen:28953962618372686-THURSDAY,asl_citizen:28953962618372686-THURSDAY,P17,test,GOLD_EXISTING_LEXICAL_OR_SENTENCE,183,183,1,0.7676313519477844,B02,1
asl_citizen:9393722583369333-TIE UP_1,asl_citizen:9393722583369333-TIE UP_1,P18,test,GOLD_EXISTING_LEXICAL_OR_SENTENCE,184,184,1,0.7877794504165649,B02,1
asl_citizen:9583244272122073-TIE UP_1,asl_citizen:9583244272122073-TIE UP_1,P22,test,GOLD_EXISTING_LEXICAL_OR_SENTENCE,184,184,1,0.9917035102844238,B02,1
asl_citizen:5192615975633734-TIE UP_1,asl_citizen:5192615975633734-TIE UP_1,P47,test,GOLD_EXISTING_LEXICAL_OR_SENTENCE,184,184,1,0.6470319628715515,B02,1
asl_citizen:3777756529429386-TIE UP_1,asl_citizen:3777756529429386-TIE UP_1,P48,test,GOLD_EXISTING_LEXICAL_OR_SENTENCE,184,184,1,0.8958790302276611,B02,1
asl_citizen:2026143207180635-TIE UP_1,asl_citizen:2026143207180635-TIE UP_1,P35,test,GOLD_EXISTING_LEXICAL_OR_SENTENCE,184,68,0,0.7750533223152161,B02,1
asl_citizen:714766270423653-TIE UP_1,asl_citizen:714766270423653-TIE UP_1,P42,test,GOLD_EXISTING_LEXICAL_OR_SENTENCE,184,184,1,0.7896313667297363,B02,1
asl_citizen:4474343843754307-TIE UP_1,asl_citizen:4474343843754307-TIE UP_1,P6,test,GOLD_EXISTING_LEXICAL_OR_SENTENCE,184,184,1,0.983062744140625,B02,1
asl_citizen:049227810118646964-TIE UP_1,asl_citizen:049227810118646964-TIE UP_1,P15,test,GOLD_EXISTING_LEXICAL_OR_SENTENCE,184,184,1,0.9918479919433594,B02,1
asl_citizen:8582081133628761-TINY,asl_citizen:8582081133628761-TINY,P6,test,GOLD_EXISTING_LEXICAL_OR_SENTENCE,185,66,0,0.6319645643234253,B02,1
asl_citizen:10703906146469544-TINY,asl_citizen:10703906146469544-TINY,P22,test,GOLD_EXISTING_LEXICAL_OR_SENTENCE,185,185,1,0.87168949842453,B02,1
asl_citizen:2732757606315379-TINY,asl_citizen:2732757606315379-TINY,P48,test,GOLD_EXISTING_LEXICAL_OR_SENTENCE,185,185,1,0.9088951945304871,B02,1
asl_citizen:5467382410629027-TINY,asl_citizen:5467382410629027-TINY,P18,test,GOLD_EXISTING_LEXICAL_OR_SENTENCE,185,185,1,0.9959419369697571,B02,1
asl_citizen:7835153573711628-TINY,asl_citizen:7835153573711628-TINY,P6,test,GOLD_EXISTING_LEXICAL_OR_SENTENCE,185,185,1,0.7949396967887878,B02,1
asl_citizen:7131247482749883-TINY,asl_citizen:7131247482749883-TINY,P42,test,GOLD_EXISTING_LEXICAL_OR_SENTENCE,185,185,1,0.9874175786972046,B02,1
asl_citizen:4996965960691149-TINY,asl_citizen:4996965960691149-TINY,P15,test,GOLD_EXISTING_LEXICAL_OR_SENTENCE,185,185,1,0.9592284560203552,B02,1
asl_citizen:21030898208435467-TINY,asl_citizen:21030898208435467-TINY,P18,test,GOLD_EXISTING_LEXICAL_OR_SENTENCE,185,185,1,0.8886445164680481,B02,1
asl_citizen:7894459854982301-TOMORROW,asl_citizen:7894459854982301-TOMORROW,P18,test,GOLD_EXISTING_LEXICAL_OR_SENTENCE,186,186,1,0.9709974527359009,B02,1
asl_citizen:7888206684117145-TOMORROW,asl_citizen:7888206684117145-TOMORROW,P15,test,GOLD_EXISTING_LEXICAL_OR_SENTENCE,186,186,1,0.6898475885391235,B02,1
asl_citizen:6760301363332382-TOMORROW,asl_citizen:6760301363332382-TOMORROW,P35,test,GOLD_EXISTING_LEXICAL_OR_SENTENCE,186,186,1,0.637593686580658,B02,1
asl_citizen:2180976995279913-TOMORROW,asl_citizen:2180976995279913-TOMORROW,P9,test,GOLD_EXISTING_LEXICAL_OR_SENTENCE,186,186,1,0.9706116318702698,B02,1
asl_citizen:17146907031431446-TOMORROW,asl_citizen:17146907031431446-TOMORROW,P17,test,GOLD_EXISTING_LEXICAL_OR_SENTENCE,186,83,0,0.5665615797042847,B02,1
asl_citizen:9807986685399508-TOMORROW,asl_citizen:9807986685399508-TOMORROW,P47,test,GOLD_EXISTING_LEXICAL_OR_SENTENCE,186,169,0,0.21131306886672974,B02,1
asl_citizen:217274752867896-TOMORROW,asl_citizen:217274752867896-TOMORROW,P6,test,GOLD_EXISTING_LEXICAL_OR_SENTENCE,186,169,0,0.2155996412038803,B02,1
asl_citizen:20613001181771762-TOMORROW,asl_citizen:20613001181771762-TOMORROW,P48,test,GOLD_EXISTING_LEXICAL_OR_SENTENCE,186,186,1,0.8239990472793579,B02,1
asl_citizen:8747935741523143-UDDER,asl_citizen:8747935741523143-UDDER,P48,test,GOLD_EXISTING_LEXICAL_OR_SENTENCE,187,187,1,0.7968506813049316,B02,1
asl_citizen:24543681285831953-UDDER,asl_citizen:24543681285831953-UDDER,P42,test,GOLD_EXISTING_LEXICAL_OR_SENTENCE,187,187,1,0.8512075543403625,B02,1
asl_citizen:018297144698995016-UDDER,asl_citizen:018297144698995016-UDDER,P22,test,GOLD_EXISTING_LEXICAL_OR_SENTENCE,187,187,1,0.9539502263069153,B02,1
asl_citizen:33615510067727095-UDDER,asl_citizen:33615510067727095-UDDER,P47,test,GOLD_EXISTING_LEXICAL_OR_SENTENCE,187,187,1,0.5457652807235718,B02,1
asl_citizen:931397073356518-UDDER,asl_citizen:931397073356518-UDDER,P15,test,GOLD_EXISTING_LEXICAL_OR_SENTENCE,187,187,1,0.3667612373828888,B02,1
asl_citizen:06394035628227313-UDDER,asl_citizen:06394035628227313-UDDER,P17,test,GOLD_EXISTING_LEXICAL_OR_SENTENCE,187,187,1,0.6049536466598511,B02,1
asl_citizen:6674988896929304-UDDER,asl_citizen:6674988896929304-UDDER,P42,test,GOLD_EXISTING_LEXICAL_OR_SENTENCE,187,187,1,0.9936676621437073,B02,1
asl_citizen:16617293192606675-UDDER,asl_citizen:16617293192606675-UDDER,P18,test,GOLD_EXISTING_LEXICAL_OR_SENTENCE,187,158,0,0.7083582878112793,B02,1
asl_citizen:8068422285701771-UMBRELLA,asl_citizen:8068422285701771-UMBRELLA,P6,test,GOLD_EXISTING_LEXICAL_OR_SENTENCE,188,158,0,0.7623095512390137,B02,1
asl_citizen:8920763966673622-UMBRELLA,asl_citizen:8920763966673622-UMBRELLA,P17,test,GOLD_EXISTING_LEXICAL_OR_SENTENCE,188,197,0,0.5197646021842957,B02,1
asl_citizen:7343580019907621-UMBRELLA,asl_citizen:7343580019907621-UMBRELLA,P9,test,GOLD_EXISTING_LEXICAL_OR_SENTENCE,188,184,0,0.19505575299263,B02,1
asl_citizen:8664817888928291-UMBRELLA,asl_citizen:8664817888928291-UMBRELLA,P22,test,GOLD_EXISTING_LEXICAL_OR_SENTENCE,188,188,1,0.9622911810874939,B02,1
asl_citizen:7898925196390936-UMBRELLA,asl_citizen:7898925196390936-UMBRELLA,P35,test,GOLD_EXISTING_LEXICAL_OR_SENTENCE,188,188,1,0.8796398639678955,B02,1
asl_citizen:04748460657107523-UMBRELLA,asl_citizen:04748460657107523-UMBRELLA,P47,test,GOLD_EXISTING_LEXICAL_OR_SENTENCE,188,188,1,0.99348384141922,B02,1
asl_citizen:6632437193350971-UMBRELLA,asl_citizen:6632437193350971-UMBRELLA,P18,test,GOLD_EXISTING_LEXICAL_OR_SENTENCE,188,188,1,0.6749820709228516,B02,1
asl_citizen:3412518906815425-UMBRELLA,asl_citizen:3412518906815425-UMBRELLA,P42,test,GOLD_EXISTING_LEXICAL_OR_SENTENCE,188,188,1,0.9705104231834412,B02,1
asl_citizen:0006330190300916083-WASH DISHES,asl_citizen:0006330190300916083-WASH DISHES,P49,test,GOLD_EXISTING_LEXICAL_OR_SENTENCE,189,189,1,0.9983028173446655,B02,1
asl_citizen:6318058656220054-WASH DISHES,asl_citizen:6318058656220054-WASH DISHES,P18,test,GOLD_EXISTING_LEXICAL_OR_SENTENCE,189,189,1,0.9910935759544373,B02,1
asl_citizen:44238266729683384-WASH DISHES,asl_citizen:44238266729683384-WASH DISHES,P42,test,GOLD_EXISTING_LEXICAL_OR_SENTENCE,189,189,1,0.9852389097213745,B02,1
asl_citizen:3111057512912141-WASH DISHES,asl_citizen:3111057512912141-WASH DISHES,P48,test,GOLD_EXISTING_LEXICAL_OR_SENTENCE,189,189,1,0.9921337366104126,B02,1
asl_citizen:39759657793845493-WASH DISHES,asl_citizen:39759657793845493-WASH DISHES,P9,test,GOLD_EXISTING_LEXICAL_OR_SENTENCE,189,180,0,0.15565860271453857,B02,1
asl_citizen:10743688625017245-WASH DISHES,asl_citizen:10743688625017245-WASH DISHES,P35,test,GOLD_EXISTING_LEXICAL_OR_SENTENCE,189,189,1,0.9952744245529175,B02,1
asl_citizen:014568138994724977-WASH DISHES,asl_citizen:014568138994724977-WASH DISHES,P15,test,GOLD_EXISTING_LEXICAL_OR_SENTENCE,189,189,1,0.4455689787864685,B02,1
asl_citizen:6763684162767629-WASH DISHES,asl_citizen:6763684162767629-WASH DISHES,P47,test,GOLD_EXISTING_LEXICAL_OR_SENTENCE,189,189,1,0.9967272281646729,B02,1
asl_citizen:9742393555058024-WEAK,asl_citizen:9742393555058024-WEAK,P18,test,GOLD_EXISTING_LEXICAL_OR_SENTENCE,190,190,1,0.9401262402534485,B02,1
asl_citizen:5296047430710822-WEAK,asl_citizen:5296047430710822-WEAK,P18,test,GOLD_EXISTING_LEXICAL_OR_SENTENCE,190,190,1,0.8871902227401733,B02,1
asl_citizen:01014912198071638-WEAK,asl_citizen:01014912198071638-WEAK,P48,test,GOLD_EXISTING_LEXICAL_OR_SENTENCE,190,190,1,0.5014077425003052,B02,1
asl_citizen:6566779628049222-WEAK,asl_citizen:6566779628049222-WEAK,P9,test,GOLD_EXISTING_LEXICAL_OR_SENTENCE,190,18,0,0.6411089301109314,B02,1
asl_citizen:07956373742817546-WEAK,asl_citizen:07956373742817546-WEAK,P17,test,GOLD_EXISTING_LEXICAL_OR_SENTENCE,190,21,0,0.22801153361797333,B02,1
asl_citizen:755471286197448-WEAK,asl_citizen:755471286197448-WEAK,P42,test,GOLD_EXISTING_LEXICAL_OR_SENTENCE,190,190,1,0.7736610770225525,B02,1
asl_citizen:7686765051975586-WEAK,asl_citizen:7686765051975586-WEAK,P6,test,GOLD_EXISTING_LEXICAL_OR_SENTENCE,190,18,0,0.6237878799438477,B02,1
asl_citizen:5372406455360808-WEAK,asl_citizen:5372406455360808-WEAK,P49,test,GOLD_EXISTING_LEXICAL_OR_SENTENCE,190,31,0,0.2180626392364502,B02,1
asl_citizen:9939943673068379-WHEEL,asl_citizen:9939943673068379-WHEEL,P47,test,GOLD_EXISTING_LEXICAL_OR_SENTENCE,191,191,1,0.9947432279586792,B02,1
asl_citizen:8999958850223064-WHEEL,asl_citizen:8999958850223064-WHEEL,P18,test,GOLD_EXISTING_LEXICAL_OR_SENTENCE,191,191,1,0.9995149374008179,B02,1
asl_citizen:9795294817135527-WHEEL,asl_citizen:9795294817135527-WHEEL,P48,test,GOLD_EXISTING_LEXICAL_OR_SENTENCE,191,191,1,0.7611647844314575,B02,1
asl_citizen:9614456518757373-WHEEL,asl_citizen:9614456518757373-WHEEL,P17,test,GOLD_EXISTING_LEXICAL_OR_SENTENCE,191,191,1,0.99321049451828,B02,1
asl_citizen:4147843029424443-WHEEL,asl_citizen:4147843029424443-WHEEL,P6,test,GOLD_EXISTING_LEXICAL_OR_SENTENCE,191,191,1,0.9978419542312622,B02,1
asl_citizen:576828483636135-WHEEL,asl_citizen:576828483636135-WHEEL,P35,test,GOLD_EXISTING_LEXICAL_OR_SENTENCE,191,191,1,0.8385483622550964,B02,1
asl_citizen:3319502331073456-WHEEL,asl_citizen:3319502331073456-WHEEL,P15,test,GOLD_EXISTING_LEXICAL_OR_SENTENCE,191,191,1,0.9793327450752258,B02,1
asl_citizen:636540660893252-WHEEL,asl_citizen:636540660893252-WHEEL,P49,test,GOLD_EXISTING_LEXICAL_OR_SENTENCE,191,191,1,0.9929192662239075,B02,1
asl_citizen:887476484317782-WINE,asl_citizen:887476484317782-WINE,P17,test,GOLD_EXISTING_LEXICAL_OR_SENTENCE,192,192,1,0.6706334948539734,B02,1
asl_citizen:704506261599023-WINE,asl_citizen:704506261599023-WINE,P48,test,GOLD_EXISTING_LEXICAL_OR_SENTENCE,192,192,1,0.432888925075531,B02,1
asl_citizen:2587305799160813-WINE,asl_citizen:2587305799160813-WINE,P42,test,GOLD_EXISTING_LEXICAL_OR_SENTENCE,192,192,1,0.9942349791526794,B02,1
asl_citizen:7265120785580961-WINE,asl_citizen:7265120785580961-WINE,P49,test,GOLD_EXISTING_LEXICAL_OR_SENTENCE,192,192,1,0.4539494514465332,B02,1
asl_citizen:5374074524886607-WINE,asl_citizen:5374074524886607-WINE,P49,test,GOLD_EXISTING_LEXICAL_OR_SENTENCE,192,192,1,0.6545276641845703,B02,1
asl_citizen:755254932868199-WINE,asl_citizen:755254932868199-WINE,P22,test,GOLD_EXISTING_LEXICAL_OR_SENTENCE,192,192,1,0.9998072981834412,B02,1
asl_citizen:8567611014085075-WINE,asl_citizen:8567611014085075-WINE,P35,test,GOLD_EXISTING_LEXICAL_OR_SENTENCE,192,192,1,0.9963564872741699,B02,1
asl_citizen:547368719804554-WINE,asl_citizen:547368719804554-WINE,P9,test,GOLD_EXISTING_LEXICAL_OR_SENTENCE,192,192,1,0.9909508228302002,B02,1
asl_citizen:6855019384418222-WOMAN,asl_citizen:6855019384418222-WOMAN,P49,test,GOLD_EXISTING_LEXICAL_OR_SENTENCE,193,122,0,0.7529797554016113,B02,1
asl_citizen:5874584211477107-WOMAN,asl_citizen:5874584211477107-WOMAN,P47,test,GOLD_EXISTING_LEXICAL_OR_SENTENCE,193,193,1,0.8467264771461487,B02,1
asl_citizen:15475602014471002-WOMAN,asl_citizen:15475602014471002-WOMAN,P18,test,GOLD_EXISTING_LEXICAL_OR_SENTENCE,193,58,0,0.7925695776939392,B02,1
asl_citizen:6425925223370912-WOMAN,asl_citizen:6425925223370912-WOMAN,P35,test,GOLD_EXISTING_LEXICAL_OR_SENTENCE,193,177,0,0.6858242750167847,B02,1
asl_citizen:9414769082542918-WOMAN,asl_citizen:9414769082542918-WOMAN,P15,test,GOLD_EXISTING_LEXICAL_OR_SENTENCE,193,177,0,0.8717735409736633,B02,1
asl_citizen:5955809588514023-WOMAN,asl_citizen:5955809588514023-WOMAN,P47,test,GOLD_EXISTING_LEXICAL_OR_SENTENCE,193,193,1,0.8956993818283081,B02,1
asl_citizen:07128613198470624-WOMAN,asl_citizen:07128613198470624-WOMAN,P18,test,GOLD_EXISTING_LEXICAL_OR_SENTENCE,193,193,1,0.6178783178329468,B02,1
asl_citizen:41751768001215694-WOMAN,asl_citizen:41751768001215694-WOMAN,P6,test,GOLD_EXISTING_LEXICAL_OR_SENTENCE,193,121,0,0.7699723839759827,B02,1
asl_citizen:03945007591252714-WOW,asl_citizen:03945007591252714-WOW,P15,test,GOLD_EXISTING_LEXICAL_OR_SENTENCE,194,177,0,0.43017956614494324,B02,1
asl_citizen:42320422183529693-WOW,asl_citizen:42320422183529693-WOW,P17,test,GOLD_EXISTING_LEXICAL_OR_SENTENCE,194,194,1,0.8600658178329468,B02,1
asl_citizen:665862690743207-WOW,asl_citizen:665862690743207-WOW,P35,test,GOLD_EXISTING_LEXICAL_OR_SENTENCE,194,194,1,0.9985163807868958,B02,1
asl_citizen:9690538715878685-WOW,asl_citizen:9690538715878685-WOW,P9,test,GOLD_EXISTING_LEXICAL_OR_SENTENCE,194,194,1,0.9827515482902527,B02,1
asl_citizen:6053421818563727-WOW,asl_citizen:6053421818563727-WOW,P47,test,GOLD_EXISTING_LEXICAL_OR_SENTENCE,194,194,1,0.9200711846351624,B02,1
asl_citizen:5744417518874771-WOW,asl_citizen:5744417518874771-WOW,P18,test,GOLD_EXISTING_LEXICAL_OR_SENTENCE,194,194,1,0.9380365014076233,B02,1
asl_citizen:04482146862387171-WOW,asl_citizen:04482146862387171-WOW,P48,test,GOLD_EXISTING_LEXICAL_OR_SENTENCE,194,194,1,0.5959771871566772,B02,1
asl_citizen:19002120726939387-WOW,asl_citizen:19002120726939387-WOW,P22,test,GOLD_EXISTING_LEXICAL_OR_SENTENCE,194,194,1,0.9961501359939575,B02,1
asl_citizen:9779859732299716-WRISTWATCH,asl_citizen:9779859732299716-WRISTWATCH,P48,test,GOLD_EXISTING_LEXICAL_OR_SENTENCE,195,55,0,0.42772772908210754,B02,1
asl_citizen:8207812477575451-WRISTWATCH,asl_citizen:8207812477575451-WRISTWATCH,P15,test,GOLD_EXISTING_LEXICAL_OR_SENTENCE,195,51,0,0.9981986880302429,B02,1
asl_citizen:630240205784057-WRISTWATCH,asl_citizen:630240205784057-WRISTWATCH,P9,test,GOLD_EXISTING_LEXICAL_OR_SENTENCE,195,162,0,0.9407210350036621,B02,1
asl_citizen:17995917917470172-WRISTWATCH,asl_citizen:17995917917470172-WRISTWATCH,P35,test,GOLD_EXISTING_LEXICAL_OR_SENTENCE,195,195,1,0.92389976978302,B02,1
asl_citizen:7814690543239826-WRISTWATCH,asl_citizen:7814690543239826-WRISTWATCH,P49,test,GOLD_EXISTING_LEXICAL_OR_SENTENCE,195,195,1,0.5970287322998047,B02,1
asl_citizen:6675475386923464-WRISTWATCH,asl_citizen:6675475386923464-WRISTWATCH,P6,test,GOLD_EXISTING_LEXICAL_OR_SENTENCE,195,6,0,0.5259435176849365,B02,1
asl_citizen:465661876417766-WRISTWATCH,asl_citizen:465661876417766-WRISTWATCH,P47,test,GOLD_EXISTING_LEXICAL_OR_SENTENCE,195,195,1,0.9895785450935364,B02,1
asl_citizen:026570931268709908-WRISTWATCH,asl_citizen:026570931268709908-WRISTWATCH,P17,test,GOLD_EXISTING_LEXICAL_OR_SENTENCE,195,147,0,0.2760702669620514,B02,1
asl_citizen:7337335913981982-YAWN 4,asl_citizen:7337335913981982-YAWN 4,P47,test,GOLD_EXISTING_LEXICAL_OR_SENTENCE,196,196,1,0.9891601204872131,B02,1
asl_citizen:3754179661960846-YAWN 4,asl_citizen:3754179661960846-YAWN 4,P9,test,GOLD_EXISTING_LEXICAL_OR_SENTENCE,196,196,1,0.9931341409683228,B02,1
asl_citizen:4971006561882043-YAWN 4,asl_citizen:4971006561882043-YAWN 4,P42,test,GOLD_EXISTING_LEXICAL_OR_SENTENCE,196,196,1,0.9613510370254517,B02,1
asl_citizen:4797015473524757-YAWN 4,asl_citizen:4797015473524757-YAWN 4,P48,test,GOLD_EXISTING_LEXICAL_OR_SENTENCE,196,196,1,0.4075380265712738,B02,1
asl_citizen:18542409573081642-YAWN 4,asl_citizen:18542409573081642-YAWN 4,P17,test,GOLD_EXISTING_LEXICAL_OR_SENTENCE,196,196,1,0.9599493741989136,B02,1
asl_citizen:18719007765173634-YAWN 4,asl_citizen:18719007765173634-YAWN 4,P22,test,GOLD_EXISTING_LEXICAL_OR_SENTENCE,196,196,1,0.9953065514564514,B02,1
asl_citizen:48676189387398416-YAWN 4,asl_citizen:48676189387398416-YAWN 4,P18,test,GOLD_EXISTING_LEXICAL_OR_SENTENCE,196,196,1,0.9106143712997437,B02,1
asl_citizen:49859099958281616-YAWN 4,asl_citizen:49859099958281616-YAWN 4,P15,test,GOLD_EXISTING_LEXICAL_OR_SENTENCE,196,196,1,0.9545567035675049,B02,1
asl_citizen:08090451600558746-YEAR,asl_citizen:08090451600558746-YEAR,P9,test,GOLD_EXISTING_LEXICAL_OR_SENTENCE,197,184,0,0.48000556230545044,B02,1
asl_citizen:2330293199408191-YEAR,asl_citizen:2330293199408191-YEAR,P17,test,GOLD_EXISTING_LEXICAL_OR_SENTENCE,197,197,1,0.6545034646987915,B02,1
asl_citizen:2724933845029811-YEAR,asl_citizen:2724933845029811-YEAR,P35,test,GOLD_EXISTING_LEXICAL_OR_SENTENCE,197,27,0,0.5265491604804993,B02,1
asl_citizen:5420082138524283-YEAR,asl_citizen:5420082138524283-YEAR,P9,test,GOLD_EXISTING_LEXICAL_OR_SENTENCE,197,197,1,0.9371050000190735,B02,1
asl_citizen:3413515011784971-YEAR,asl_citizen:3413515011784971-YEAR,P18,test,GOLD_EXISTING_LEXICAL_OR_SENTENCE,197,197,1,0.8872056007385254,B02,1
asl_citizen:013886274329008907-YEAR,asl_citizen:013886274329008907-YEAR,P47,test,GOLD_EXISTING_LEXICAL_OR_SENTENCE,197,197,1,0.9200730919837952,B02,1
asl_citizen:756097656914722-YEAR,asl_citizen:756097656914722-YEAR,P42,test,GOLD_EXISTING_LEXICAL_OR_SENTENCE,197,27,0,0.4755709767341614,B02,1
asl_citizen:5991757826723607-YEAR,asl_citizen:5991757826723607-YEAR,P48,test,GOLD_EXISTING_LEXICAL_OR_SENTENCE,197,197,1,0.5411784648895264,B02,1
asl_citizen:28361232762737765-YOYO,asl_citizen:28361232762737765-YOYO,P47,test,GOLD_EXISTING_LEXICAL_OR_SENTENCE,198,198,1,0.9740912318229675,B02,1
asl_citizen:45146213031734517-YOYO,asl_citizen:45146213031734517-YOYO,P47,test,GOLD_EXISTING_LEXICAL_OR_SENTENCE,198,198,1,0.9601327776908875,B02,1
asl_citizen:11914875605500996-YOYO,asl_citizen:11914875605500996-YOYO,P9,test,GOLD_EXISTING_LEXICAL_OR_SENTENCE,198,198,1,0.9754369854927063,B02,1
asl_citizen:3440409218762699-YOYO,asl_citizen:3440409218762699-YOYO,P35,test,GOLD_EXISTING_LEXICAL_OR_SENTENCE,198,198,1,0.9413901567459106,B02,1
asl_citizen:5156306252274956-YOYO,asl_citizen:5156306252274956-YOYO,P22,test,GOLD_EXISTING_LEXICAL_OR_SENTENCE,198,198,1,0.87456876039505,B02,1
asl_citizen:9915818826533946-YOYO,asl_citizen:9915818826533946-YOYO,P49,test,GOLD_EXISTING_LEXICAL_OR_SENTENCE,198,198,1,0.9947344064712524,B02,1
asl_citizen:43594714917873434-YOYO,asl_citizen:43594714917873434-YOYO,P17,test,GOLD_EXISTING_LEXICAL_OR_SENTENCE,198,198,1,0.9100760817527771,B02,1
asl_citizen:4973716085033886-YOYO,asl_citizen:4973716085033886-YOYO,P48,test,GOLD_EXISTING_LEXICAL_OR_SENTENCE,198,198,1,0.9624319672584534,B02,1
asl_citizen:18681573078207636-ZIPPER,asl_citizen:18681573078207636-ZIPPER,P9,test,GOLD_EXISTING_LEXICAL_OR_SENTENCE,199,48,0,0.7795204520225525,B02,1
asl_citizen:8788811832101551-ZIPPER,asl_citizen:8788811832101551-ZIPPER,P47,test,GOLD_EXISTING_LEXICAL_OR_SENTENCE,199,199,1,0.4810350239276886,B02,1
asl_citizen:11865494552434197-ZIPPER,asl_citizen:11865494552434197-ZIPPER,P18,test,GOLD_EXISTING_LEXICAL_OR_SENTENCE,199,199,1,0.6818395853042603,B02,1
asl_citizen:0980294359113636-ZIPPER,asl_citizen:0980294359113636-ZIPPER,P17,test,GOLD_EXISTING_LEXICAL_OR_SENTENCE,199,48,0,0.3297366797924042,B02,1
asl_citizen:024041678740859274-ZIPPER,asl_citizen:024041678740859274-ZIPPER,P49,test,GOLD_EXISTING_LEXICAL_OR_SENTENCE,199,199,1,0.9863440990447998,B02,1
asl_citizen:39444334899161193-ZIPPER,asl_citizen:39444334899161193-ZIPPER,P22,test,GOLD_EXISTING_LEXICAL_OR_SENTENCE,199,199,1,0.9963597655296326,B02,1
asl_citizen:02496791690037914-ZIPPER,asl_citizen:02496791690037914-ZIPPER,P35,test,GOLD_EXISTING_LEXICAL_OR_SENTENCE,199,199,1,0.9597118496894836,B02,1
asl_citizen:7258187008264652-ZIPPER,asl_citizen:7258187008264652-ZIPPER,P42,test,GOLD_EXISTING_LEXICAL_OR_SENTENCE,199,199,1,0.9888733625411987,B02,1
